"Property Name","Property Code","Units","S8 Units","Portfolio Mgr","Regional VP","Regional CM","Contract Type","Last Renewal","Contract Exp","Contract Admin","Next UA Baseline","Paperwork Rec","Sent to HUD/CA","Conf by CA","Date to Order RCS","Due to HUD","Rent Increase","Increase Type","Notes"
"Rose Tower","90097","168","120","Mike McKee","","","Option 2","","07/01/2034","Kentucky Housing Corporation","","","","","01/01/2014","04/01/2014","07/01/2014","RCS","test test test"
"Rose Tower","90097","168","120","Mike McKee","","","Option 2","","07/01/2034","Kentucky Housing Corporation","","","","","01/01/2014","04/01/2014","07/01/2014","RCS",""
"Rose Tower","90097","168","120","Mike McKee","","","Option 2","","07/01/2034","Kentucky Housing Corporation","","","","","","04/01/2015","07/01/2015","OCAF",""
"Trees - Holly","90104","94","94","Claire Beatty","","","Option 2","","08/31/2035","Colorado Housing and Finance Authority","","","","","03/01/2015","06/01/2015","09/01/2015","RCS",""
"Rose Tower","90097","168","120","Mike McKee","","","Option 2","","07/01/2034","Kentucky Housing Corporation","","","","","","04/01/2016","07/01/2016","OCAF","test"
"Rose Tower","90097","168","120","Mike McKee","","","Option 2","","07/01/2034","Kentucky Housing Corporation","","","","","","04/01/2016","07/01/2016","OCAF",""
"Trees - Holly","90104","94","94","Claire Beatty","","","Option 2","","08/31/2035","Colorado Housing and Finance Authority","","","","","","06/01/2016","09/01/2016","OCAF","test"
"Trees - Holly","90104","94","94","Claire Beatty","","","Option 2","","08/31/2035","Colorado Housing and Finance Authority","","","","","","06/01/2016","09/01/2016","OCAF",""
"Trees - Maple","90105","83","83","Claire Beatty","","","Option 1","","06/30/2037","Colorado Housing and Finance Authority","","","","","01/01/2017","04/01/2017","07/01/2017","RCS","test"
"Rose Tower","90097","168","120","Mike McKee","","","Option 2","","07/01/2034","Kentucky Housing Corporation","","","","","","04/01/2017","07/01/2017","OCAF",""
"Trees - Maple","90105","83","83","Claire Beatty","","","Option 1","","06/30/2037","Colorado Housing and Finance Authority","","","","","01/01/2017","04/01/2017","07/01/2017","RCS",""
"Trees - Holly","90104","94","94","Claire Beatty","","","Option 2","","08/31/2035","Colorado Housing and Finance Authority","","","","","","06/01/2017","09/01/2017","OCAF",""
"Hershey Plaza","75587","216","215","Claire Beatty","","","Option 1","","05/31/2037","Pennsylvania Housing Finance Agency","","","","","","02/28/2018","05/31/2018","OCAF",""
"Rose Tower","90097","168","120","Mike McKee","","","Option 2","","07/01/2034","Kentucky Housing Corporation","","","","","","04/01/2018","07/01/2018","OCAF",""
"Trees - Maple","90105","83","83","Claire Beatty","","","Option 1","","06/30/2037","Colorado Housing and Finance Authority","","","","","","04/01/2018","07/01/2018","OCAF",""
"Trees - Holly","90104","94","94","Claire Beatty","","","Option 2","","08/31/2035","Colorado Housing and Finance Authority","","","","","","06/01/2018","09/01/2018","OCAF",""
"Luther Towers","90111","362","362","Claire Beatty","","","SPRAC","","11/30/2043","Delaware State Housing Authority","","","","","","10/01/2018","01/01/2019","Request",""
"Woodlake Apartments","75584","148","147","Elliot Kohanbash","","","Option 1","","10/31/2044","NJHMFA","","","","","","","01/01/2019","RCS",""
"Hershey Plaza","75587","216","215","Claire Beatty","","","Option 1","","05/31/2037","Pennsylvania Housing Finance Agency","","","","","","02/28/2019","05/31/2019","OCAF",""
"HDR Fund","90080","125","125","Tolga Ayberk","","","Option 2","","05/31/2031","LA LOMOD","","","","","12/01/2018","02/01/2019","06/01/2019","RCS",""
"Rose Tower","90097","168","120","Mike McKee","","","Option 2","","07/01/2034","Kentucky Housing Corporation","","","","","01/01/2019","04/01/2019","07/01/2019","RCS",""
"Trees - Maple","90105","83","83","Claire Beatty","","","Option 1","","06/30/2037","Colorado Housing and Finance Authority","","","","","","04/01/2019","07/01/2019","OCAF",""
"Trees - Holly","90104","94","94","Claire Beatty","","","Option 2","","08/31/2035","Colorado Housing and Finance Authority","","","","","","06/01/2019","09/01/2019","OCAF",""
"Terrace Ridge","90101","168","167","Claire Beatty","","","Option 1","","09/30/2029","Assisted Housing Services Corporation","","","","","04/01/2019","07/01/2019","10/01/2019","RCS",""
"Trees - Ash","90103","53","53","Claire Beatty","","","Option 1","","09/30/2039","Colorado Housing and Finance Authority","","","","","04/01/2019","07/01/2019","10/01/2019","RCS",""
"Tyler House","90006","284","284","Mike McKee","","","Option 2","","09/30/2031","Assisted Housing Services Corporation","","","","","","06/01/2019","10/01/2019","OCAF",""
"Harmon","75955","210","209","Matt Kim","","","Option 1","","10/31/2038","Assisted Housing Services Corporation","","","","","","07/01/2019","11/01/2019","OCAF",""
"Chestnut Park (Skyview)","75541","489","241","Matt Kim","","","RAD 2","","12/11/2038","HUD","","","","","","08/11/2019","12/11/2019","OCAF",""
"Olde English Village","75923","200","200","Matt Kim","","","Option 3","","12/17/2035","MassHousing","","","","","","08/18/2019","12/18/2019","OCAF",""
"Bastrop Oak Grove","90030","48","48","Tolga Ayberk","","","Option 4","","01/01/2039","Southwest Housing Compliance Corporation","","","","","","09/01/2019","01/01/2020","OCAF",""
"Faust Landmark Apartments","75532","200","200","Claire Beatty","","","RAD","","07/31/2025","Rockford Housing","","","","","","09/01/2019","01/01/2020","OCAF",""
"Hondo Brian Place","90037","40","40","Tolga Ayberk","","","Option 1","","01/01/2039","Southwest Housing Compliance Corporation","","","","","","09/01/2019","01/01/2020","OCAF",""
"Kirkwood House","79197","261","260","Matt Kim","","","Option 1","","12/31/2028","MDHCD","","","","","","09/01/2019","01/01/2020","OCAF",""
"Luther Towers","90111","362","362","Claire Beatty","","","SPRAC","","11/30/2043","Delaware State Housing Authority","","","","","","10/01/2019","01/01/2020","Request",""
"Shawnee Village","75901","120","120","Matt Kim","","","Option 1","","12/31/2033","Illinois Housing Development Authority","","","","","","09/01/2019","01/01/2020","OCAF",""
"Sycamore Ridge","75912","304","304","Elliot Kohanbash","","","Option 4","","01/01/2033","NJHMFA","","","","","","09/01/2019","01/01/2020","OCAF",""
"Woodlake Apartments","75584","148","147","Elliot Kohanbash","","","Option 1","","10/31/2044","NJHMFA","","","","","","","01/01/2020","OCAF",""
"Treemont Village","4640008","60","60","Elliot Kohanbash","","","Option 2","","01/01/2033","HUD","","","","","","09/02/2019","01/02/2020","OCAF",""
"Arlington Park","90022","130","130","Matt Kim","","","Option 1","","01/31/2037","Massachusetts Housing Finance Agency","","","","","","09/10/2019","01/10/2020","OCAF",""
"Washington Heights","75925","404","366","Matt Kim","","","Option 5","","01/30/2036","Massachusetts Housing Finance Agency","","","","","","09/15/2019","01/15/2020","OCAF",""
"Fullerton Court","75918","196","195","Matt Kim","","","Option 1","","01/25/2034","National Housing Compliance","","","","","07/26/2019","09/26/2019","01/26/2020","RCS",""
"Creekwood Apartments","75903","104","104","Matt Kim","","","Option 1","","01/31/2034","National Housing Compliance","","","","","","10/01/2019","02/01/2020","OCAF",""
"Ferncliff South","4640005","84","84","Claire Beatty","","","Option 2","","01/31/2038","Navigate Affordable Housing Partners","","","","","","10/01/2019","02/01/2020","OCAF",""
"Greenport","75468","366","364","Elliot Kohanbash","","","Option 1","","01/31/2029","CGI","","","","","","10/01/2019","02/01/2020","OCAF",""
"Sandburg Village","75902","128","128","Matt Kim","","","Option 4","","02/01/2034","National Housing Compliance","","","","","","10/01/2019","02/01/2020","OCAF",""
"The Woods","75491","57","57","Matt Kim","","","Option 2","","01/31/2034","National Housing Compliance","","","","","","10/01/2019","02/01/2020","OCAF",""
"Country Village","75904","104","104","Matt Kim","","","Option 1","","02/29/2036","National Housing Compliance","","","","","","11/01/2019","03/01/2020","OCAF",""
"Marshall Field","75911","628","628","Matt Kim","","","Option 1","","04/30/2035","National Housing Compliance","","","","","10/01/2019","12/01/2019","04/01/2020","RCS",""
"MORH Housing","75927","126","125","Tolga Ayberk","","","Original","","03/31/2036","CAHI","","","","","","12/01/2019","04/01/2020","OCAF",""
"Oak Center","75926","77","77","Tolga Ayberk","","","Option 1","","03/31/2036","CAHI","","","","","","12/01/2019","04/01/2020","OCAF",""
"Roosevelt Apartments","90020","114","113","Matt Kim","","","Option 3","","03/31/2026","CGI","","","","","","12/01/2019","04/01/2020","OCAF",""
"Southeast Towers","75494","107","106","Mike McKee","","","PBV","","03/31/2028","NYS Homes and Community Renewal","","","","","","12/01/2019","04/01/2020","Request",""
"Brook","90023","98","97","Elliot Kohanbash","","","Option 3","","03/31/2031","CGI","","","","","","12/01/2019","04/01/2020","OCAF",""
"Hazelwood Towers","75146","97","95","Claire Beatty","","","Option 3","","04/14/2025","Pennsylvania Housing Finance Agency","","","","","","12/15/2019","04/15/2020","OCAF",""
"North Park","75478","123","123","Matt Kim","","","Option 1","","04/18/2031","CGI","","","","","10/19/2019","12/19/2019","04/19/2020","RCS",""
"Malcolm Towers","90044","226","225","Elliot Kohanbash","","","Option 2","","04/30/2040","NJHMFA","","","","","10/28/2019","12/28/2019","04/28/2020","RCS",""
"Crossroads of New Brighton","75947","172","172","Mike McKee","","","Option 1","","04/30/2036","Minn Housing","","","","","","01/01/2020","05/01/2020","OCAF",""
"Crossroads of Shoreview","75948","44","44","Mike McKee","","","Option 2","","04/30/2036","Minn Housing","","","","","","01/01/2020","05/01/2020","OCAF",""
"Park Bluff","75951","186","185","Mike McKee","","","Option 1","","03/31/2035","Wisconsin Housing & Economic Development Authority","","","","","11/01/2019","01/01/2020","05/01/2020","RCS",""
"Sumler Terrace","4640014","126","126","Elliot Kohanbash","","","Option 1","","04/30/2037","Virginia Housing Development Authority","","","","","","01/01/2020","05/01/2020","OCAF",""
"Trees - Willow","90107","63","63","Claire Beatty","","","Option 1","","04/30/2040","Colorado Housing and Finance Authority","","","","","11/01/2019","02/01/2020","05/01/2020","RCS",""
"Fairview Homes","75920","136","135","Elliot Kohanbash","","","Option 2","","05/07/2035","NJHMFA","","","","","11/07/2019","01/07/2020","05/07/2020","RCS",""
"Hershey Plaza","75587","216","215","Claire Beatty","","","Option 1","","05/31/2037","Pennsylvania Housing Finance Agency","","","","","","02/28/2020","05/31/2020","OCAF",""
"Branford Manor","75930","442","441","Mike McKee","","","Option 1","","06/01/2037","Navigate Affordable Housing Partners","","","","","","02/01/2020","06/01/2020","OCAF",""
"Crossroads of Edina","75946","64","26","Mike McKee","","","Option 2","","05/31/2036","Minn Housing","","","","","","02/01/2020","06/01/2020","OCAF",""
"HDR Fund","90080","125","125","Tolga Ayberk","","","Option 2","","05/31/2031","LA LOMOD","","","","","","02/01/2020","06/01/2020","OCAF",""
"Northgate Terrace","75919","201","155","Tolga Ayberk","","","Option 2","","05/31/2035","CAHI","","","","","12/01/2019","02/01/2020","06/01/2020","RCS",""
"Parkside Houses","90017","180","122","Matt Kim","","","RAD","","05/31/2036","HUD","","","","","","02/01/2020","06/01/2020","OCAF",""
"Sandwich Manor","75444","90","89","Matt Kim","","","Option 1b","","07/01/2046","NHC","","","","","12/24/2019","02/24/2020","06/24/2020","RCS",""
"Burt Farms I","75109","51","50","Elliot Kohanbash","","","Option 1","","06/30/2029","CGI","","","","","","02/26/2020","06/26/2020","OCAF",""
"Oceanport Gardens","75563","101","100","Elliot Kohanbash","","","Option 1","","06/27/2039","NJHMFA","","","","","","02/28/2020","06/28/2020","OCAF",""
"Country Gardens","75118","58","57","Elliot Kohanbash","","","Option 4","","06/29/2026","CGI","","","","","","03/01/2020","06/30/2020","OCAF",""
"Marine Terrace","75922","497","441","Mike McKee","","","Option 1","","06/29/2036","CGI","","","","","","03/01/2020","06/30/2020","OCAF",""
"New Horizons","75474","48","47","Elliot Kohanbash","","","Option 1","","04/30/2030","CGI","","","","","","03/01/2020","06/30/2020","OCAF",""
"PJ Housing","75481","51","50","Matt Kim","","","Option 2","","06/29/2031","CGI","","","","","","03/01/2020","06/30/2020","OCAF",""
"Augustana Homes of East Bridgeport","75538","48","48","Mike McKee","","","PRAC","","","HUD CT","","","","","","03/01/2020","07/01/2020","EXPIRES",""
"Campbell Terrace","75547","249","249","Claire Beatty","","","Option 1","","06/30/2039","National Housing Compliance","","","","","","03/01/2020","07/01/2020","OCAF",""
"Crossroads of East Ravenswood","75936","124","124","Claire Beatty","","","Option 1","","06/30/2036","National Housing Compliance","","","","","","03/01/2020","07/01/2020","OCAF",""
"Fern","75466","205","204","Elliot Kohanbash","","","Option 1","","10/31/2028","Newark Filend Office - Region II","","","","","","03/01/2020","07/01/2020","OCAF",""
"Northgate Village","75542","168","168","Tolga Ayberk","","","Option 1","","06/30/2039","SWHA","","","","","","03/01/2020","07/01/2020","OCAF",""
"Rose Tower","90097","168","120","Mike McKee","","","Option 2","","07/01/2034","Kentucky Housing Corporation","","","","","","04/01/2020","07/01/2020","OCAF",""
"State Street","75929","51","51","Mike McKee","","","Option 5","","06/30/2036","Wisconsin Housing & Economic Development Authority","","","","","","03/01/2020","07/01/2020","Request",""
"Talcott Gardens","75145","85","84","Mike McKee","","","Option 3","","06/30/2029","HUD","","","","","","03/01/2020","07/01/2020","OCAF",""
"Trees - Maple","90105","83","83","Claire Beatty","","","Option 1","","06/30/2037","Colorado Housing and Finance Authority","","","","","","04/01/2020","07/01/2020","OCAF",""
"Woodland Towers","75934","104","104","Claire Beatty","","","Option 1","","06/30/2036","National Housing Compliance","","","","","","03/01/2020","07/01/2020","OCAF",""
"Walden","75921","89","89","Elliot Kohanbash","","","Option 1","","07/14/2035","CGI","","","","","01/15/2020","03/15/2020","07/15/2020","RCS",""
"Centennial Islands","75443","118","118","Matt Kim","","","Option 2","","07/31/2026","MassHousing","","","","","","04/01/2020","08/01/2020","OCAF",""
"Manhattan Plaza","75425","1689","1689","Claire Beatty","","","Option 1","","07/31/2037","HPD","","","","","","04/01/2020","08/01/2020","OCAF",""
"Squire Village","90099","51","50","Tolga Ayberk","","","Option 4","","07/31/2040","Colorado Housing and Finance Authority","","","","","02/01/2020","04/01/2020","08/01/2020","RCS",""
"Victory-Fiedler","75490","39","38","Elliot Kohanbash","","","PBV","","08/14/2027","NYCHPD","","","","","","04/15/2020","08/15/2020","Request",""
"529 West 29th Street","75345","139","139","Mike McKee","","","Option 1","","08/31/2034","CGI","","","","","","05/01/2020","09/01/2020","OCAF",""
"Clarendon Court","75546","152","152","Claire Beatty","","","Option 1","","08/31/2038","National Housing Compliance","","","","","","05/01/2020","09/01/2020","OCAF",""
"Garden House of River Oaks II","75935","145","145","Claire Beatty","","","Option 4","","08/31/2036","HUD","","","","","","05/01/2020","09/01/2020","OCAF",""
"Garden Vista","940001","150","149","Elliot Kohanbash","","","Option 1","","08/31/2034","CGI","","","","","","05/01/2020","09/01/2020","OCAF",""
"Gates Manor","75933","51","51","Claire Beatty","","","Option 1","","08/31/2036","National Housing Compliance","","","","","","05/01/2020","09/01/2020","OCAF",""
"Highland Falls","75456","51","51","Matt Kim","","","Option 2","","08/31/2030","CGI","","","","","03/01/2020","05/01/2020","09/01/2020","RCS",""
"Oaks on Lamar","75539","176","74","Tolga Ayberk","","","Option 1","","08/31/2038","SWHCC","","","","","","05/01/2020","09/01/2020","OCAF",""
"Peterson Plaza","75917","189","189","Mike McKee","","","Option 1","","08/31/2035","National Housing Compliance","","","","","03/01/2020","05/01/2020","09/01/2020","RCS",""
"Riverside Townhomes","75540","128","128","Tolga Ayberk","","","Option 1","","08/31/2038","SWHCC","","","","","","05/01/2020","09/01/2020","OCAF",""
"Trees - Holly","90104","94","94","Claire Beatty","","","Option 2","","08/31/2035","Colorado Housing and Finance Authority","","","","","03/01/2020","06/01/2020","09/01/2020","RCS",""
"Willow Woods","4640010","144","100","Mike McKee","","","Option 2","","08/31/2032","Navigate Affordable Housing Partners","","","","","","05/01/2020","09/01/2020","OCAF",""
"Parkway Gardens","75479","694","694","Matt Kim","","","Option 2","","06/20/2031","National Housing Compliance","","","","","","05/21/2020","09/21/2020","OCAF",""
"Holly House","75564","42","42","Elliot Kohanbash","","","Option 1","","09/23/2040","NJHMFA","","","","","03/24/2020","05/24/2020","09/24/2020","RCS",""
"Ashley Oaks","4640003","250","250","Matt Kim","","","RAD","","09/30/2036","HUD","","","","","","06/01/2020","10/01/2020","OCAF",""
"Canal Lock Apartments","75139","52","51","Elliot Kohanbash","","","Option 3","","09/30/2034","CGI","","","","","","06/01/2020","10/01/2020","OCAF",""
"Ferncliff North","4640012","144","144","Claire Beatty","","","Option 1","","09/30/2034","Navigate Affordable Housing Partners","","","","","","06/01/2020","10/01/2020","OCAF",""
"Greenacres","75484","101","100","Elliot Kohanbash","","","Option 3","","09/30/2027","CGI","","","","","","06/01/2020","10/01/2020","OCAF",""
"Hampshire House","75495","116","115","Elliot Kohanbash","","","Option 1","","09/30/2029","NJHMFA","","","","","","06/01/2020","10/01/2020","OCAF",""
"Lathrop Homes IA","75545","414","151","Mike McKee","","","PBV","","09/30/2037","Chicago Housing Authority","","","","","","06/01/2020","10/01/2020","Request",""
"Newman Village","4640002","99","99","Mike McKee","","","RAD","","09/30/2036","HUD","","","","","","06/01/2020","10/01/2020","OCAF",""
"Northcross Townhomes","2640001","99","99","Mike McKee","","","Option 1","","09/30/2039","North Carolina Housing Finance Agency","","","","","","06/01/2020","10/01/2020","OCAF",""
"Overlook","75458","100","99","Elliot Kohanbash","","","Option 3","","09/30/2034","CGI","","","","","","06/01/2020","10/01/2020","OCAF",""
"Terrace Ridge","90101","168","167","Claire Beatty","","","Option 1","","09/30/2029","Assisted Housing Services Corporation","","","","","","07/01/2020","10/01/2020","OCAF",""
"Tiffany Square","90102","52","52","Tolga Ayberk","","","Option 2","","09/30/2040","Colorado Housing and Finance Authority","","","","","","07/01/2020","10/01/2020","OCAF",""
"Trees - Ash","90103","53","53","Claire Beatty","","","Option 1","","09/30/2039","Colorado Housing and Finance Authority","","","","","","07/01/2020","10/01/2020","OCAF",""
"Village Park","75431","200","167","Matt Kim","","","Option 5","","09/30/2037","Massachusetts Housing Finance Agency","","","","","","06/01/2020","10/01/2020","OCAF",""
"Tyler House","90006","284","284","Mike McKee","","","Option 2","","09/30/2031","Assisted Housing Services Corporation","","","","","","06/01/2020","10/01/2020","OCAF",""
"Geneseo","75477","89","88","Matt Kim","","","Option 1","","10/03/2029","CGI","","","","","","06/04/2020","10/04/2020","OCAF",""
"Burt Farms II","75480","50","50","Elliot Kohanbash","","","Option 2","","07/31/2031","CGI","","","","","","06/16/2020","10/16/2020","OCAF",""
"McCarthy Manor","75469","176","176","Matt Kim","","","Option 2","","10/26/2030","New York State Housing Trust Fund Corporation","","","","","04/27/2020","06/27/2020","10/27/2020","RCS",""
"Augustana Homes of Fairfield","75537","15","15","Mike McKee","","","Option 1","","11/01/2037","Navigate Affordable Housing Partners","","","","","","07/01/2020","10/31/2020","OCAF",""
"Augustana Homes of Greenwich","75535","31","31","Mike McKee","","","Option 1","","10/31/2037","Navigate Affordable Housing Partners","","","","","","07/01/2020","10/31/2020","OCAF",""
"Allenhurst Apartments","90015","316","316","Matt Kim","","","RAD","","10/31/2039","HUD","","","","","","07/01/2020","11/01/2020","OCAF",""
"Alms Hill","75924","200","200","Matt Kim","","","Option 1","","10/31/2038","HUD","","","","","","07/01/2020","11/01/2020","OCAF",""
"Garden House of Park Forest","75937","145","145","Claire Beatty","","","Option 4","","10/31/2036","National Housing Compliance","","","","","","07/01/2020","11/01/2020","OCAF",""
"Harmon","75955","210","209","Matt Kim","","","Option 1","","10/31/2038","Assisted Housing Services Corporation","","","","","","07/01/2020","11/01/2020","OCAF",""
"Linwood Square","75953","200","200","Tolga Ayberk","","","Option 1","","10/31/2037","SWHCC","","","","","","07/01/2020","11/01/2020","OCAF",""
"Peppertree Heights","90018","101","100","Matt Kim","","","Option 1","","10/31/2030","NYSHFA","","","","","05/01/2020","07/01/2020","11/01/2020","RCS",""
"Phoenix Towers","75489","158","158","Claire Beatty","","","Option 1","","10/31/2033","National Housing Compliance","","","","","","07/01/2020","11/01/2020","OCAF",""
"Stephenville Crossing","75952","86","86","Tolga Ayberk","","","Option 1","","10/31/2037","SWHCC","","","","","","07/01/2020","11/01/2020","OCAF",""
"The Magnolia","75954","65","65","Tolga Ayberk","","","Option 2","","11/01/2037","TDHCA","","","","","","07/01/2020","11/01/2020","OCAF",""
"Van Nuys","7917579173","299","299","Tolga Ayberk","","","Option 3","","","LA LOMOD","","","","","","07/01/2020","11/01/2020","OCAF",""
"Mohican","75914","146","146","Mike McKee","","","Option 4","","11/17/2034","Connecticut Housing Finance Authority","","","","","","07/18/2020","11/18/2020","OCAF",""
"Washington Square West","79138","132","131","Mike McKee","","","Option 1","","11/22/2029","Pennsylvania Housing Finance Agency","","","","","","07/23/2020","11/23/2020","OCAF",""
"Essex-Phoenix","75497","145","144","Elliot Kohanbash","","","Option 4","","11/24/2033","NJHMFA","","","","","","07/25/2020","11/25/2020","OCAF",""
"Noble Tower","75543","195","195","Tolga Ayberk","","","Option 1","","11/30/2039","HUD (HAP)","","","","","","08/01/2020","12/01/2020","OCAF",""
"Oxford House","75487","156","156","Matt Kim","","","Option 2","","11/30/2031","National Housing Compliance","","","","","","08/01/2020","12/01/2020","OCAF",""
"Trees - Pine","90106","61","61","Claire Beatty","","","Option 1","","11/30/2040","Colorado Housing and Finance Authority","","","","","","09/01/2020","12/01/2020","OCAF",""
"Chestnut Park (Skyview)","75541","489","241","Matt Kim","","","RAD 2","","12/11/2038","HUD","","","","","","08/11/2020","12/11/2020","OCAF",""
"Olde English Village","75923","200","200","Matt Kim","","","Option 3","","12/17/2035","MassHousing","","","","","","08/18/2020","12/18/2020","OCAF",""
"Augustana Homes of Danbury","75533","40","40","Mike McKee","","","PRAC","","","HUD CT","","","","","","09/01/2020","01/01/2021","EXPIRES",""
"Bastrop Oak Grove","90030","48","48","Tolga Ayberk","","","Option 4","","01/01/2039","Southwest Housing Compliance Corporation","","","","","","09/01/2020","01/01/2021","OCAF",""
"Faust Landmark Apartments","75532","200","200","Claire Beatty","","","RAD","","07/31/2025","Rockford Housing","","","","","","09/01/2020","01/01/2021","OCAF",""
"Fields Ertel Townhouses","75548","55","55","Matt Kim","","","Option 1","","12/31/2039","Assisted Housing Services Corporation","","","","","","09/01/2020","01/01/2021","OCAF",""
"French Apartments","75116","174","174","Mike McKee","","","Option 1","","12/31/2035","CGI","","","","","07/01/2020","09/01/2020","01/01/2021","RCS",""
"Hondo Brian Place","90037","40","40","Tolga Ayberk","","","Option 1","","01/01/2039","Southwest Housing Compliance Corporation","","","","","","09/01/2020","01/01/2021","OCAF",""
"Kirkwood House","79197","261","260","Matt Kim","","","Option 1","","12/31/2028","MDHCD","","","","","","09/01/2020","01/01/2021","OCAF",""
"Luther Towers","90111","362","362","Claire Beatty","","","SPRAC","","11/30/2043","Delaware State Housing Authority","","","","","","10/01/2020","01/01/2021","Request",""
"Oaks on North Plaza","75544","62","62","Tolga Ayberk","","","Option 1","","12/31/2039","SWHCC","","","","","","09/01/2020","01/01/2021","OCAF",""
"Shawnee Village","75901","120","120","Matt Kim","","","Option 1","","12/31/2033","Illinois Housing Development Authority","","","","","","09/01/2020","01/01/2021","OCAF",""
"Southport Mews","75433","65","64","Matt Kim","","","Option 2","","10/31/2029","HUD","","","","","","09/01/2020","01/01/2021","OCAF",""
"Sycamore Ridge","75912","304","304","Elliot Kohanbash","","","Option 4","","01/01/2033","NJHMFA","","","","","","09/01/2020","01/01/2021","OCAF",""
"Woodlake Apartments","75584","148","147","Elliot Kohanbash","","","Option 1","","10/31/2044","NJHMFA","","","","","","","01/01/2021","OCAF",""
"Treemont Village","4640008","60","60","Elliot Kohanbash","","","Option 2","","01/01/2033","HUD","","","","","","09/02/2020","01/02/2021","OCAF",""
"Arlington Park","90022","130","130","Matt Kim","","","Option 1","","01/31/2037","Massachusetts Housing Finance Agency","","","","","","09/10/2020","01/10/2021","OCAF",""
"Washington Heights","75925","404","366","Matt Kim","","","Option 5","","01/30/2036","Massachusetts Housing Finance Agency","","","","","","09/15/2020","01/15/2021","OCAF",""
"Fullerton Court","75918","196","195","Matt Kim","","","Option 1","","01/25/2034","National Housing Compliance","","","","","","09/26/2020","01/26/2021","OCAF",""
"Augustana Homes of Jewett","75534","72","72","Mike McKee","","","PRAC","","","HUD CT","","","","","","10/01/2020","02/01/2021","EXPIRES",""
"Creekwood Apartments","75903","104","104","Matt Kim","","","Option 1","","01/31/2034","National Housing Compliance","","","","","","10/01/2020","02/01/2021","OCAF",""
"Ferncliff South","4640005","84","84","Claire Beatty","","","Option 2","","01/31/2038","Navigate Affordable Housing Partners","","","","","","10/01/2020","02/01/2021","OCAF",""
"Greenport","75468","366","364","Elliot Kohanbash","","","Option 1","","01/31/2029","CGI","","","","","","10/01/2020","02/01/2021","OCAF",""
"Sandburg Village","75902","128","128","Matt Kim","","","Option 4","","02/01/2034","National Housing Compliance","","","","","","10/01/2020","02/01/2021","OCAF",""
"Senior World","75500","100","100","Mike McKee","","","Option 2","","02/01/2031","MSHDA","","","","","08/01/2020","10/02/2020","02/01/2021","RCS",""
"The Woods","75491","57","57","Matt Kim","","","Option 2","","01/31/2034","National Housing Compliance","","","","","","10/01/2020","02/01/2021","OCAF",""
"Tompkins Terrace","79622","193","61","Claire Beatty","","","PBV","","02/01/2040","City of Beacon Housing Authority","","","","","","10/01/2021","02/01/2021","Request",""
"Country Village","75904","104","104","Matt Kim","","","Option 1","","02/29/2036","National Housing Compliance","","","","","09/01/2020","11/01/2020","03/01/2021","RCS",""
"Marshall Field","75911","628","628","Matt Kim","","","Option 1","","04/30/2035","National Housing Compliance","","","","","","12/01/2020","04/01/2021","OCAF",""
"MORH Housing","75927","126","125","Tolga Ayberk","","","Original","","03/31/2036","CAHI","","","","","10/01/2020","12/01/2020","04/01/2021","RCS",""
"Oak Center","75926","77","77","Tolga Ayberk","","","Option 1","","03/31/2036","CAHI","","","","","10/01/2020","12/01/2020","04/01/2021","RCS",""
"Riverwood","4640013","83","83","Mike McKee","","","Option 1","","03/31/2035","Navigate Affordable Housing Partners","","","","","","12/01/2020","04/01/2021","OCAF",""
"Roosevelt Apartments","90020","114","113","Matt Kim","","","Option 3","","03/31/2026","CGI","","","","","","12/01/2020","04/01/2021","OCAF",""
"Southeast Towers","75494","107","106","Mike McKee","","","PBV","","03/31/2028","NYS Homes and Community Renewal","","","","","","12/01/2020","04/01/2021","Request",""
"Brook","90023","98","97","Elliot Kohanbash","","","Option 3","","03/31/2031","CGI","","","","","","12/01/2020","04/01/2021","OCAF",""
"Hazelwood Towers","75146","97","95","Claire Beatty","","","Option 3","","04/14/2025","Pennsylvania Housing Finance Agency","","","","","","12/15/2020","04/15/2021","OCAF",""
"North Park","75478","123","123","Matt Kim","","","Option 1","","04/18/2031","CGI","","","","","","12/19/2020","04/19/2021","OCAF",""
"Malcolm Towers","90044","226","225","Elliot Kohanbash","","","Option 2","","04/30/2040","NJHMFA","","","","","","12/28/2020","04/28/2021","OCAF",""
"Crossroads of New Brighton","75947","172","172","Mike McKee","","","Option 1","","04/30/2036","Minn Housing","","","","","11/01/2020","01/01/2021","05/01/2021","RCS",""
"Crossroads of Shoreview","75948","44","44","Mike McKee","","","Option 2","","04/30/2036","Minn Housing","","","","","11/01/2020","01/01/2021","05/01/2021","RCS",""
"Park Bluff","75951","186","185","Mike McKee","","","Option 1","","03/31/2035","Wisconsin Housing & Economic Development Authority","","","","","","01/01/2021","05/01/2021","OCAF",""
"Sumler Terrace","4640014","126","126","Elliot Kohanbash","","","Option 1","","04/30/2037","Virginia Housing Development Authority","","","","","","01/01/2021","05/01/2021","OCAF",""
"Trees - Willow","90107","63","63","Claire Beatty","","","Option 1","","04/30/2040","Colorado Housing and Finance Authority","","","","","","02/01/2021","05/01/2021","OCAF",""
"Fairview Homes","75920","136","135","Elliot Kohanbash","","","Option 2","","05/07/2035","NJHMFA","","","","","","01/07/2021","05/07/2021","OCAF",""
"Hershey Plaza","75587","216","215","Claire Beatty","","","Option 1","","05/31/2037","Pennsylvania Housing Finance Agency","","","","","","02/28/2021","05/31/2021","OCAF",""
"Branford Manor","75930","442","441","Mike McKee","","","Option 1","","06/01/2037","Navigate Affordable Housing Partners","","","","","","02/01/2021","06/01/2021","OCAF",""
"Crossroads of Edina","75946","64","26","Mike McKee","","","Option 2","","05/31/2036","Minn Housing","","","","","12/01/2020","02/01/2021","06/01/2021","RCS",""
"HDR Fund","90080","125","125","Tolga Ayberk","","","Option 2","","05/31/2031","LA LOMOD","","","","","","02/01/2021","06/01/2021","OCAF",""
"Ingram Square","79193","120","120","Tolga Ayberk","","","Option 3","","06/30/2031","HUD (HAP)","","","","","","02/01/2021","06/01/2021","OCAF",""
"Northgate Terrace","75919","201","155","Tolga Ayberk","","","Option 2","","05/31/2035","CAHI","","","","","","02/01/2021","06/01/2021","OCAF",""
"Oaks on Clark","79602","80","80","Tolga Ayberk","","","Option 2","","05/31/2040","SWHCC","","","","","","02/01/2021","06/01/2021","OCAF",""
"Parkside Houses","90017","180","122","Matt Kim","","","RAD","","05/31/2036","HUD","","","","","","02/01/2021","06/01/2021","OCAF",""
"Sandwich Manor","75444","90","89","Matt Kim","","","Option 1b","","07/01/2046","NHC","","","","","","02/24/2021","06/24/2021","OCAF",""
"Burt Farms I","75109","51","50","Elliot Kohanbash","","","Option 1","","06/30/2029","CGI","","","","","","02/26/2021","06/26/2021","OCAF",""
"Oceanport Gardens","75563","101","100","Elliot Kohanbash","","","Option 1","","06/27/2039","NJHMFA","","","","","","02/28/2021","06/28/2021","OCAF",""
"Country Gardens","75118","58","57","Elliot Kohanbash","","","Option 4","","06/29/2026","CGI","","","","","","03/01/2021","06/30/2021","OCAF",""
"Marine Terrace","75922","497","441","Mike McKee","","","Option 1","","06/29/2036","CGI","","","","","12/30/2020","03/01/2021","06/30/2021","RCS",""
"New Horizons","75474","48","47","Elliot Kohanbash","","","Option 1","","04/30/2030","CGI","","","","","","03/01/2021","06/30/2021","OCAF",""
"PJ Housing","75481","51","50","Matt Kim","","","Option 2","","06/29/2031","CGI","","","","","12/30/2020","03/01/2021","06/30/2021","RCS",""
"333 Holly","75704","332","139","Tolga Ayberk","","","Option 1","","06/30/2040","SWHCC","","","","","","03/01/2021","07/01/2021","OCAF",""
"Augustana Homes of East Bridgeport","75538","48","48","Mike McKee","","","PRAC","","","HUD CT","","","","","","03/01/2021","07/01/2021","EXPIRES",""
"Campbell Terrace","75547","249","249","Claire Beatty","","","Option 1","","06/30/2039","National Housing Compliance","","","","","","03/01/2021","07/01/2021","OCAF",""
"Crossroads of East Ravenswood","75936","124","124","Claire Beatty","","","Option 1","","06/30/2036","National Housing Compliance","","","","","01/01/2021","03/01/2021","07/01/2021","RCS",""
"Fern","75466","205","204","Elliot Kohanbash","","","Option 1","","10/31/2028","Newark Filend Office - Region II","","","","","","03/01/2021","07/01/2021","OCAF",""
"Northgate Village","75542","168","168","Tolga Ayberk","","","Option 1","","06/30/2039","SWHA","","","","","","03/01/2021","07/01/2021","OCAF",""
"Rose Tower","90097","168","120","Mike McKee","","","Option 2","","07/01/2034","Kentucky Housing Corporation","","","","","","04/01/2021","07/01/2021","OCAF",""
"State Street","75929","51","51","Mike McKee","","","Option 5","","06/30/2036","Wisconsin Housing & Economic Development Authority","","","","","","03/01/2021","07/01/2021","Request",""
"Talcott Gardens","75145","85","84","Mike McKee","","","Option 3","","06/30/2029","HUD","","","","","","03/01/2021","07/01/2021","OCAF",""
"The Pines","75705","152","152","Tolga Ayberk","","","Option 1","","06/30/2040","SWHCC","","","","","","03/01/2021","07/01/2021","OCAF",""
"Trees - Maple","90105","83","83","Claire Beatty","","","Option 1","","06/30/2037","Colorado Housing and Finance Authority","","","","","","04/01/2021","07/01/2021","OCAF",""
"Woodland Towers","75934","104","104","Claire Beatty","","","Option 1","","06/30/2036","National Housing Compliance","","","","","01/01/2021","03/01/2021","07/01/2021","RCS",""
"Walden","75921","89","89","Elliot Kohanbash","","","Option 1","","07/14/2035","CGI","","","","","","03/15/2021","07/15/2021","OCAF",""
"Centennial Islands","75443","118","118","Matt Kim","","","Option 2","","07/31/2026","MassHousing","","","","","02/01/2021","04/01/2021","08/01/2021","RCS",""
"Manhattan Plaza","75425","1689","1689","Claire Beatty","","","Option 1","","07/31/2037","HPD","","","","","","04/01/2021","08/01/2021","OCAF",""
"Northpoint","79603","304","304","Claire Beatty","","","Option 1","","07/31/2040","National Housing Compliance","","","","","","04/01/2021","08/01/2021","OCAF",""
"Squire Village","90099","51","50","Tolga Ayberk","","","Option 4","","07/31/2040","Colorado Housing and Finance Authority","","","","","","04/01/2021","08/01/2021","OCAF",""
"Westwood Village","4640009","","","","","","","","","","","","","","","04/01/2021","08/01/2021","OCAF",""
"Woodbury Oakwood","75488","96","96","Elliot Kohanbash","","","Option 2","","08/31/2028","NJHMFA","","","","","","04/05/2021","08/05/2021","OCAF",""
"Victory-Fiedler","75490","39","38","Elliot Kohanbash","","","PBV","","08/14/2027","NYCHPD","","","","","","04/15/2021","08/15/2021","Request",""
"529 West 29th Street","75345","139","139","Mike McKee","","","Option 1","","08/31/2034","CGI","","","","","","05/01/2021","09/01/2021","OCAF",""
"Clarendon Court","75546","152","152","Claire Beatty","","","Option 1","","08/31/2038","National Housing Compliance","","","","","","05/01/2021","09/01/2021","OCAF",""
"Garden House of River Oaks II","75935","145","145","Claire Beatty","","","Option 4","","08/31/2036","HUD","","","","","","05/01/2021","09/01/2021","OCAF",""
"Garden Vista","940001","150","149","Elliot Kohanbash","","","Option 1","","08/31/2034","CGI","","","","","","05/01/2021","09/01/2021","OCAF",""
"Gates Manor","75933","51","51","Claire Beatty","","","Option 1","","08/31/2036","National Housing Compliance","","","","","03/01/2021","05/01/2021","09/01/2021","RCS",""
"Highland Falls","75456","51","51","Matt Kim","","","Option 2","","08/31/2030","CGI","","","","","","05/01/2021","09/01/2021","OCAF",""
"Oaks on Lamar","75539","176","74","Tolga Ayberk","","","Option 1","","08/31/2038","SWHCC","","","","","","05/01/2021","09/01/2021","OCAF",""
"Peterson Plaza","75917","189","189","Mike McKee","","","Option 1","","08/31/2035","National Housing Compliance","","","","","","05/01/2021","09/01/2021","OCAF",""
"Riverside Townhomes","75540","128","128","Tolga Ayberk","","","Option 1","","08/31/2038","SWHCC","","","","","","05/01/2021","09/01/2021","OCAF",""
"The Biltmore Towers","79601","230","230","Matt Kim","","","Option 3","","08/31/2040","Assisted Housing Services Corporation","","","","","","05/01/2021","09/01/2021","OCAF",""
"Trees - Holly","90104","94","94","Claire Beatty","","","Option 2","","08/31/2035","Colorado Housing and Finance Authority","","","","","","06/01/2021","09/01/2021","OCAF",""
"Willow Woods","4640010","144","100","Mike McKee","","","Option 2","","08/31/2032","Navigate Affordable Housing Partners","","","","","","05/01/2021","09/01/2021","OCAF",""
"Parkway Gardens","75479","694","694","Matt Kim","","","Option 2","","06/20/2031","National Housing Compliance","","","","","","05/21/2021","09/21/2021","OCAF",""
"Holly House","75564","42","42","Elliot Kohanbash","","","Option 1","","09/23/2040","NJHMFA","","","","","","05/24/2021","09/24/2021","OCAF",""
"Alaska House","90045","105","105","Tolga Ayberk","","","Option 1","","09/30/2040","Bremerton Housing Authority","","","","","","06/01/2021","10/01/2021","OCAF",""
"Ashley Oaks","4640003","250","250","Matt Kim","","","RAD","","09/30/2036","HUD","","","","","","06/01/2021","10/01/2021","OCAF",""
"Canal Lock Apartments","75139","52","51","Elliot Kohanbash","","","Option 3","","09/30/2034","CGI","","","","","","06/01/2021","10/01/2021","OCAF",""
"Ferncliff North","4640012","144","144","Claire Beatty","","","Option 1","","09/30/2034","Navigate Affordable Housing Partners","","","","","","06/01/2021","10/01/2021","OCAF",""
"Greenacres","75484","101","100","Elliot Kohanbash","","","Option 3","","09/30/2027","CGI","","","","","","06/01/2021","10/01/2021","RCS",""
"Hampshire House","75495","116","115","Elliot Kohanbash","","","Option 1","","09/30/2029","NJHMFA","","","","","","06/01/2021","10/01/2021","OCAF",""
"Lathrop Homes IA","75545","414","151","Mike McKee","","","PBV","","09/30/2037","Chicago Housing Authority","","","","","","06/01/2021","10/01/2021","Request",""
"Newman Village","4640002","99","99","Mike McKee","","","RAD","","09/30/2036","HUD","","","","","","06/01/2021","10/01/2021","OCAF",""
"Northcross Townhomes","2640001","99","99","Mike McKee","","","Option 1","","09/30/2039","North Carolina Housing Finance Agency","","","","","","06/01/2021","10/01/2021","OCAF",""
"Overlook","75458","100","99","Elliot Kohanbash","","","Option 3","","09/30/2034","CGI","","","","","","06/01/2021","10/01/2021","OCAF",""
"Terrace Ridge","90101","168","167","Claire Beatty","","","Option 1","","09/30/2029","Assisted Housing Services Corporation","","","","","","07/01/2021","10/01/2021","OCAF",""
"Tiffany Square","90102","52","52","Tolga Ayberk","","","Option 2","","09/30/2040","Colorado Housing and Finance Authority","","","","","","07/01/2021","10/01/2021","OCAF",""
"Trees - Ash","90103","53","53","Claire Beatty","","","Option 1","","09/30/2039","Colorado Housing and Finance Authority","","","","","","07/01/2021","10/01/2021","OCAF",""
"Universal City","75565","160","159","Claire Beatty","","","Option 3","","09/30/2037","National Housing Compliance","","","","","","06/01/2021","10/01/2021","OCAF",""
"Village Park","75431","200","167","Matt Kim","","","Option 5","","09/30/2037","Massachusetts Housing Finance Agency","","","","","","06/01/2021","10/01/2021","OCAF",""
"Winter Garden","79609","112","112","Claire Beatty","","","Option 1","","10/21/2041","Missouri Housing Development Commission","","","","","04/01/2021","07/01/2021","10/01/2021","RCS",""
"Tyler House","90006","284","284","Mike McKee","","","Option 2","","09/30/2031","Assisted Housing Services Corporation","","","","","04/01/2021","06/01/2021","10/01/2021","RCS",""
"Geneseo","75477","89","88","Matt Kim","","","Option 1","","10/03/2029","CGI","","","","","","06/04/2021","10/04/2021","OCAF",""
"Burt Farms II","75480","50","50","Elliot Kohanbash","","","Option 2","","07/31/2031","CGI","","","","","","06/16/2021","10/16/2021","OCAF",""
"McCarthy Manor","75469","176","176","Matt Kim","","","Option 2","","10/26/2030","New York State Housing Trust Fund Corporation","","","","","","06/27/2021","10/27/2021","OCAF",""
"Augustana Homes of Fairfield","75537","15","15","Mike McKee","","","Option 1","","11/01/2037","Navigate Affordable Housing Partners","","","","","","07/01/2021","10/31/2021","OCAF",""
"Augustana Homes of Greenwich","75535","31","31","Mike McKee","","","Option 1","","10/31/2037","Navigate Affordable Housing Partners","","","","","","07/01/2021","10/31/2021","OCAF",""
"Allenhurst Apartments","90015","316","316","Matt Kim","","","RAD","","10/31/2039","HUD","","","","","","07/01/2021","11/01/2021","OCAF",""
"Alms Hill","75924","200","200","Matt Kim","","","Option 1","","10/31/2038","HUD","","","","","","07/01/2021","11/01/2021","OCAF",""
"Garden House of Park Forest","75937","145","145","Claire Beatty","","","Option 4","","10/31/2036","National Housing Compliance","","","","","","07/01/2021","11/01/2021","OCAF",""
"Harmon","75955","210","209","Matt Kim","","","Option 1","","10/31/2038","Assisted Housing Services Corporation","","","","","","07/01/2021","11/01/2021","OCAF",""
"Linwood Square","75953","200","200","Tolga Ayberk","","","Option 1","","10/31/2037","SWHCC","","","","","","07/01/2021","11/01/2021","OCAF",""
"Peppertree Heights","90018","101","100","Matt Kim","","","Option 1","","10/31/2030","NYSHFA","","","","","","07/01/2021","11/01/2021","OCAF",""
"Phoenix Towers","75489","158","158","Claire Beatty","","","Option 1","","10/31/2033","National Housing Compliance","","","","","","07/01/2021","11/01/2021","OCAF",""
"Stephenville Crossing","75952","86","86","Tolga Ayberk","","","Option 1","","10/31/2037","SWHCC","","","","","","07/01/2021","11/01/2021","OCAF",""
"The Magnolia","75954","65","65","Tolga Ayberk","","","Option 2","","11/01/2037","TDHCA","","","","","","07/01/2021","11/01/2021","OCAF",""
"Van Nuys","7917579173","299","299","Tolga Ayberk","","","Option 3","","","LA LOMOD","","","","","","07/01/2021","11/01/2021","OCAF",""
"Mohican","75914","146","146","Mike McKee","","","Option 4","","11/17/2034","Connecticut Housing Finance Authority","","","","","","07/18/2021","11/18/2021","OCAF",""
"Washington Square West","79138","132","131","Mike McKee","","","Option 1","","11/22/2029","Pennsylvania Housing Finance Agency","","","","","","07/23/2021","11/23/2021","OCAF",""
"Essex-Phoenix","75497","145","144","Elliot Kohanbash","","","Option 4","","11/24/2033","NJHMFA","","","","","","07/25/2021","11/25/2021","OCAF",""
"Asbury Park","90048","44","43","Tolga Ayberk","","","Option 1","","11/30/2040","Colorado Housing and Finance Authority","","","","","","08/01/2021","12/01/2021","OCAF",""
"Noble Tower","75543","195","195","Tolga Ayberk","","","Option 1","","11/30/2039","HUD (HAP)","","","","","","08/01/2021","12/01/2021","OCAF",""
"Oak Forest","90089","64","64","Mike McKee","","","Option 1","","11/30/2029","S.C. State Housing Finance and Development Authority","","","","","","08/01/2021","12/01/2021","OCAF",""
"Oxford House","75487","156","156","Matt Kim","","","Option 2","","11/30/2031","National Housing Compliance","","","","","06/01/2021","08/01/2021","12/01/2021","RCS",""
"Park Place","79611","242","242","Claire Beatty","","","Option 1","","10/21/2041","Missouri Housing Development Commission","","","","","06/01/2021","08/01/2021","12/01/2021","RCS",""
"Trees - Pine","90106","61","61","Claire Beatty","","","Option 1","","11/30/2040","Colorado Housing and Finance Authority","","","","","","09/01/2021","12/01/2021","OCAF",""
"Ebony Gardens","75566","144","144","Claire Beatty","","","Option 1","","12/31/2040","CGI","","","","","","08/08/2021","12/08/2021","OCAF",""
"Chestnut Park (Skyview)","75541","489","241","Matt Kim","","","RAD 2","","12/11/2038","HUD","","","","","","08/11/2021","12/11/2021","OCAF",""
"Olde English Village","75923","200","200","Matt Kim","","","Option 3","","12/17/2035","MassHousing","","","","","","08/18/2021","12/18/2021","OCAF",""
"Augustana Homes of Danbury","75533","40","40","Mike McKee","","","PRAC","","","HUD CT","","","","","","09/01/2021","01/01/2022","EXPIRES",""
"Bastrop Oak Grove","90030","48","48","Tolga Ayberk","","","Option 4","","01/01/2039","Southwest Housing Compliance Corporation","","","","","","09/01/2021","01/01/2022","OCAF",""
"Clinton Manor","75830","60","60","Mike McKee","","","Option 1","","12/31/2040","SC Housing","","","","","","09/01/2021","01/01/2022","OCAF",""
"Courthouse Square","90055","171","171","Tolga Ayberk","","","Option 1","","12/31/2039","Colorado Housing and Finance Authority","","","","","","09/01/2021","01/01/2022","OCAF",""
"Faust Landmark Apartments","75532","200","200","Claire Beatty","","","RAD","","07/31/2025","Rockford Housing","","","","","","09/01/2021","01/01/2022","OCAF",""
"Fields Ertel Townhouses","75548","55","55","Matt Kim","","","Option 1","","12/31/2039","Assisted Housing Services Corporation","","","","","","09/01/2021","01/01/2022","OCAF",""
"French Apartments","75116","174","174","Mike McKee","","","Option 1","","12/31/2035","CGI","","","","","","09/01/2021","01/01/2022","OCAF",""
"Friendship Court","75831","80","80","Mike McKee","","","Option 2","","12/31/2040","SC State Housing","","","","","","09/01/2021","01/01/2022","OCAF",""
"Hondo Brian Place","90037","40","40","Tolga Ayberk","","","Option 1","","01/01/2039","Southwest Housing Compliance Corporation","","","","","","09/01/2021","01/01/2022","OCAF",""
"International House","90076","99","98","Tolga Ayberk","","","Option 1","","12/31/2037","Bremerton Housing Authority","","","","","","09/01/2021","01/01/2022","OCAF",""
"IOOF Tower","90077","28","28","Tolga Ayberk","","","Option 1","","12/31/2040","Bremerton Housing Authority","","","","","","09/01/2021","01/01/2022","OCAF",""
"Kirkwood House","79197","261","260","Matt Kim","","","Option 1","","12/31/2028","MDHCD","","","","","","09/01/2021","01/01/2022","OCAF",""
"Luther Towers","90111","362","362","Claire Beatty","","","SPRAC","","11/30/2043","Delaware State Housing Authority","","","","","","10/01/2021","01/01/2022","Request",""
"Newberry Arms","75832","60","60","Mike McKee","","","Option 1","","12/31/2040","SC State Housing","","","","","","09/01/2021","01/01/2022","OCAF",""
"Oaks on North Plaza","75544","62","62","Tolga Ayberk","","","Option 1","","12/31/2039","SWHCC","","","","","","09/01/2021","01/01/2022","OCAF",""
"Rip Van Winkle","90095","179","178","Matt Kim","","","","","05/31/2045","CGI","","","","","","09/01/2021","01/01/2022","OCAF",""
"Shawnee Village","75901","120","120","Matt Kim","","","Option 1","","12/31/2033","Illinois Housing Development Authority","","","","","","09/01/2021","01/01/2022","OCAF",""
"Southport Mews","75433","65","64","Matt Kim","","","Option 2","","10/31/2029","HUD","","","","","","09/01/2021","01/01/2022","OCAF",""
"Sycamore Ridge","75912","304","304","Elliot Kohanbash","","","Option 4","","01/01/2033","NJHMFA","","","","","","09/01/2021","01/01/2022","OCAF",""
"Woodlake Apartments","75584","148","147","Elliot Kohanbash","","","Option 1","","10/31/2044","NJHMFA","","","","","","","01/01/2022","OCAF",""
"Hill Country Villas","HCV1","51","51","Tolga Ayberk","","","Option 1","","02/01/2034","HUD","","","","","07/01/2021","08/01/2021","01/01/2022","RCS",""
"Treemont Village","4640008","60","60","Elliot Kohanbash","","","Option 2","","01/01/2033","HUD","","","","","","09/02/2021","01/02/2022","OCAF",""
"Halcyon House","90067","197","197","Tolga Ayberk","","","Option 1","","01/03/2036","Colorado Housing and Finance Authority","","","","","","09/04/2021","01/04/2022","OCAF",""
"Arlington Park","90022","130","130","Matt Kim","","","Option 1","","01/31/2037","Massachusetts Housing Finance Agency","","","","","07/10/2021","09/10/2021","01/10/2022","RCS",""
"Washington Heights","75925","404","366","Matt Kim","","","Option 5","","01/30/2036","Massachusetts Housing Finance Agency","","","","","","09/15/2021","01/15/2022","OCAF",""
"Fullerton Court","75918","196","195","Matt Kim","","","Option 1","","01/25/2034","National Housing Compliance","","","","","","09/26/2021","01/26/2022","OCAF",""
"Augustana Homes of Jewett","75534","72","72","Mike McKee","","","PRAC","","","HUD CT","","","","","","10/01/2021","02/01/2022","EXPIRES",""
"Circle Park Apartments","75833","418","239","Claire Beatty","","","Original","","01/31/2041","National Housing Compliance","","","","","","10/01/2021","02/01/2022","OCAF",""
"Creekwood Apartments","75903","104","104","Matt Kim","","","Option 1","","01/31/2034","National Housing Compliance","","","","","","10/01/2021","02/01/2022","OCAF",""
"Fairview Gardens","90059","160","160","Mike McKee","","","Option 1","","01/31/2038","S.C. State Housing Finance and Development Authority","","","","","","10/01/2021","02/01/2022","OCAF",""
"Ferncliff South","4640005","84","84","Claire Beatty","","","Option 2","","01/31/2038","Navigate Affordable Housing Partners","","","","","","10/01/2021","02/01/2022","OCAF",""
"Greenport","75468","366","364","Elliot Kohanbash","","","Option 1","","01/31/2029","CGI","","","","","","10/01/2021","02/01/2022","OCAF",""
"Sandburg Village","75902","128","128","Matt Kim","","","Option 4","","02/01/2034","National Housing Compliance","","","","","","10/01/2021","02/01/2022","OCAF",""
"Senior World","75500","100","100","Mike McKee","","","Option 2","","02/01/2031","MSHDA","","","","","","10/02/2021","02/01/2022","OCAF",""
"The Woods","75491","57","57","Matt Kim","","","Option 2","","01/31/2034","National Housing Compliance","","","","","","10/01/2021","02/01/2022","OCAF",""
"Tompkins Terrace","79622","193","61","Claire Beatty","","","PBV","","02/01/2040","City of Beacon Housing Authority","","","","","","10/01/2022","02/01/2022","Request",""
"Market Square","75568","76","75","Mike McKee","","","Option 1","","02/03/2041","Navigate Affordable Housing Partners","","","","","","10/04/2021","02/04/2022","OCAF",""
"Country Village","75904","104","104","Matt Kim","","","Option 1","","02/29/2036","National Housing Compliance","","","","","","11/01/2021","03/01/2022","OCAF",""
"Barnum House","75569","84","83","Mike McKee","","","Option 1","","03/31/2041","Navigate Affordable Housing Partners","","","","","","12/01/2021","04/01/2022","OCAF",""
"Bella Vista","79605","100","100","Tolga Ayberk","","","Option 1","","03/31/2041","Southwest Housing Compliance Corporation","","","","","","01/01/2022","04/01/2022","OCAF",""
"Hilltop","90072","77","77","Tolga Ayberk","","","Option 1","","03/31/2024","Colorado Housing and Finance Authority","","","","","","12/01/2021","04/01/2022","OCAF",""
"Mapleview Towers","75567","101","100","Mike McKee","","","Option 1","","03/31/2041","Navigate Affordable Housing Partners","","","","","","12/01/2021","04/01/2022","OCAF",""
"Marshall Field","75911","628","628","Matt Kim","","","Option 1","","04/30/2035","National Housing Compliance","","","","","","12/01/2021","04/01/2022","OCAF",""
"Montview Heights","90084","50","50","Tolga Ayberk","","","Option 1","","03/31/2040","Colorado Housing and Finance Authority","","","","","","12/01/2021","04/01/2022","OCAF",""
"MORH Housing","75927","126","125","Tolga Ayberk","","","Original","","03/31/2036","CAHI","","","","","","12/01/2021","04/01/2022","OCAF",""
"Oak Center","75926","77","77","Tolga Ayberk","","","Option 1","","03/31/2036","CAHI","","","","","","12/01/2021","04/01/2022","OCAF",""
"Riverwood","4640013","83","83","Mike McKee","","","Option 1","","03/31/2035","Navigate Affordable Housing Partners","","","","","","12/01/2021","04/01/2022","OCAF",""
"Roosevelt Apartments","90020","114","113","Matt Kim","","","Option 3","","03/31/2026","CGI","","","","","","12/01/2021","04/01/2022","OCAF",""
"Spring Creek","75828","137","137","Matt Kim","","","Option 1","","03/31/2041","National Housing Compliance","","","","","","12/01/2021","04/01/2022","OCAF",""
"Brook","90023","98","97","Elliot Kohanbash","","","Option 3","","03/31/2031","CGI","","","","","","12/01/2021","04/01/2022","OCAF",""
"Hazelwood Towers","75146","97","95","Claire Beatty","","","Option 3","","04/14/2025","Pennsylvania Housing Finance Agency","","","","","","12/15/2021","04/15/2022","OCAF",""
"North Park","75478","123","123","Matt Kim","","","Option 1","","04/18/2031","CGI","","","","","","12/19/2021","04/19/2022","OCAF",""
"Malcolm Towers","90044","226","225","Elliot Kohanbash","","","Option 2","","04/30/2040","NJHMFA","","","","","","12/28/2021","04/28/2022","OCAF",""
"Crossroads of New Brighton","75947","172","172","Mike McKee","","","Option 1","","04/30/2036","Minn Housing","","","","","","01/01/2022","05/01/2022","OCAF",""
"Crossroads of Shoreview","75948","44","44","Mike McKee","","","Option 2","","04/30/2036","Minn Housing","","","","","","01/01/2022","05/01/2022","OCAF",""
"Park Bluff","75951","186","185","Mike McKee","","","Option 1","","03/31/2035","Wisconsin Housing & Economic Development Authority","","","","","","01/01/2022","05/01/2022","OCAF",""
"Pineview at Grogran's Mill","79606","300","300","Tolga Ayberk","","","Option 1","","04/30/2041","SWHCC","","","","","","01/01/2022","05/01/2022","OCAF",""
"Ridgewood at Panther Creek","79607","300","300","Tolga Ayberk","","","Option 1","","04/30/2041","SWHCC","","","","","","01/01/2022","05/01/2022","OCAF",""
"Shiloh Village","75572","168","168","Tolga Ayberk","","","Option 1","","05/01/2041","SWHCC","","","","","","01/01/2022","05/01/2022","OCAF",""
"Shoreline Plaza Apartments","79604","230","187","Mike McKee","","","Option 1","","04/30/2041","Minnesota Housing Finance Agency","","","","","","01/01/2023","05/01/2022","OCAF",""
"Sumler Terrace","4640014","126","126","Elliot Kohanbash","","","Option 1","","04/30/2037","Virginia Housing Development Authority","","","","","11/01/2021","01/01/2022","05/01/2022","RCS",""
"Trees - Willow","90107","63","63","Claire Beatty","","","Option 1","","04/30/2040","Colorado Housing and Finance Authority","","","","","","02/01/2022","05/01/2022","OCAF",""
"Fairview Homes","75920","136","135","Elliot Kohanbash","","","Option 2","","05/07/2035","NJHMFA","","","","","","01/07/2022","05/07/2022","OCAF",""
"Hershey Plaza","75587","216","215","Claire Beatty","","","Option 1","","05/31/2037","Pennsylvania Housing Finance Agency","","","","","05/31/2022","02/28/2022","05/31/2022","RCS",""
"Bannock Arms","90051","66","66","Tolga Ayberk","","","Option 1","","05/31/2039","Idaho Housing and Finance Association","","","","","","02/01/2022","06/01/2022","OCAF",""
"Branford Manor","75930","442","441","Mike McKee","","","Option 1","","06/01/2037","Navigate Affordable Housing Partners","","","","","12/01/2021","02/01/2022","06/01/2022","RCS",""
"Country Club Heights","79612","200","120","Claire Beatty","","","RAD","","04/01/2041","Quincy PHA","","","","","","02/01/2022","06/01/2022","OCAF",""
"Crossroads of Edina","75946","64","26","Mike McKee","","","Option 2","","05/31/2036","Minn Housing","","","","","","02/01/2022","06/01/2022","OCAF",""
"HDR Fund","90080","125","125","Tolga Ayberk","","","Option 2","","05/31/2031","LA LOMOD","","","","","","02/01/2022","06/01/2022","OCAF",""
"Ingram Square","79193","120","120","Tolga Ayberk","","","Option 3","","06/30/2031","HUD (HAP)","","","","","","02/01/2022","06/01/2022","OCAF",""
"Kinsey Greene","90079","110","64","Claire Beatty","","","","","06/01/2045","AHSC as Agent for Columbus Metropolitan Housing Authority","","","","","","02/01/2022","06/01/2022","OCAF",""
"Northgate Terrace","75919","201","155","Tolga Ayberk","","","Option 2","","05/31/2035","CAHI","","","","","","02/01/2022","06/01/2022","OCAF",""
"Oaks on Clark","79602","80","80","Tolga Ayberk","","","Option 2","","05/31/2040","SWHCC","","","","","","02/01/2022","06/01/2022","OCAF",""
"Parkside Houses","90017","180","122","Matt Kim","","","RAD","","05/31/2036","HUD","","","","","","02/01/2022","06/01/2022","OCAF",""
"River Trails","79614","220","215","Tolga Ayberk","","","Option 2","","05/31/2042","SWHCC","","","","","12/01/2021","04/01/2022","06/01/2022","RCS",""
"South Bay Villa","79608","80","80","Tolga Ayberk","","","Option 1","","05/27/2041","LA LOMOD","","","","","","02/01/2022","06/01/2022","OCAF",""
"Sandwich Manor","75444","90","89","Matt Kim","","","Option 1b","","07/01/2046","NHC","","","","","","02/24/2022","06/24/2022","OCAF",""
"Burt Farms I","75109","51","50","Elliot Kohanbash","","","Option 1","","06/30/2029","CGI","","","","","","02/26/2022","06/26/2022","OCAF",""
"Oceanport Gardens","75563","101","100","Elliot Kohanbash","","","Option 1","","06/27/2039","NJHMFA","","","","","","02/28/2022","06/28/2022","OCAF",""
"Country Gardens","75118","58","57","Elliot Kohanbash","","","Option 4","","06/29/2026","CGI","","","","","","03/01/2022","06/30/2022","OCAF",""
"Marine Terrace","75922","497","441","Mike McKee","","","Option 1","","06/29/2036","CGI","","","","","","03/01/2022","06/30/2022","OCAF",""
"New Horizons","75474","48","47","Elliot Kohanbash","","","Option 1","","04/30/2030","CGI","","","","","","03/01/2022","06/30/2022","OCAF",""
"PJ Housing","75481","51","50","Matt Kim","","","Option 2","","06/29/2031","CGI","","","","","","03/01/2022","06/30/2022","OCAF",""
"333 Holly","75704","332","139","Tolga Ayberk","","","Option 1","","06/30/2040","SWHCC","","","","","","03/01/2022","07/01/2022","OCAF",""
"Augustana Homes of East Bridgeport","75538","48","48","Mike McKee","","","PRAC","","","HUD CT","","","","","","03/01/2022","07/01/2022","EXPIRES",""
"Campbell Terrace","75547","249","249","Claire Beatty","","","Option 1","","06/30/2039","National Housing Compliance","","","","","","03/01/2022","07/01/2022","OCAF",""
"Crossroads of East Ravenswood","75936","124","124","Claire Beatty","","","Option 1","","06/30/2036","National Housing Compliance","","","","","","03/01/2022","07/01/2022","OCAF",""
"Fern","75466","205","204","Elliot Kohanbash","","","Option 1","","10/31/2028","Newark Filend Office - Region II","","","","","12/30/2021","03/01/2022","07/01/2022","RCS",""
"Morningside Court","75573","171","171","Claire Beatty","","","Option 1","","06/30/2041","National Housing Compliance","","","","","","03/01/2022","07/01/2022","OCAF",""
"Northgate Village","75542","168","168","Tolga Ayberk","","","Option 1","","06/30/2039","SWHA","","","","","","03/01/2022","07/01/2022","OCAF",""
"Nueva Americana","90088","49","49","Tolga Ayberk","","","Option 1","","06/30/2025","Colorado Housing and Finance Authority","","","","","","03/01/2022","07/01/2022","Expires",""
"Oakhaven","90090","35","35","Tolga Ayberk","","","Option 2","","06/30/2033","Idaho Housing and Finance Association","","","","","","03/01/2022","07/01/2022","OCAF",""
"Rose Tower","90097","168","120","Mike McKee","","","Option 2","","07/01/2034","Kentucky Housing Corporation","","","","","","04/01/2022","07/01/2022","OCAF",""
"Southeast Towers","75494","107","106","Mike McKee","","","PBV","","03/31/2028","NYS Homes and Community Renewal","","","","","","03/01/2022","07/01/2022","Request",""
"State Street","75929","51","51","Mike McKee","","","Option 5","","06/30/2036","Wisconsin Housing & Economic Development Authority","","","","","","03/01/2022","07/01/2022","Request",""
"Talcott Gardens","75145","85","84","Mike McKee","","","Option 3","","06/30/2029","HUD","","","","","","03/01/2022","07/01/2022","OCAF",""
"The Pines","75705","152","152","Tolga Ayberk","","","Option 1","","06/30/2040","SWHCC","","","","","","03/01/2022","07/01/2022","OCAF",""
"Trees - Maple","90105","83","83","Claire Beatty","","","Option 1","","06/30/2037","Colorado Housing and Finance Authority","","","","","01/01/2022","04/01/2022","07/01/2022","RCS",""
"Woodland Hills","79610","125","125","Mike McKee","","","Option 1","","06/30/2041","MSHDA","","","","","","03/01/2022","07/01/2022","OCAF",""
"Woodland Towers","75934","104","104","Claire Beatty","","","Option 1","","06/30/2036","National Housing Compliance","","","","","","03/01/2022","07/01/2022","OCAF",""
"Walden","75921","89","89","Elliot Kohanbash","","","Option 1","","07/14/2035","CGI","","","","","","03/15/2022","07/15/2022","OCAF",""
"Centennial Islands","75443","118","118","Matt Kim","","","Option 2","","07/31/2026","MassHousing","","","","","","04/01/2022","08/01/2022","OCAF",""
"Golden Link Manor","90065","31","31","Tolga Ayberk","","","Option 4","","07/31/2036","Bremerton Housing Authority","","","","","","04/01/2022","08/01/2022","OCAF",""
"James Court","90078","50","50","Tolga Ayberk","","","Option 1","","07/31/2040","HUD","","","","","","05/01/2022","08/01/2022","OCAF",""
"Manhattan Plaza","75425","1689","1689","Claire Beatty","","","Option 1","","07/31/2037","HPD","","","","","02/01/2022","04/01/2022","08/01/2022","RCS",""
"Northpoint","79603","304","304","Claire Beatty","","","Option 1","","07/31/2040","National Housing Compliance","","","","","","04/01/2022","08/01/2022","OCAF",""
"Squire Village","90099","51","50","Tolga Ayberk","","","Option 4","","07/31/2040","Colorado Housing and Finance Authority","","","","","","04/01/2022","08/01/2022","OCAF",""
"Westwood Village","4640009","","","","","","","","","","","","","","","07/01/2022","08/01/2022","OCAF",""
"Woodbury Oakwood","75488","96","96","Elliot Kohanbash","","","Option 2","","08/31/2028","NJHMFA","","","","","","04/05/2022","08/05/2022","OCAF",""
"529 West 29th Street","75345","139","139","Mike McKee","","","Option 1","","08/31/2034","CGI","","","","","","05/01/2022","09/01/2022","OCAF",""
"Clarendon Court","75546","152","152","Claire Beatty","","","Option 1","","08/31/2038","National Housing Compliance","","","","","","05/01/2022","09/01/2022","OCAF",""
"Garden House of River Oaks II","75935","145","145","Claire Beatty","","","Option 4","","08/31/2036","HUD","","","","","","05/01/2022","09/01/2022","OCAF",""
"Garden Vista","940001","150","149","Elliot Kohanbash","","","Option 1","","08/31/2034","CGI","","","","","","06/01/2022","09/01/2022","OCAF",""
"Gates Manor","75933","51","51","Claire Beatty","","","Option 1","","08/31/2036","National Housing Compliance","","","","","","05/01/2022","09/01/2022","OCAF",""
"Highland Falls","75456","51","51","Matt Kim","","","Option 2","","08/31/2030","CGI","","","","","","05/01/2022","09/01/2022","OCAF",""
"Oaks on Lamar","75539","176","74","Tolga Ayberk","","","Option 1","","08/31/2038","SWHCC","","","","","","05/01/2022","09/01/2022","OCAF",""
"Peterson Plaza","75917","189","189","Mike McKee","","","Option 1","","08/31/2035","National Housing Compliance","","","","","","05/01/2022","09/01/2022","OCAF",""
"Riverside Townhomes","75540","128","128","Tolga Ayberk","","","Option 1","","08/31/2038","SWHCC","","","","","","05/01/2022","09/01/2022","OCAF",""
"Sheridan Park","75498","102","10","Matt Kim","","","Section 811","","08/31/2038","NHC","","","","","","05/01/2022","09/01/2022","Request",""
"St. Andrews Residences","940005","177","177","Elliot Kohanbash","","","PBV","","08/31/2041","West Palm Beach Housing Authority","","","","","","05/01/2022","09/01/2022","Request",""
"The Biltmore Towers","79601","230","230","Matt Kim","","","Option 3","","08/31/2040","Assisted Housing Services Corporation","","","","","","05/01/2022","09/01/2022","OCAF",""
"Trees - Holly","90104","94","94","Claire Beatty","","","Option 2","","08/31/2035","Colorado Housing and Finance Authority","","","","","","06/01/2022","09/01/2022","OCAF",""
"Willow Woods","4640010","144","100","Mike McKee","","","Option 2","","08/31/2032","Navigate Affordable Housing Partners","","","","","03/01/2022","05/01/2022","09/01/2022","RCS",""
"Parkway Gardens","75479","694","694","Matt Kim","","","Option 2","","06/20/2031","National Housing Compliance","","","","","","05/21/2022","09/21/2022","OCAF",""
"Holly House","75564","42","42","Elliot Kohanbash","","","Option 1","","09/23/2040","NJHMFA","","","","","","05/24/2022","09/24/2022","OCAF",""
"Alaska House","90045","105","105","Tolga Ayberk","","","Option 1","","09/30/2040","Bremerton Housing Authority","","","","","","06/01/2022","10/01/2022","OCAF",""
"Ashley Oaks","4640003","250","250","Matt Kim","","","RAD","","09/30/2036","HUD","","","","","","06/01/2022","10/01/2022","OCAF",""
"Canal Lock Apartments","75139","52","51","Elliot Kohanbash","","","Option 3","","09/30/2034","CGI","","","","","","06/01/2022","10/01/2022","OCAF",""
"Colonial Village","75708","66","66","Matt Kim","","","Option 1","","09/30/2041","HUD","","","","","","06/01/2042","10/01/2022","OCAF",""
"Dawson Square","90057","36","36","Tolga Ayberk","","","Option 1","","09/30/2040","Colorado Housing and Finance Authority","","","","","","06/01/2022","10/01/2022","OCAF",""
"Ferncliff North","4640012","144","144","Claire Beatty","","","Option 1","","09/30/2034","Navigate Affordable Housing Partners","","","","","","06/01/2022","10/01/2022","OCAF",""
"Greenacres","75484","101","100","Elliot Kohanbash","","","Option 3","","09/30/2027","CGI","","","","","","06/01/2022","10/01/2022","EXPIRES",""
"Hampshire House","75495","116","115","Elliot Kohanbash","","","Option 1","","09/30/2029","NJHMFA","","","","","","06/01/2022","10/01/2022","OCAF",""
"Helios Station","90069","30","30","Tolga Ayberk","","","Option 1","","09/30/2040","Colorado Housing and Finance Authority","","","","","","06/01/2022","10/01/2022","OCAF",""
"Lathrop Homes IA","75545","414","151","Mike McKee","","","PBV","","09/30/2037","Chicago Housing Authority","","","","","","08/01/2022","10/01/2022","Request",""
"Newman Village","4640002","99","99","Mike McKee","","","RAD","","09/30/2036","HUD","","","","","","06/01/2022","10/01/2022","OCAF",""
"Northcross Townhomes","2640001","99","99","Mike McKee","","","Option 1","","09/30/2039","North Carolina Housing Finance Agency","","","","","","06/01/2022","10/01/2022","OCAF",""
"Overlook","75458","100","99","Elliot Kohanbash","","","Option 3","","09/30/2034","CGI","","","","","","06/01/2022","10/01/2022","OCAF",""
"Princeton Court Apartments","90019","304","144","Matt Kim","","","Option 1","","09/30/2041","NYS Housing Trust Fund","","","","","","06/01/2022","10/01/2022","OCAF",""
"Terrace Ridge","90101","168","167","Claire Beatty","","","Option 1","","09/30/2029","Assisted Housing Services Corporation","","","","","","05/31/2022","10/01/2022","OCAF",""
"Tiffany Square","90102","52","52","Tolga Ayberk","","","Option 2","","09/30/2040","Colorado Housing and Finance Authority","","","","","","07/01/2022","10/01/2022","OCAF",""
"Trees - Ash","90103","53","53","Claire Beatty","","","Option 1","","09/30/2039","Colorado Housing and Finance Authority","","","","","","07/01/2022","10/01/2022","OCAF",""
"Universal City","75565","160","159","Claire Beatty","","","Option 3","","09/30/2037","National Housing Compliance","","","","","","06/01/2022","10/01/2022","OCAF",""
"Village Park","75431","200","167","Matt Kim","","","Option 5","","09/30/2037","Massachusetts Housing Finance Agency","","","","","","06/01/2022","10/01/2022","OCAF",""
"Winter Garden","79609","112","112","Claire Beatty","","","Option 1","","10/21/2041","Missouri Housing Development Commission","","","","","","07/01/2022","10/01/2022","OCAF",""
"Tyler House","90006","284","284","Mike McKee","","","Option 2","","09/30/2031","Assisted Housing Services Corporation","","","","","","06/01/2022","10/01/2022","OCAF",""
"Geneseo","75477","89","88","Matt Kim","","","Option 1","","10/03/2029","CGI","","","","","","06/04/2022","10/04/2022","OCAF",""
"Burt Farms II","75480","50","50","Elliot Kohanbash","","","Option 2","","07/31/2031","CGI","","","","","04/16/2022","06/16/2022","10/16/2022","RCS",""
"McCarthy Manor","75469","176","176","Matt Kim","","","Option 2","","10/26/2030","New York State Housing Trust Fund Corporation","","","","","","06/27/2022","10/27/2022","OCAF",""
"Augustana Homes of Fairfield","75537","15","15","Mike McKee","","","Option 1","","11/01/2037","Navigate Affordable Housing Partners","","","","","04/30/2022","07/01/2022","10/31/2022","RCS",""
"Augustana Homes of Greenwich","75535","31","31","Mike McKee","","","Option 1","","10/31/2037","Navigate Affordable Housing Partners","","","","","04/30/2022","07/01/2022","10/31/2022","RCS",""
"Allenhurst Apartments","90015","316","316","Matt Kim","","","RAD","","10/31/2039","HUD","","","","","","07/01/2022","11/01/2022","OCAF",""
"Alms Hill","75924","200","200","Matt Kim","","","Option 1","","10/31/2038","HUD","","","","","","07/01/2022","11/01/2022","OCAF",""
"Garden House of Park Forest","75937","145","145","Claire Beatty","","","Option 4","","10/31/2036","National Housing Compliance","","","","","","07/01/2022","11/01/2022","OCAF",""
"Harmon","75955","210","209","Matt Kim","","","Option 1","","10/31/2038","Assisted Housing Services Corporation","","","","","","07/01/2022","11/01/2022","OCAF",""
"Hostmark Village Cove","90075","120","120","Tolga Ayberk","","","Option 1","","10/31/2039","Bremerton Housing Authority","","","","","","07/01/2022","11/01/2022","OCAF",""
"Landmark","90081","40","40","Tolga Ayberk","","","Option 1","","10/31/2025","Idaho Housing and Finance Association","","","","","","07/01/2022","11/01/2022","OCAF",""
"Linwood Square","75953","200","200","Tolga Ayberk","","","Option 1","","10/31/2037","SWHCC","","","","","05/01/2022","07/01/2022","11/01/2022","RCS",""
"Peppertree Heights","90018","101","100","Matt Kim","","","Option 1","","10/31/2030","NYSHFA","","","","","","07/01/2022","11/01/2022","OCAF",""
"Phoenix Towers","75489","158","158","Claire Beatty","","","Option 1","","10/31/2033","National Housing Compliance","","","","","05/01/2022","07/01/2022","11/01/2022","RCS",""
"Stephenville Crossing","75952","86","86","Tolga Ayberk","","","Option 1","","10/31/2037","SWHCC","","","","","05/01/2022","07/01/2022","11/01/2022","RCS",""
"The Magnolia","75954","65","65","Tolga Ayberk","","","Option 2","","11/01/2037","TDHCA","","","","","05/01/2022","07/01/2022","11/01/2022","RCS",""
"Van Nuys","7917579173","299","299","Tolga Ayberk","","","Option 3","","","LA LOMOD","","","","","","07/01/2022","11/01/2022","OCAF",""
"Warren Knolls","75455","97","96","Matt Kim","","","Option 1","","11/30/2026","New York State Housing Trust Fund Corporation","","","","","","07/16/2022","11/16/2022","OCAF",""
"Mohican","75914","146","146","Mike McKee","","","Option 4","","11/17/2034","Connecticut Housing Finance Authority","","","","","","07/18/2022","11/18/2022","OCAF",""
"Washington Square West","79138","132","131","Mike McKee","","","Option 1","","11/22/2029","Pennsylvania Housing Finance Agency","","","","","","07/23/2022","11/23/2022","OCAF",""
"Essex-Phoenix","75497","145","144","Elliot Kohanbash","","","Option 4","","11/24/2033","NJHMFA","","","","","","07/25/2022","11/25/2022","OCAF",""
"Asbury Park","90048","44","43","Tolga Ayberk","","","Option 1","","11/30/2040","Colorado Housing and Finance Authority","","","","","","08/01/2022","12/01/2022","OCAF",""
"Day Meadows","90058","44","44","Tolga Ayberk","","","Option 4","","11/30/2031","HUD","","","","","","08/01/2022","12/01/2022","OCAF",""
"Highland Square","90070","152","152","Mike McKee","","","Option 1","","11/30/2036","S.C. State Housing Finance and Development Authority","","","","","","08/01/2022","12/01/2022","OCAF",""
"Noble Tower","75543","195","195","Tolga Ayberk","","","Option 1","","11/30/2039","HUD (HAP)","","","","","","08/01/2022","12/01/2022","OCAF",""
"Oak Forest","90089","64","64","Mike McKee","","","Option 1","","11/30/2029","S.C. State Housing Finance and Development Authority","","","","","","08/01/2022","12/01/2022","OCAF",""
"Oxford House","75487","156","156","Matt Kim","","","Option 2","","11/30/2031","National Housing Compliance","","","","","","08/01/2022","12/01/2022","OCAF",""
"Park Place","79611","242","242","Claire Beatty","","","Option 1","","10/21/2041","Missouri Housing Development Commission","","","","","","08/01/2022","12/01/2022","OCAF",""
"Trees - Pine","90106","61","61","Claire Beatty","","","Option 1","","11/30/2040","Colorado Housing and Finance Authority","","","","","","09/01/2022","12/01/2022","OCAF",""
"Ebony Gardens","75566","144","144","Claire Beatty","","","Option 1","","12/31/2040","CGI","","","","","","08/08/2022","12/08/2022","OCAF",""
"Chestnut Park (Skyview)","75541","489","241","Matt Kim","","","RAD 2","","12/11/2038","HUD","","","","","","08/11/2022","12/11/2022","OCAF",""
"Victory-Fiedler","75490","39","38","Elliot Kohanbash","","","PBV","","08/14/2027","NYCHPD","","","","","","10/15/2022","12/15/2022","Request",""
"Cherry Garden","75576","254","252","Elliot Kohanbash","","","Option 1","","12/15/2041","NJHMFA","","","","","","08/16/2022","12/16/2022","OCAF",""
"Olde English Village","75923","200","200","Matt Kim","","","Option 3","","12/17/2035","MassHousing","","","","","","08/18/2022","12/18/2022","OCAF",""
"Bastrop Oak Grove","90030","48","48","Tolga Ayberk","","","Option 4","","01/01/2039","Southwest Housing Compliance Corporation","","","","","","09/01/2022","01/01/2023","OCAF",""
"Clinton Manor","75830","60","60","Mike McKee","","","Option 1","","12/31/2040","SC Housing","","","","","","09/01/2022","01/01/2023","OCAF",""
"Courthouse Square","90055","171","171","Tolga Ayberk","","","Option 1","","12/31/2039","Colorado Housing and Finance Authority","","","","","","09/01/2022","01/01/2023","OCAF",""
"Faust Landmark Apartments","75532","200","200","Claire Beatty","","","RAD","","07/31/2025","Rockford Housing","","","","","","09/01/2022","01/01/2023","OCAF",""
"Fields Ertel Townhouses","75548","55","55","Matt Kim","","","Option 1","","12/31/2039","Assisted Housing Services Corporation","","","","","","09/01/2022","01/01/2023","OCAF",""
"French Apartments","75116","174","174","Mike McKee","","","Option 1","","12/31/2035","CGI","","","","","","09/01/2022","01/01/2023","OCAF",""
"Friendship Court","75831","80","80","Mike McKee","","","Option 2","","12/31/2040","SC State Housing","","","","","","09/01/2022","01/01/2023","OCAF",""
"Hondo Brian Place","90037","40","40","Tolga Ayberk","","","Option 1","","01/01/2039","Southwest Housing Compliance Corporation","","","","","","09/01/2022","01/01/2023","OCAF",""
"International House","90076","99","98","Tolga Ayberk","","","Option 1","","12/31/2037","Bremerton Housing Authority","","","","","07/01/2022","09/01/2022","01/01/2023","RCS",""
"IOOF Tower","90077","28","28","Tolga Ayberk","","","Option 1","","12/31/2040","Bremerton Housing Authority","","","","","","09/01/2022","01/01/2023","OCAF",""
"Kirkwood House","79197","261","260","Matt Kim","","","Option 1","","12/31/2028","MDHCD","","","","","","09/01/2022","01/01/2023","OCAF",""
"Loring Towers (MA)","79181","250","140","Matt Kim","","","PBV","","12/31/2042","CTI","","","","","","09/01/2022","01/01/2023","Request",""
"Luther Towers","90111","362","362","Claire Beatty","","","SPRAC","","11/30/2043","Delaware State Housing Authority","","","","","","10/01/2022","01/01/2023","Request",""
"Newberry Arms","75832","60","60","Mike McKee","","","Option 1","","12/31/2040","SC State Housing","","","","","","09/01/2022","01/01/2023","OCAF",""
"Oaks on North Plaza","75544","62","62","Tolga Ayberk","","","Option 1","","12/31/2039","SWHCC","","","","","","09/01/2022","01/01/2023","OCAF",""
"Orangeburg Manor","90091","100","100","Mike McKee","","","Option 3","","12/27/2031","S.C. State Housing Finance and Development Authority","","","","","","09/01/2022","01/01/2023","OCAF",""
"Rip Van Winkle","90095","179","178","Matt Kim","","","","","05/31/2045","CGI","","","","","","09/01/2022","01/01/2023","OCAF",""
"Shawnee Village","75901","120","120","Matt Kim","","","Option 1","","12/31/2033","Illinois Housing Development Authority","","","","","","09/01/2022","01/01/2023","OCAF",""
"Southport Mews","75433","65","64","Matt Kim","","","Option 2","","10/31/2029","HUD","","","","","","09/01/2022","01/01/2023","OCAF",""
"Sycamore Ridge","75912","304","304","Elliot Kohanbash","","","Option 4","","01/01/2033","NJHMFA","","","","","","09/01/2022","01/01/2023","OCAF",""
"Woodlake Apartments","75584","148","147","Elliot Kohanbash","","","Option 1","","10/31/2044","NJHMFA","","","","","","","01/01/2023","OCAF",""
"Hill Country Villas","HCV1","51","51","Tolga Ayberk","","","Option 1","","02/01/2034","HUD","","","","","","08/01/2022","01/01/2023","OCAF",""
"Treemont Village","4640008","60","60","Elliot Kohanbash","","","Option 2","","01/01/2033","HUD","","","","","07/02/2022","09/02/2022","01/02/2023","RCS",""
"Halcyon House","90067","197","197","Tolga Ayberk","","","Option 1","","01/03/2036","Colorado Housing and Finance Authority","","","","","","09/04/2022","01/04/2023","OCAF",""
"Arlington Park","90022","130","130","Matt Kim","","","Option 1","","01/31/2037","Massachusetts Housing Finance Agency","","","","","","09/10/2022","01/10/2023","OCAF",""
"Washington Heights","75925","404","366","Matt Kim","","","Option 5","","01/30/2036","Massachusetts Housing Finance Agency","","","","","","09/15/2022","01/15/2023","OCAF",""
"Fullerton Court","75918","196","195","Matt Kim","","","Option 1","","01/25/2034","National Housing Compliance","","","","","","09/26/2022","01/26/2023","OCAF",""
"Augustana Homes of Danbury","75533","40","40","Mike McKee","","","PRAC","","","HUD CT","","","","","","09/01/2022","02/01/2023","EXPIRES",""
"Circle Park Apartments","75833","418","239","Claire Beatty","","","Original","","01/31/2041","National Housing Compliance","","","","","","10/01/2022","02/01/2023","OCAF",""
"Creekwood Apartments","75903","104","104","Matt Kim","","","Option 1","","01/31/2034","National Housing Compliance","","","","","","10/01/2022","02/01/2023","OCAF",""
"Fairview Gardens","90059","160","160","Mike McKee","","","Option 1","","01/31/2038","S.C. State Housing Finance and Development Authority","","","","","08/01/2022","10/01/2022","02/01/2023","RCS",""
"Ferncliff South","4640005","84","84","Claire Beatty","","","Option 2","","01/31/2038","Navigate Affordable Housing Partners","","","","","08/01/2022","10/01/2022","02/01/2023","RCS",""
"Greenport","75468","366","364","Elliot Kohanbash","","","Option 1","","01/31/2029","CGI","","","","","","10/01/2022","02/01/2023","OCAF",""
"Sandburg Village","75902","128","128","Matt Kim","","","Option 4","","02/01/2034","National Housing Compliance","","","","","","10/01/2022","02/01/2023","OCAF",""
"Senior World","75500","100","100","Mike McKee","","","Option 2","","02/01/2031","MSHDA","","","","","","10/02/2022","02/01/2023","OCAF",""
"The Woods","75491","57","57","Matt Kim","","","Option 2","","01/31/2034","National Housing Compliance","","","","","","10/01/2022","02/01/2023","OCAF",""
"Tompkins Terrace","79622","193","61","Claire Beatty","","","PBV","","02/01/2040","City of Beacon Housing Authority","","","","","","10/01/2023","02/01/2023","Request",""
"Market Square","75568","76","75","Mike McKee","","","Option 1","","02/03/2041","Navigate Affordable Housing Partners","","","","","","10/04/2022","02/04/2023","OCAF",""
"Country Village","75904","104","104","Matt Kim","","","Option 1","","02/29/2036","National Housing Compliance","","","","","","11/01/2022","03/01/2023","OCAF",""
"Augustana Homes of Jewett","75534","72","72","Mike McKee","","","PRAC","","","HUD CT","","","","","","10/01/2022","04/01/2023","EXPIRES",""
"Barnum House","75569","84","83","Mike McKee","","","Option 1","","03/31/2041","Navigate Affordable Housing Partners","","","","","","12/01/2022","04/01/2023","OCAF",""
"Bella Vista","79605","100","100","Tolga Ayberk","","","Option 1","","03/31/2041","Southwest Housing Compliance Corporation","","","","","","01/01/2023","04/01/2023","OCAF",""
"Fox Hill","90063","160","160","Claire Beatty","","","Option 1","","02/28/2045","Missouri Housing Development Commission","","","","","","12/01/2022","04/01/2023","OCAF",""
"Hilltop","90072","77","77","Tolga Ayberk","","","Option 1","","03/31/2024","Colorado Housing and Finance Authority","","","","","","12/01/2022","04/01/2023","OCAF",""
"Mapleview Towers","75567","101","100","Mike McKee","","","Option 1","","03/31/2041","Navigate Affordable Housing Partners","","","","","","12/01/2022","04/01/2023","OCAF",""
"Marshall Field","75911","628","628","Matt Kim","","","Option 1","","04/30/2035","National Housing Compliance","","","","","","12/01/2022","04/01/2023","OCAF",""
"Montview Heights","90084","50","50","Tolga Ayberk","","","Option 1","","03/31/2040","Colorado Housing and Finance Authority","","","","","","12/01/2022","04/01/2023","OCAF",""
"MORH Housing","75927","126","125","Tolga Ayberk","","","Original","","03/31/2036","CAHI","","","","","","12/01/2022","04/01/2023","OCAF",""
"Oak Center","75926","77","77","Tolga Ayberk","","","Option 1","","03/31/2036","CAHI","","","","","","12/01/2022","04/01/2023","OCAF",""
"Park Club Apartments","75835","56","55","Mike McKee","","","Option 1","","03/31/2042","Wisconsin Housing & Economic Development Authority","","","","","","01/01/2023","04/01/2023","OCAF",""
"Riverwood","4640013","83","83","Mike McKee","","","Option 1","","03/31/2035","Navigate Affordable Housing Partners","","","","","","12/01/2022","04/01/2023","OCAF",""
"Roosevelt Apartments","90020","114","113","Matt Kim","","","Option 3","","03/31/2026","CGI","","","","","","12/01/2022","04/01/2023","OCAF",""
"Spring Creek","75828","137","137","Matt Kim","","","Option 1","","03/31/2041","National Housing Compliance","","","","","","12/01/2022","04/01/2023","OCAF",""
"Brook","90023","98","97","Elliot Kohanbash","","","Option 3","","03/31/2031","CGI","","","","","","12/01/2022","04/01/2023","OCAF",""
"Hazelwood Towers","75146","97","95","Claire Beatty","","","Option 3","","04/14/2025","Pennsylvania Housing Finance Agency","","","","","","12/15/2022","04/15/2023","OCAF",""
"North Park","75478","123","123","Matt Kim","","","Option 1","","04/18/2031","CGI","","","","","","12/19/2022","04/19/2023","OCAF",""
"Malcolm Towers","90044","226","225","Elliot Kohanbash","","","Option 2","","04/30/2040","NJHMFA","","","","","","12/28/2022","04/28/2023","OCAF",""
"Crossroads of New Brighton","75947","172","172","Mike McKee","","","Option 1","","04/30/2036","Minn Housing","","","","","","01/01/2023","05/01/2023","OCAF",""
"Crossroads of Shoreview","75948","44","44","Mike McKee","","","Option 2","","04/30/2036","Minn Housing","","","","","","01/01/2023","05/01/2023","OCAF",""
"Park Bluff","75951","186","185","Mike McKee","","","Option 1","","03/31/2035","Wisconsin Housing & Economic Development Authority","","","","","","01/01/2023","05/01/2023","OCAF",""
"Pineview at Grogran's Mill","79606","300","300","Tolga Ayberk","","","Option 1","","04/30/2041","SWHCC","","","","","","01/01/2023","05/01/2023","OCAF",""
"Ridgewood at Panther Creek","79607","300","300","Tolga Ayberk","","","Option 1","","04/30/2041","SWHCC","","","","","","01/01/2023","05/01/2023","OCAF",""
"Shiloh Village","75572","168","168","Tolga Ayberk","","","Option 1","","05/01/2041","SWHCC","","","","","","01/01/2023","05/01/2023","OCAF",""
"Shoreline Plaza Apartments","79604","230","187","Mike McKee","","","Option 1","","04/30/2041","Minnesota Housing Finance Agency","","","","","","01/01/2023","05/01/2023","OCAF",""
"Sumler Terrace","4640014","126","126","Elliot Kohanbash","","","Option 1","","04/30/2037","Virginia Housing Development Authority","","","","","","01/01/2023","05/01/2023","OCAF",""
"Trees - Willow","90107","63","63","Claire Beatty","","","Option 1","","04/30/2040","Colorado Housing and Finance Authority","","","","","","02/01/2023","05/01/2023","OCAF",""
"Fairview Homes","75920","136","135","Elliot Kohanbash","","","Option 2","","05/07/2035","NJHMFA","","","","","","01/07/2023","05/07/2023","OCAF",""
"Hershey Plaza","75587","216","215","Claire Beatty","","","Option 1","","05/31/2037","Pennsylvania Housing Finance Agency","","","","","","02/28/2023","05/31/2023","OCAF",""
"Bannock Arms","90051","66","66","Tolga Ayberk","","","Option 1","","05/31/2039","Idaho Housing and Finance Association","","","","","","02/01/2023","06/01/2023","OCAF",""
"Branford Manor","75930","442","441","Mike McKee","","","Option 1","","06/01/2037","Navigate Affordable Housing Partners","","","","","","02/01/2023","06/01/2023","OCAF",""
"Country Club Heights","79612","200","120","Claire Beatty","","","RAD","","04/01/2041","Quincy PHA","","","","","","02/01/2023","06/01/2023","OCAF",""
"Crossroads of Edina","75946","64","26","Mike McKee","","","Option 2","","05/31/2036","Minn Housing","","","","","","02/01/2023","06/01/2023","OCAF",""
"HDR Fund","90080","125","125","Tolga Ayberk","","","Option 2","","05/31/2031","LA LOMOD","","","","","","02/01/2023","06/01/2023","OCAF",""
"Ingram Square","79193","120","120","Tolga Ayberk","","","Option 3","","06/30/2031","HUD (HAP)","","","","","","02/01/2023","06/01/2023","OCAF",""
"Kinsey Greene","90079","110","64","Claire Beatty","","","","","06/01/2045","AHSC as Agent for Columbus Metropolitan Housing Authority","","","","","","02/01/2023","06/01/2023","OCAF",""
"Northgate Terrace","75919","201","155","Tolga Ayberk","","","Option 2","","05/31/2035","CAHI","","","","","","02/01/2023","06/01/2023","OCAF",""
"Oaks on Clark","79602","80","80","Tolga Ayberk","","","Option 2","","05/31/2040","SWHCC","","","","","","02/01/2023","06/01/2023","OCAF",""
"Parkside Houses","90017","180","122","Matt Kim","","","RAD","","05/31/2036","HUD","","","","","","02/01/2023","06/01/2023","OCAF",""
"River Trails","79614","220","215","Tolga Ayberk","","","Option 2","","05/31/2042","SWHCC","","","","","","04/01/2023","06/01/2023","OCAF",""
"South Bay Villa","79608","80","80","Tolga Ayberk","","","Option 1","","05/27/2041","LA LOMOD","","","","","","02/01/2023","06/01/2023","OCAF",""
"Sandwich Manor","75444","90","89","Matt Kim","","","Option 1b","","07/01/2046","NHC","","","","","","02/24/2023","06/24/2023","OCAF",""
"Burt Farms I","75109","51","50","Elliot Kohanbash","","","Option 1","","06/30/2029","CGI","","","","","","02/26/2023","06/26/2023","OCAF",""
"Oceanport Gardens","75563","101","100","Elliot Kohanbash","","","Option 1","","06/27/2039","NJHMFA","","","","","","02/28/2023","06/28/2023","OCAF",""
"Country Gardens","75118","58","57","Elliot Kohanbash","","","Option 4","","06/29/2026","CGI","","","","","","03/01/2023","06/30/2023","OCAF",""
"Marine Terrace","75922","497","441","Mike McKee","","","Option 1","","06/29/2036","CGI","","","","","","03/01/2023","06/30/2023","OCAF",""
"New Horizons","75474","48","47","Elliot Kohanbash","","","Option 1","","04/30/2030","CGI","","","","","","03/01/2023","06/30/2023","OCAF",""
"PJ Housing","75481","51","50","Matt Kim","","","Option 2","","06/29/2031","CGI","","","","","","03/01/2023","06/30/2023","OCAF",""
"333 Holly","75704","332","139","Tolga Ayberk","","","Option 1","","06/30/2040","SWHCC","","","","","","03/01/2023","07/01/2023","OCAF",""
"Augustana Homes of East Bridgeport","75538","48","48","Mike McKee","","","PRAC","","","HUD CT","","","","","","03/01/2023","07/01/2023","EXPIRES",""
"Campbell Terrace","75547","249","249","Claire Beatty","","","Option 1","","06/30/2039","National Housing Compliance","","","","","","03/01/2023","07/01/2023","OCAF",""
"Crossroads of East Ravenswood","75936","124","124","Claire Beatty","","","Option 1","","06/30/2036","National Housing Compliance","","","","","","03/01/2023","07/01/2023","OCAF",""
"Fern","75466","205","204","Elliot Kohanbash","","","Option 1","","10/31/2028","Newark Filend Office - Region II","","","","","","03/01/2023","07/01/2023","OCAF",""
"Morningside Court","75573","171","171","Claire Beatty","","","Option 1","","06/30/2041","National Housing Compliance","","","","","","03/01/2023","07/01/2023","OCAF",""
"Northgate Village","75542","168","168","Tolga Ayberk","","","Option 1","","06/30/2039","SWHA","","","","","","03/01/2023","07/01/2023","OCAF",""
"Nueva Americana","90088","49","49","Tolga Ayberk","","","Option 1","","06/30/2025","Colorado Housing and Finance Authority","","","","","01/01/2023","03/01/2023","07/01/2023","RCS",""
"Oakhaven","90090","35","35","Tolga Ayberk","","","Option 2","","06/30/2033","Idaho Housing and Finance Association","","","","","01/01/2023","03/01/2023","07/01/2023","RCS",""
"Rose Tower","90097","168","120","Mike McKee","","","Option 2","","07/01/2034","Kentucky Housing Corporation","","","","","","04/01/2023","07/01/2023","OCAF",""
"Southeast Towers","75494","107","106","Mike McKee","","","PBV","","03/31/2028","NYS Homes and Community Renewal","","","","","","03/01/2023","07/01/2023","Request",""
"State Street","75929","51","51","Mike McKee","","","Option 5","","06/30/2036","Wisconsin Housing & Economic Development Authority","","","","","","03/01/2023","07/01/2023","Request",""
"Talcott Gardens","75145","85","84","Mike McKee","","","Option 3","","06/30/2029","HUD","","","","","","03/01/2023","07/01/2023","OCAF",""
"The Pines","75705","152","152","Tolga Ayberk","","","Option 1","","06/30/2040","SWHCC","","","","","","03/01/2023","07/01/2023","OCAF",""
"Trees - Maple","90105","83","83","Claire Beatty","","","Option 1","","06/30/2037","Colorado Housing and Finance Authority","","","","","","04/01/2023","07/01/2023","OCAF",""
"Woodland Hills","79610","125","125","Mike McKee","","","Option 1","","06/30/2041","MSHDA","","","","","","03/01/2023","07/01/2023","OCAF",""
"Woodland Towers","75934","104","104","Claire Beatty","","","Option 1","","06/30/2036","National Housing Compliance","","","","","","03/01/2023","07/01/2023","OCAF",""
"Walden","75921","89","89","Elliot Kohanbash","","","Option 1","","07/14/2035","CGI","","","","","","03/15/2023","07/15/2023","OCAF",""
"Centennial Islands","75443","118","118","Matt Kim","","","Option 2","","07/31/2026","MassHousing","","","","","","04/01/2023","08/01/2023","OCAF",""
"Golden Link Manor","90065","31","31","Tolga Ayberk","","","Option 4","","07/31/2036","Bremerton Housing Authority","","","","","","04/01/2023","08/01/2023","OCAF",""
"James Court","90078","50","50","Tolga Ayberk","","","Option 1","","07/31/2040","HUD","","","","","","05/01/2023","08/01/2023","OCAF",""
"Manhattan Plaza","75425","1689","1689","Claire Beatty","","","Option 1","","07/31/2037","HPD","","","","","","04/01/2023","08/01/2023","OCAF",""
"Northpoint","79603","304","304","Claire Beatty","","","Option 1","","07/31/2040","National Housing Compliance","","","","","","04/01/2023","08/01/2023","OCAF",""
"Squire Village","90099","51","50","Tolga Ayberk","","","Option 4","","07/31/2040","Colorado Housing and Finance Authority","","","","","","04/01/2023","08/01/2023","OCAF",""
"Westwood Village","4640009","","","","","","","","","","","","","","","04/01/2023","08/01/2023","OCAF",""
"Woodbury Oakwood","75488","96","96","Elliot Kohanbash","","","Option 2","","08/31/2028","NJHMFA","","","","","","04/05/2023","08/05/2023","OCAF",""
"Victory-Fiedler","75490","39","38","Elliot Kohanbash","","","PBV","","08/14/2027","NYCHPD","","","","","","04/15/2023","08/15/2023","Request",""
"529 West 29th Street","75345","139","139","Mike McKee","","","Option 1","","08/31/2034","CGI","","","","","","05/01/2023","09/01/2023","OCAF",""
"Clarendon Court","75546","152","152","Claire Beatty","","","Option 1","","08/31/2038","National Housing Compliance","","","","","03/01/2023","05/01/2023","09/01/2023","RCS",""
"Garden House of River Oaks II","75935","145","145","Claire Beatty","","","Option 4","","08/31/2036","HUD","","","","","","05/01/2023","09/01/2023","OCAF",""
"Garden Vista","940001","150","149","Elliot Kohanbash","","","Option 1","","08/31/2034","CGI","","","","","","05/01/2023","09/01/2023","OCAF",""
"Gates Manor","75933","51","51","Claire Beatty","","","Option 1","","08/31/2036","National Housing Compliance","","","","","","05/01/2023","09/01/2023","OCAF",""
"Highland Falls","75456","51","51","Matt Kim","","","Option 2","","08/31/2030","CGI","","","","","","05/01/2023","09/01/2023","OCAF",""
"Oaks on Lamar","75539","176","74","Tolga Ayberk","","","Option 1","","08/31/2038","SWHCC","","","","","03/01/2023","05/01/2023","09/01/2023","RCS",""
"Peterson Plaza","75917","189","189","Mike McKee","","","Option 1","","08/31/2035","National Housing Compliance","","","","","","05/01/2023","09/01/2023","OCAF",""
"Riverside Townhomes","75540","128","128","Tolga Ayberk","","","Option 1","","08/31/2038","SWHCC","","","","","03/01/2023","05/01/2023","09/01/2023","RCS",""
"Sheridan Park","75498","102","10","Matt Kim","","","Section 811","","08/31/2038","NHC","","","","","","05/01/2023","09/01/2023","Request",""
"St. Andrews Residences","940005","177","177","Elliot Kohanbash","","","PBV","","08/31/2041","West Palm Beach Housing Authority","","","","","","06/08/2023","09/01/2023","Request",""
"The Biltmore Towers","79601","230","230","Matt Kim","","","Option 3","","08/31/2040","Assisted Housing Services Corporation","","","","","","05/01/2023","09/01/2023","OCAF",""
"Trees - Holly","90104","94","94","Claire Beatty","","","Option 2","","08/31/2035","Colorado Housing and Finance Authority","","","","","","06/01/2023","09/01/2023","OCAF",""
"Willow Woods","4640010","144","100","Mike McKee","","","Option 2","","08/31/2032","Navigate Affordable Housing Partners","","","","","","05/01/2023","09/01/2023","OCAF",""
"Parkway Gardens","75479","694","694","Matt Kim","","","Option 2","","06/20/2031","National Housing Compliance","","","","","","05/21/2023","09/21/2023","OCAF",""
"Holly House","75564","42","42","Elliot Kohanbash","","","Option 1","","09/23/2040","NJHMFA","","","","","","05/24/2023","09/24/2023","OCAF",""
"Alaska House","90045","105","105","Tolga Ayberk","","","Option 1","","09/30/2040","Bremerton Housing Authority","","","","","","06/01/2023","10/01/2023","OCAF",""
"Ashley Oaks","4640003","250","250","Matt Kim","","","RAD","","09/30/2036","HUD","","","","","","06/01/2023","10/01/2023","OCAF",""
"Canal Lock Apartments","75139","52","51","Elliot Kohanbash","","","Option 3","","09/30/2034","CGI","","","","","","06/01/2023","10/01/2023","OCAF",""
"Colonial Village","75708","66","66","Matt Kim","","","Option 1","","09/30/2041","HUD","","","","","","06/01/2023","10/01/2023","OCAF",""
"Dawson Square","90057","36","36","Tolga Ayberk","","","Option 1","","09/30/2040","Colorado Housing and Finance Authority","","","","","","06/01/2023","10/01/2023","OCAF",""
"Ferncliff North","4640012","144","144","Claire Beatty","","","Option 1","","09/30/2034","Navigate Affordable Housing Partners","","","","","","06/01/2023","10/01/2023","OCAF",""
"Greenacres","75484","101","100","Elliot Kohanbash","","","Option 3","","09/30/2027","CGI","","","","","","06/01/2023","10/01/2023","OCAF",""
"Hampshire House","75495","116","115","Elliot Kohanbash","","","Option 1","","09/30/2029","NJHMFA","","","","","","06/01/2023","10/01/2023","OCAF",""
"Helios Station","90069","30","30","Tolga Ayberk","","","Option 1","","09/30/2040","Colorado Housing and Finance Authority","","","","","","06/01/2023","10/01/2023","OCAF",""
"Lathrop Homes IA","75545","414","151","Mike McKee","","","PBV","","09/30/2037","Chicago Housing Authority","","","","","","08/01/2023","10/01/2023","Request",""
"Newman Village","4640002","99","99","Mike McKee","","","RAD","","09/30/2036","HUD","","","","","","06/01/2023","10/01/2023","OCAF",""
"Northcross Townhomes","2640001","99","99","Mike McKee","","","Option 1","","09/30/2039","North Carolina Housing Finance Agency","","","","","","06/01/2023","10/01/2023","OCAF",""
"Overlook","75458","100","99","Elliot Kohanbash","","","Option 3","","09/30/2034","CGI","","","","","","06/01/2023","10/01/2023","OCAF",""
"Princeton Court Apartments","90019","304","144","Matt Kim","","","Option 1","","09/30/2041","NYS Housing Trust Fund","","","","","","06/01/2023","10/01/2023","OCAF",""
"Terrace Ridge","90101","168","167","Claire Beatty","","","Option 1","","09/30/2029","Assisted Housing Services Corporation","","","","","","07/01/2023","10/01/2023","OCAF",""
"Tiffany Square","90102","52","52","Tolga Ayberk","","","Option 2","","09/30/2040","Colorado Housing and Finance Authority","","","","","04/01/2023","07/01/2023","10/01/2023","RCS",""
"Trees - Ash","90103","53","53","Claire Beatty","","","Option 1","","09/30/2039","Colorado Housing and Finance Authority","","","","","","07/01/2023","10/01/2023","OCAF",""
"Village Park","75431","200","167","Matt Kim","","","Option 5","","09/30/2037","Massachusetts Housing Finance Agency","","","","","","06/01/2023","10/01/2023","OCAF",""
"Winter Garden","79609","112","112","Claire Beatty","","","Option 1","","10/21/2041","Missouri Housing Development Commission","","","","","","07/01/2023","10/01/2023","OCAF",""
"Tyler House","90006","284","284","Mike McKee","","","Option 2","","09/30/2031","Assisted Housing Services Corporation","","","","","","06/01/2023","10/01/2023","OCAF",""
"Geneseo","75477","89","88","Matt Kim","","","Option 1","","10/03/2029","CGI","","","","","","06/04/2023","10/04/2023","OCAF",""
"Burt Farms II","75480","50","50","Elliot Kohanbash","","","Option 2","","07/31/2031","CGI","","","","","","06/16/2023","10/16/2023","OCAF",""
"McCarthy Manor","75469","176","176","Matt Kim","","","Option 2","","10/26/2030","New York State Housing Trust Fund Corporation","","","","","","06/27/2023","10/27/2023","OCAF",""
"Augustana Homes of Fairfield","75537","15","15","Mike McKee","","","Option 1","","11/01/2037","Navigate Affordable Housing Partners","","","","","","07/01/2023","10/31/2023","OCAF",""
"Augustana Homes of Greenwich","75535","31","31","Mike McKee","","","Option 1","","10/31/2037","Navigate Affordable Housing Partners","","","","","","07/01/2023","10/31/2023","OCAF",""
"Allenhurst Apartments","90015","316","316","Matt Kim","","","RAD","","10/31/2039","HUD","","","","","","07/01/2023","11/01/2023","OCAF",""
"Alms Hill","75924","200","200","Matt Kim","","","Option 1","","10/31/2038","HUD","","","","","05/01/2023","07/01/2023","11/01/2023","RCS",""
"Garden House of Park Forest","75937","145","145","Claire Beatty","","","Option 4","","10/31/2036","National Housing Compliance","","","","","","07/01/2023","11/01/2023","OCAF",""
"Harmon","75955","210","209","Matt Kim","","","Option 1","","10/31/2038","Assisted Housing Services Corporation","","","","","05/01/2023","07/01/2023","11/01/2023","RCS",""
"Hostmark Village Cove","90075","120","120","Tolga Ayberk","","","Option 1","","10/31/2039","Bremerton Housing Authority","","","","","","07/01/2023","11/01/2023","OCAF",""
"Landmark","90081","40","40","Tolga Ayberk","","","Option 1","","10/31/2025","Idaho Housing and Finance Association","","","","","","07/01/2023","11/01/2023","OCAF",""
"Linwood Square","75953","200","200","Tolga Ayberk","","","Option 1","","10/31/2037","SWHCC","","","","","","07/01/2023","11/01/2023","OCAF",""
"Peppertree Heights","90018","101","100","Matt Kim","","","Option 1","","10/31/2030","NYSHFA","","","","","","07/01/2023","11/01/2023","OCAF",""
"Phoenix Towers","75489","158","158","Claire Beatty","","","Option 1","","10/31/2033","National Housing Compliance","","","","","","07/01/2023","11/01/2023","OCAF",""
"Stephenville Crossing","75952","86","86","Tolga Ayberk","","","Option 1","","10/31/2037","SWHCC","","","","","","07/01/2023","11/01/2023","OCAF",""
"The Magnolia","75954","65","65","Tolga Ayberk","","","Option 2","","11/01/2037","TDHCA","","","","","","07/01/2023","11/01/2023","OCAF",""
"Van Nuys","7917579173","299","299","Tolga Ayberk","","","Option 3","","","LA LOMOD","","","","","","07/01/2023","11/01/2023","OCAF",""
"Warren Knolls","75455","97","96","Matt Kim","","","Option 1","","11/30/2026","New York State Housing Trust Fund Corporation","","","","","","07/16/2023","11/16/2023","OCAF",""
"Mohican","75914","146","146","Mike McKee","","","Option 4","","11/17/2034","Connecticut Housing Finance Authority","","","","","","07/18/2023","11/18/2023","OCAF",""
"Washington Square West","79138","132","131","Mike McKee","","","Option 1","","11/22/2029","Pennsylvania Housing Finance Agency","","","","","","07/23/2023","11/23/2023","OCAF",""
"Essex-Phoenix","75497","145","144","Elliot Kohanbash","","","Option 4","","11/24/2033","NJHMFA","","","","","","07/25/2023","11/25/2023","OCAF",""
"Asbury Park","90048","44","43","Tolga Ayberk","","","Option 1","","11/30/2040","Colorado Housing and Finance Authority","","","","","","08/01/2023","12/01/2023","OCAF",""
"Day Meadows","90058","44","44","Tolga Ayberk","","","Option 4","","11/30/2031","HUD","","","","","","08/01/2023","12/01/2023","OCAF",""
"Elmwood Square","75570","138","6","Matt Kim","","","PBV","","11/30/2042","Buffalo Municipal Housing Authority","","","","","","08/01/2023","12/01/2023","Request",""
"Highland Square","90070","152","152","Mike McKee","","","Option 1","","11/30/2036","S.C. State Housing Finance and Development Authority","","","","","","08/01/2023","12/01/2023","OCAF",""
"Noble Tower","75543","195","195","Tolga Ayberk","","","Option 1","","11/30/2039","HUD (HAP)","","","","","","08/01/2023","12/01/2023","OCAF",""
"Oak Forest","90089","64","64","Mike McKee","","","Option 1","","11/30/2029","S.C. State Housing Finance and Development Authority","","","","","","08/01/2023","12/01/2023","OCAF",""
"Oxford House","75487","156","156","Matt Kim","","","Option 2","","11/30/2031","National Housing Compliance","","","","","","08/01/2023","12/01/2023","OCAF",""
"Park Place","79611","242","242","Claire Beatty","","","Option 1","","10/21/2041","Missouri Housing Development Commission","","","","","","08/01/2023","12/01/2023","OCAF",""
"Trees - Pine","90106","61","61","Claire Beatty","","","Option 1","","11/30/2040","Colorado Housing and Finance Authority","","","","","","09/01/2023","12/01/2023","OCAF",""
"Ebony Gardens","75566","144","144","Claire Beatty","","","Option 1","","12/31/2040","CGI","","","","","","08/08/2023","12/08/2023","OCAF",""
"Chestnut Park (Skyview)","75541","489","241","Matt Kim","","","RAD 2","","12/11/2038","HUD","","","","","06/11/2023","08/11/2023","12/11/2023","RCS",""
"Riverhead Village","75583","135","135","Elliot Kohanbash","","","Option 1","","12/31/2043","CGI","","","","","06/14/2023","08/14/2023","12/14/2023","RCS",""
"Cherry Garden","75576","254","252","Elliot Kohanbash","","","Option 1","","12/15/2041","NJHMFA","","","","","","08/16/2023","12/16/2023","OCAF",""
"Olde English Village","75923","200","200","Matt Kim","","","Option 3","","12/17/2035","MassHousing","","","","","","08/18/2023","12/18/2023","OCAF",""
"Augustana Homes of Danbury","75533","40","40","Mike McKee","","","PRAC","","","HUD CT","","","","","","09/01/2023","01/01/2024","EXPIRES",""
"Bastrop Oak Grove","90030","48","48","Tolga Ayberk","","","Option 4","","01/01/2039","Southwest Housing Compliance Corporation","","","","","07/01/2023","09/01/2023","01/01/2024","RCS",""
"Clinton Manor","75830","60","60","Mike McKee","","","Option 1","","12/31/2040","SC Housing","","","","","","09/01/2023","01/01/2024","OCAF",""
"Courthouse Square","90055","171","171","Tolga Ayberk","","","Option 1","","12/31/2039","Colorado Housing and Finance Authority","","","","","07/01/2023","09/01/2023","01/01/2024","RCS",""
"Faust Landmark Apartments","75532","200","200","Claire Beatty","","","RAD","","07/31/2025","Rockford Housing","","","","","","09/01/2023","01/01/2024","OCAF",""
"Fields Ertel Townhouses","75548","55","55","Matt Kim","","","Option 1","","12/31/2039","Assisted Housing Services Corporation","","","","","","09/01/2023","01/01/2024","OCAF",""
"French Apartments","75116","174","174","Mike McKee","","","Option 1","","12/31/2035","CGI","","","","","","09/01/2023","01/01/2024","OCAF",""
"Friendship Court","75831","80","80","Mike McKee","","","Option 2","","12/31/2040","SC State Housing","","","","","","09/01/2023","01/01/2024","OCAF",""
"Hondo Brian Place","90037","40","40","Tolga Ayberk","","","Option 1","","01/01/2039","Southwest Housing Compliance Corporation","","","","","07/01/2023","09/01/2023","01/01/2024","RCS",""
"International House","90076","99","98","Tolga Ayberk","","","Option 1","","12/31/2037","Bremerton Housing Authority","","","","","","09/01/2023","01/01/2024","OCAF",""
"IOOF Tower","90077","28","28","Tolga Ayberk","","","Option 1","","12/31/2040","Bremerton Housing Authority","","","","","","09/01/2023","01/01/2024","OCAF",""
"Kirkwood House","79197","261","260","Matt Kim","","","Option 1","","12/31/2028","MDHCD","","","","","07/01/2023","09/01/2023","01/01/2024","RCS",""
"Loring Towers (MA)","79181","250","140","Matt Kim","","","PBV","","12/31/2042","CTI","","","","","","09/01/2023","01/01/2024","Request",""
"Luther Towers","90111","362","362","Claire Beatty","","","SPRAC","","11/30/2043","Delaware State Housing Authority","","","","","","10/01/2023","01/01/2024","Request",""
"Newberry Arms","75832","60","60","Mike McKee","","","Option 1","","12/31/2040","SC State Housing","","","","","","09/01/2023","01/01/2024","OCAF",""
"Oaks on North Plaza","75544","62","62","Tolga Ayberk","","","Option 1","","12/31/2039","SWHCC","","","","","","09/01/2023","01/01/2024","OCAF",""
"Orangeburg Manor","90091","100","100","Mike McKee","","","Option 3","","12/27/2031","S.C. State Housing Finance and Development Authority","","","","","","09/01/2023","01/01/2024","OCAF",""
"Rip Van Winkle","90095","179","178","Matt Kim","","","","","05/31/2045","CGI","","","","","","09/01/2023","01/01/2024","OCAF",""
"Shawnee Village","75901","120","120","Matt Kim","","","Option 1","","12/31/2033","Illinois Housing Development Authority","","","","","07/01/2023","09/01/2023","01/01/2024","RCS",""
"Southport Mews","75433","65","64","Matt Kim","","","Option 2","","10/31/2029","HUD","","","","","","09/01/2023","01/01/2024","OCAF",""
"Sycamore Ridge","75912","304","304","Elliot Kohanbash","","","Option 4","","01/01/2033","NJHMFA","","","","","","09/01/2023","01/01/2024","OCAF",""
"Woodlake Apartments","75584","148","147","Elliot Kohanbash","","","Option 1","","10/31/2044","NJHMFA","","","","","","","01/01/2024","OCAF",""
"Hill Country Villas","HCV1","51","51","Tolga Ayberk","","","Option 1","","02/01/2034","HUD","","","","","","08/01/2023","01/01/2024","OCAF",""
"Treemont Village","4640008","60","60","Elliot Kohanbash","","","Option 2","","01/01/2033","HUD","","","","","","09/02/2023","01/02/2024","OCAF",""
"Halcyon House","90067","197","197","Tolga Ayberk","","","Option 1","","01/03/2036","Colorado Housing and Finance Authority","","","","","","09/04/2023","01/04/2024","OCAF",""
"Arlington Park","90022","130","130","Matt Kim","","","Option 1","","01/31/2037","Massachusetts Housing Finance Agency","","","","","","09/10/2023","01/10/2024","OCAF",""
"Washington Heights","75925","404","366","Matt Kim","","","Option 5","","01/30/2036","Massachusetts Housing Finance Agency","","","","","","09/15/2023","01/15/2024","OCAF",""
"Fullerton Court","75918","196","195","Matt Kim","","","Option 1","","01/25/2034","National Housing Compliance","","","","","","09/26/2023","01/26/2024","OCAF",""
"Augustana Homes of Jewett","75534","72","72","Mike McKee","","","PRAC","","","HUD CT","","","","","","10/01/2023","02/01/2024","EXPIRES",""
"Circle Park Apartments","75833","418","239","Claire Beatty","","","Original","","01/31/2041","National Housing Compliance","","","","","","10/01/2023","02/01/2024","OCAF",""
"Creekwood Apartments","75903","104","104","Matt Kim","","","Option 1","","01/31/2034","National Housing Compliance","","","","","08/01/2023","10/01/2023","02/01/2024","RCS",""
"Fairview Gardens","90059","160","160","Mike McKee","","","Option 1","","01/31/2038","S.C. State Housing Finance and Development Authority","","","","","","10/01/2023","02/01/2024","OCAF",""
"Ferncliff South","4640005","84","84","Claire Beatty","","","Option 2","","01/31/2038","Navigate Affordable Housing Partners","","","","","","10/01/2023","02/01/2024","OCAF",""
"Greenport","75468","366","364","Elliot Kohanbash","","","Option 1","","01/31/2029","CGI","","","","","","10/01/2023","02/01/2024","OCAF",""
"Sandburg Village","75902","128","128","Matt Kim","","","Option 4","","02/01/2034","National Housing Compliance","","","","","","10/01/2023","02/01/2024","OCAF",""
"Senior World","75500","100","100","Mike McKee","","","Option 2","","02/01/2031","MSHDA","","","","","","10/02/2023","02/01/2024","OCAF",""
"The Woods","75491","57","57","Matt Kim","","","Option 2","","01/31/2034","National Housing Compliance","","","","","08/01/2023","10/01/2023","02/01/2024","RCS",""
"Market Square","75568","76","75","Mike McKee","","","Option 1","","02/03/2041","Navigate Affordable Housing Partners","","","","","","10/04/2023","02/04/2024","OCAF",""
"Country Village","75904","104","104","Matt Kim","","","Option 1","","02/29/2036","National Housing Compliance","","","","","","11/01/2023","03/01/2024","OCAF",""
"Somers Point Apartments","75578","225","224","Elliot Kohanbash","","","Option 1","","08/31/2045","NJHMFA","","","","","","11/01/2023","03/01/2024","OCAF",""
"Towns at River South","90109","161","75","Claire Beatty","","","RAD","","02/28/2043","Richmond Redevelopment and Housing Authority","","","","","","12/01/2023","03/01/2024","OCAF",""
"Barnum House","75569","84","83","Mike McKee","","","Option 1","","03/31/2041","Navigate Affordable Housing Partners","","","","","","12/01/2023","04/01/2024","OCAF",""
"Bella Vista","79605","100","100","Tolga Ayberk","","","Option 1","","03/31/2041","Southwest Housing Compliance Corporation","","","","","","01/01/2024","04/01/2024","OCAF",""
"Fox Hill","90063","160","160","Claire Beatty","","","Option 1","","02/28/2045","Missouri Housing Development Commission","","","","","","12/01/2023","04/01/2024","OCAF",""
"Hilltop","90072","77","77","Tolga Ayberk","","","Option 1","","03/31/2024","Colorado Housing and Finance Authority","","","","","10/01/2023","12/01/2023","04/01/2024","EXPIRES",""
"Mapleview Towers","75567","101","100","Mike McKee","","","Option 1","","03/31/2041","Navigate Affordable Housing Partners","","","","","","12/01/2023","04/01/2024","OCAF",""
"Marshall Field","75911","628","628","Matt Kim","","","Option 1","","04/30/2035","National Housing Compliance","","","","","","12/01/2023","04/01/2024","OCAF",""
"Montview Heights","90084","50","50","Tolga Ayberk","","","Option 1","","03/31/2040","Colorado Housing and Finance Authority","","","","","","12/01/2023","04/01/2024","OCAF",""
"MORH Housing","75927","126","125","Tolga Ayberk","","","Original","","03/31/2036","CAHI","","","","","","12/01/2023","04/01/2024","OCAF",""
"Oak Center","75926","77","77","Tolga Ayberk","","","Option 1","","03/31/2036","CAHI","","","","","","12/01/2023","04/01/2024","OCAF",""
"Park Club Apartments","75835","56","55","Mike McKee","","","Option 1","","03/31/2042","Wisconsin Housing & Economic Development Authority","","","","","","01/01/2024","04/01/2024","OCAF",""
"Riverwood","4640013","83","83","Mike McKee","","","Option 1","","03/31/2035","Navigate Affordable Housing Partners","","","","","","12/01/2023","04/01/2024","OCAF",""
"Roosevelt Apartments","90020","114","113","Matt Kim","","","Option 3","","03/31/2026","CGI","","","","","","12/01/2023","04/01/2024","OCAF",""
"Southeast Towers","75494","107","106","Mike McKee","","","PBV","","03/31/2028","NYS Homes and Community Renewal","","","","","","02/01/2024","04/01/2024","Request",""
"Southern Hills/Orlando","75834","212","212","Claire Beatty","","","Option 1","","03/31/2042","National Housing Compliance","","","","","","12/01/2023","04/01/2024","OCAF",""
"Spring Creek","75828","137","137","Matt Kim","","","Option 1","","03/31/2041","National Housing Compliance","","","","","","12/01/2023","04/01/2024","OCAF",""
"Brook","90023","98","97","Elliot Kohanbash","","","Option 3","","03/31/2031","CGI","","","","","","12/01/2023","04/01/2024","OCAF",""
"Hazelwood Towers","75146","97","95","Claire Beatty","","","Option 3","","04/14/2025","Pennsylvania Housing Finance Agency","","","","","10/15/2023","12/15/2023","04/15/2024","OCAF",""
"North Park","75478","123","123","Matt Kim","","","Option 1","","04/18/2031","CGI","","","","","","12/19/2023","04/19/2024","OCAF",""
"Malcolm Towers","90044","226","225","Elliot Kohanbash","","","Option 2","","04/30/2040","NJHMFA","","","","","","12/28/2023","04/28/2024","OCAF",""
"Arvada House","79619","88","88","Tolga Ayberk","","","Option 1","","04/30/2043","Colorado Housing and Finance Authority","","","","","","01/01/2024","05/01/2024","OCAF",""
"Crossroads of New Brighton","75947","172","172","Mike McKee","","","Option 1","","04/30/2036","Minn Housing","","","","","","01/01/2024","05/01/2024","OCAF",""
"Crossroads of Shoreview","75948","44","44","Mike McKee","","","Option 2","","04/30/2036","Minn Housing","","","","","","01/01/2024","05/01/2024","OCAF",""
"Hacienda Del Rio","90120","146","146","Tolga Ayberk","","","Option 1","","05/01/2044","Arizona Department of Housing","","","","","11/01/2023","01/01/2024","05/01/2024","RCS",""
"Park Bluff","75951","186","185","Mike McKee","","","Option 1","","03/31/2035","Wisconsin Housing & Economic Development Authority","","","","","","01/01/2024","05/01/2024","OCAF",""
"Pineview at Grogran's Mill","79606","300","300","Tolga Ayberk","","","Option 1","","04/30/2041","SWHCC","","","","","","01/01/2024","05/01/2024","OCAF",""
"Ridgewood at Panther Creek","79607","300","300","Tolga Ayberk","","","Option 1","","04/30/2041","SWHCC","","","","","","01/01/2024","05/01/2024","OCAF",""
"Shiloh Village","75572","168","168","Tolga Ayberk","","","Option 1","","05/01/2041","SWHCC","","","","","","01/01/2024","05/01/2024","OCAF",""
"Shoreline Plaza Apartments","79604","230","187","Mike McKee","","","Option 1","","04/30/2041","Minnesota Housing Finance Agency","","","","","","01/01/2024","05/01/2024","OCAF",""
"Sumler Terrace","4640014","126","126","Elliot Kohanbash","","","Option 1","","04/30/2037","Virginia Housing Development Authority","","","","","","01/01/2024","05/01/2024","OCAF",""
"Trees - Willow","90107","63","63","Claire Beatty","","","Option 1","","04/30/2040","Colorado Housing and Finance Authority","","","","","11/01/2023","02/01/2024","05/01/2024","RCS",""
"Fairview Homes","75920","136","135","Elliot Kohanbash","","","Option 2","","05/07/2035","NJHMFA","","","","","","01/07/2024","05/07/2024","OCAF",""
"Hershey Plaza","75587","216","215","Claire Beatty","","","Option 1","","05/31/2037","Pennsylvania Housing Finance Agency","","","","","","02/28/2024","05/31/2024","OCAF",""
"Bannock Arms","90051","66","66","Tolga Ayberk","","","Option 1","","05/31/2039","Idaho Housing and Finance Association","","","","","12/01/2023","02/01/2024","06/01/2024","RCS",""
"Branford Manor","75930","442","441","Mike McKee","","","Option 1","","06/01/2037","Navigate Affordable Housing Partners","","","","","","02/01/2024","06/01/2024","OCAF",""
"Country Club Heights","79612","200","120","Claire Beatty","","","RAD","","04/01/2041","Quincy PHA","","","","","","02/01/2024","06/01/2024","OCAF",""
"Crossroads of Edina","75946","64","26","Mike McKee","","","Option 2","","05/31/2036","Minn Housing","","","","","","02/01/2024","06/01/2024","OCAF",""
"HDR Fund","90080","125","125","Tolga Ayberk","","","Option 2","","05/31/2031","LA LOMOD","","","","","12/01/2023","02/01/2024","06/01/2024","RCS",""
"Ingram Square","79193","120","120","Tolga Ayberk","","","Option 3","","06/30/2031","HUD (HAP)","","","","","","02/01/2024","06/01/2024","OCAF",""
"Kinsey Greene","90079","110","64","Claire Beatty","","","","","06/01/2045","AHSC as Agent for Columbus Metropolitan Housing Authority","","","","","12/01/2023","02/01/2024","06/01/2024","EXPIRES",""
"Lake Worth Towers","90110","195","195","Elliot Kohanbash","","","PBV","","05/09/2043","Palm Beach County Housing Authority","","","","","","01/10/2024","06/01/2024","Request",""
"Northgate Terrace","75919","201","155","Tolga Ayberk","","","Option 2","","05/31/2035","CAHI","","","","","","02/01/2024","06/01/2024","OCAF",""
"Oaks on Clark","79602","80","80","Tolga Ayberk","","","Option 2","","05/31/2040","SWHCC","","","","","","02/01/2024","06/01/2024","OCAF",""
"Parkside Houses","90017","180","122","Matt Kim","","","RAD","","05/31/2036","HUD","","","","","","02/01/2024","06/01/2024","OCAF",""
"River Trails","79614","220","215","Tolga Ayberk","","","Option 2","","05/31/2042","SWHCC","","","","","","04/01/2024","06/01/2024","OCAF",""
"South Bay Villa","79608","80","80","Tolga Ayberk","","","Option 1","","05/27/2041","LA LOMOD","","","","","","02/01/2024","06/01/2024","OCAF",""
"Walnut Hill","75420","180","","Matt Kim","","","PBV","","","N/A","","","","","","02/01/2024","06/01/2024","Request",""
"Sandwich Manor","75444","90","89","Matt Kim","","","Option 1b","","07/01/2046","NHC","","","","","","02/24/2024","06/24/2024","OCAF",""
"Burt Farms I","75109","51","50","Elliot Kohanbash","","","Option 1","","06/30/2029","CGI","","","","","12/26/2023","02/26/2024","06/26/2024","RCS",""
"Country Gardens","75118","58","57","Elliot Kohanbash","","","Option 4","","06/29/2026","CGI","","","","","","03/01/2024","06/30/2024","OCAF",""
"Marine Terrace","75922","497","441","Mike McKee","","","Option 1","","06/29/2036","CGI","","","","","","03/01/2024","06/30/2024","OCAF",""
"New Horizons","75474","48","47","Elliot Kohanbash","","","Option 1","","04/30/2030","CGI","","","","","12/30/2023","03/01/2024","06/30/2024","RCS",""
"PJ Housing","75481","51","50","Matt Kim","","","Option 2","","06/29/2031","CGI","","","","","","03/01/2024","06/30/2024","OCAF",""
"333 Holly","75704","332","139","Tolga Ayberk","","","Option 1","","06/30/2040","SWHCC","","","","","","03/01/2024","07/01/2024","OCAF",""
"Augustana Homes of East Bridgeport","75538","48","48","Mike McKee","","","PRAC","","","HUD CT","","","","","","03/01/2024","07/01/2024","EXPIRES",""
"Butternut Creek","79617","100","198","Mike McKee","","","Option 2","","06/30/2043","MSHDA","","","","","","03/01/2024","07/01/2024","OCAF",""
"Campbell Terrace","75547","249","249","Claire Beatty","","","Option 1","","06/30/2039","National Housing Compliance","","","","","01/01/2024","03/01/2024","07/01/2024","RCS",""
"Crossroads of East Ravenswood","75936","124","124","Claire Beatty","","","Option 1","","06/30/2036","National Housing Compliance","","","","","","03/01/2024","07/01/2024","OCAF",""
"Fern","75466","205","204","Elliot Kohanbash","","","Option 1","","10/31/2028","Newark Filend Office - Region II","","","","","","03/01/2024","07/01/2024","OCAF",""
"Morningside Court","75573","171","171","Claire Beatty","","","Option 1","","06/30/2041","National Housing Compliance","","","","","","03/01/2024","07/01/2024","OCAF",""
"Northgate Village","75542","168","168","Tolga Ayberk","","","Option 1","","06/30/2039","SWHA","","","","","01/01/2024","03/01/2024","07/01/2024","RCS",""
"Nueva Americana","90088","49","49","Tolga Ayberk","","","Option 1","","06/30/2025","Colorado Housing and Finance Authority","","","","","","03/01/2024","07/01/2024","RCS",""
"Oakhaven","90090","35","35","Tolga Ayberk","","","Option 2","","06/30/2033","Idaho Housing and Finance Association","","","","","","03/01/2024","07/01/2024","OCAF",""
"Oceanport Gardens","75563","101","100","Elliot Kohanbash","","","Option 1","","06/27/2039","NJHMFA","","","","","07/01/2024","02/28/2024","07/01/2024","RCS",""
"Rose Tower","90097","168","120","Mike McKee","","","Option 2","","07/01/2034","Kentucky Housing Corporation","","","","","01/01/2024","04/01/2024","07/01/2024","RCS",""
"Shoreview Apartments","79627","156","156","Tolga Ayberk","","","Option 1","","07/01/2044","CAHI","","","","","01/01/2024","03/01/2024","07/01/2024","RCS",""
"State Street","75929","51","51","Mike McKee","","","Option 5","","06/30/2036","Wisconsin Housing & Economic Development Authority","","","","","","03/01/2024","07/01/2024","Request",""
"Talcott Gardens","75145","85","84","Mike McKee","","","Option 3","","06/30/2029","HUD","","","","","","03/01/2024","07/01/2024","OCAF",""
"Terry Manor Apartments","79628","170","170","Tolga Ayberk","","","Option 1","","07/01/2044","LA LOMOD","","","","","01/01/2024","03/01/2024","07/01/2024","RCS",""
"The Pines","75705","152","152","Tolga Ayberk","","","Option 1","","06/30/2040","SWHCC","","","","","","03/01/2024","07/01/2024","OCAF",""
"Tompkins Terrace","79622","193","61","Claire Beatty","","","PBV","","02/01/2040","City of Beacon Housing Authority","","","","","","03/01/2024","07/01/2024","Request",""
"Trees - Maple","90105","83","83","Claire Beatty","","","Option 1","","06/30/2037","Colorado Housing and Finance Authority","","","","","","04/01/2024","07/01/2024","OCAF",""
"Woodland Hills","79610","125","125","Mike McKee","","","Option 1","","06/30/2041","MSHDA","","","","","","03/01/2024","07/01/2024","OCAF",""
"Woodland Towers","75934","104","104","Claire Beatty","","","Option 1","","06/30/2036","National Housing Compliance","","","","","","03/01/2024","07/01/2024","OCAF",""
"Walden","75921","89","89","Elliot Kohanbash","","","Option 1","","07/14/2035","CGI","","","","","","03/15/2024","07/15/2024","OCAF",""
"All Hallows","79624","157","150","Tolga Ayberk","","","Option 1","","01/31/2026","CAHI","","","","","02/01/2024","04/01/2024","08/01/2024","RCS",""
"Beacon Hill","79618","198","198","Mike McKee","","","Option 1","","07/31/2043","MSHDA","","","","","","06/01/2024","08/01/2024","OCAF",""
"Centennial Islands","75443","118","118","Matt Kim","","","Option 2","","07/31/2026","MassHousing","","","","","","04/01/2024","08/01/2024","OCAF",""
"Gates Mills Villa","90064","191","175","Claire Beatty","","","Option 1","","08/01/2044","Assisted Housing Services Corporation","","","","","","","08/01/2024","RCS",""
"Golden Link Manor","90065","31","31","Tolga Ayberk","","","Option 4","","07/31/2036","Bremerton Housing Authority","","","","","","04/01/2024","08/01/2024","OCAF",""
"James Court","90078","50","50","Tolga Ayberk","","","Option 1","","07/31/2040","HUD","","","","","","05/01/2024","08/01/2024","OCAF",""
"La Salle","79626","145","142","Tolga Ayberk","","","Option 1","","01/31/2026","CAHI","","","","","02/01/2024","04/01/2024","08/01/2024","RCS",""
"Manhattan Plaza","75425","1689","1689","Claire Beatty","","","Option 1","","07/31/2037","HPD","","","","","","04/01/2024","08/01/2024","OCAF",""
"Northpoint","79603","304","304","Claire Beatty","","","Option 1","","07/31/2040","National Housing Compliance","","","","","","04/01/2024","08/01/2024","OCAF",""
"Squire Village","90099","51","50","Tolga Ayberk","","","Option 4","","07/31/2040","Colorado Housing and Finance Authority","","","","","","04/01/2024","08/01/2024","OCAF",""
"Westwood Village","4640009","","","","","","","","","","","","","","","04/01/2024","08/01/2024","OCAF",""
"Woodbury Oakwood","75488","96","96","Elliot Kohanbash","","","Option 2","","08/31/2028","NJHMFA","","","","","","04/05/2024","08/05/2024","OCAF",""
"Victory-Fiedler","75490","39","38","Elliot Kohanbash","","","PBV","","08/14/2027","NYCHPD","","","","","","04/15/2024","08/15/2024","Request",""
"Montgomery Gateway","90024","190","189","Elliot Kohanbash","","","Option 1","","03/31/2045","NJHMFA","","","","","","04/30/2024","08/31/2024","EXPIRES",""
"529 West 29th Street","75345","139","139","Mike McKee","","","Option 1","","08/31/2034","CGI","","","","","03/01/2024","05/01/2024","09/01/2024","RCS",""
"Bayview","79625","146","113","Tolga Ayberk","","","Option 1","","01/31/2026","CAHI","","","","","03/01/2024","05/01/2024","09/01/2024","RCS",""
"Clarendon Court","75546","152","152","Claire Beatty","","","Option 1","","08/31/2038","National Housing Compliance","","","","","","05/01/2024","09/01/2024","OCAF",""
"Garden House of River Oaks II","75935","145","145","Claire Beatty","","","Option 4","","08/31/2036","HUD","","","","","","05/01/2024","09/01/2024","OCAF",""
"Garden Vista","940001","150","149","Elliot Kohanbash","","","Option 1","","08/31/2034","CGI","","","","","03/01/2024","05/01/2024","09/01/2024","RCS",""
"Gates Manor","75933","51","51","Claire Beatty","","","Option 1","","08/31/2036","National Housing Compliance","","","","","","05/01/2024","09/01/2024","OCAF",""
"Highland Falls","75456","51","51","Matt Kim","","","Option 2","","08/31/2030","CGI","","","","","","05/01/2024","09/01/2024","OCAF",""
"Luther Towers","90111","362","362","Claire Beatty","","","SPRAC","","11/30/2043","Delaware State Housing Authority","","","","","03/01/2024","05/01/2024","09/01/2024","RCS",""
"Oaks on Lamar","75539","176","74","Tolga Ayberk","","","Option 1","","08/31/2038","SWHCC","","","","","","05/01/2024","09/01/2024","OCAF",""
"Peterson Plaza","75917","189","189","Mike McKee","","","Option 1","","08/31/2035","National Housing Compliance","","","","","","05/01/2024","09/01/2024","OCAF",""
"Riverside Townhomes","75540","128","128","Tolga Ayberk","","","Option 1","","08/31/2038","SWHCC","","","","","","05/01/2024","09/01/2024","OCAF",""
"Sheridan Park","75498","102","10","Matt Kim","","","Section 811","","08/31/2038","NHC","","","","","","05/01/2024","09/01/2024","Request",""
"St. Andrews Residences","940005","177","177","Elliot Kohanbash","","","PBV","","08/31/2041","West Palm Beach Housing Authority","","","","","","05/01/2024","09/01/2024","Request",""
"The Biltmore Towers","79601","230","230","Matt Kim","","","Option 3","","08/31/2040","Assisted Housing Services Corporation","","","","","","05/01/2024","09/01/2024","OCAF",""
"Trees - Holly","90104","94","94","Claire Beatty","","","Option 2","","08/31/2035","Colorado Housing and Finance Authority","","","","","","06/01/2024","09/01/2024","OCAF",""
"Willow Woods","4640010","144","100","Mike McKee","","","Option 2","","08/31/2032","Navigate Affordable Housing Partners","","","","","","05/01/2024","09/01/2024","OCAF",""
"Parkway Gardens","75479","694","694","Matt Kim","","","Option 2","","06/20/2031","National Housing Compliance","","","","","03/21/2024","05/21/2024","09/21/2024","RCS",""
"Holly House","75564","42","42","Elliot Kohanbash","","","Option 1","","09/23/2040","NJHMFA","","","","","","05/24/2024","09/24/2024","OCAF",""
"Alaska House","90045","105","105","Tolga Ayberk","","","Option 1","","09/30/2040","Bremerton Housing Authority","","","","","","06/01/2024","10/01/2024","OCAF",""
"Ashley Oaks","4640003","250","250","Matt Kim","","","RAD","","09/30/2036","HUD","","","","","","06/01/2024","10/01/2024","OCAF",""
"Canal Lock Apartments","75139","52","51","Elliot Kohanbash","","","Option 3","","09/30/2034","CGI","","","","","","06/01/2024","10/01/2024","OCAF",""
"Charter Village","90054","250","220","Claire Beatty","","","Option 1","","09/30/2043","THDA","","","","","","06/01/2024","10/01/2024","OCAF",""
"Colonial Village","75708","66","66","Matt Kim","","","Option 1","","09/30/2041","HUD","","","","","","06/01/2024","10/01/2024","OCAF",""
"Dawson Square","90057","36","36","Tolga Ayberk","","","Option 1","","09/30/2040","Colorado Housing and Finance Authority","","","","","","06/01/2024","10/01/2024","OCAF",""
"Ferncliff North","4640012","144","144","Claire Beatty","","","Option 1","","09/30/2034","Navigate Affordable Housing Partners","","","","","04/01/2024","06/01/2024","10/01/2024","RCS",""
"Greenacres","75484","101","100","Elliot Kohanbash","","","Option 3","","09/30/2027","CGI","","","","","","06/01/2024","10/01/2024","OCAF",""
"Hampshire House","75495","116","115","Elliot Kohanbash","","","Option 1","","09/30/2029","NJHMFA","","","","","04/01/2024","06/01/2024","10/01/2024","RCS",""
"Helios Station","90069","30","30","Tolga Ayberk","","","Option 1","","09/30/2040","Colorado Housing and Finance Authority","","","","","","06/01/2024","10/01/2024","OCAF",""
"Lathrop Homes IA","75545","414","151","Mike McKee","","","PBV","","09/30/2037","Chicago Housing Authority","","","","","","08/01/2024","10/01/2024","Request",""
"Newman Village","4640002","99","99","Mike McKee","","","RAD","","09/30/2036","HUD","","","","","","06/01/2024","10/01/2024","OCAF",""
"Northcross Townhomes","2640001","99","99","Mike McKee","","","Option 1","","09/30/2039","North Carolina Housing Finance Agency","","","","","04/01/2024","06/01/2024","10/01/2024","RCS",""
"Overlook","75458","100","99","Elliot Kohanbash","","","Option 3","","09/30/2034","CGI","","","","","","06/01/2024","10/01/2024","OCAF",""
"Princeton Court Apartments","90019","304","144","Matt Kim","","","Option 1","","09/30/2041","NYS Housing Trust Fund","","","","","","06/01/2024","10/01/2024","OCAF",""
"Terrace Ridge","90101","168","167","Claire Beatty","","","Option 1","","09/30/2029","Assisted Housing Services Corporation","","","","","04/01/2024","07/01/2024","10/01/2024","RCS",""
"Tiffany Square","90102","52","52","Tolga Ayberk","","","Option 2","","09/30/2040","Colorado Housing and Finance Authority","","","","","","07/01/2024","10/01/2024","OCAF",""
"Trees - Ash","90103","53","53","Claire Beatty","","","Option 1","","09/30/2039","Colorado Housing and Finance Authority","","","","","04/01/2024","07/01/2024","10/01/2024","RCS",""
"Universal City","75565","160","159","Claire Beatty","","","Option 3","","09/30/2037","National Housing Compliance","","","","","","06/01/2024","10/01/2024","OCAF",""
"Village Park","75431","200","167","Matt Kim","","","Option 5","","09/30/2037","Massachusetts Housing Finance Agency","","","","","","06/01/2024","10/01/2024","OCAF",""
"Winter Garden","79609","112","112","Claire Beatty","","","Option 1","","10/21/2041","Missouri Housing Development Commission","","","","","","07/01/2024","10/01/2024","OCAF",""
"Tyler House","90006","284","284","Mike McKee","","","Option 2","","09/30/2031","Assisted Housing Services Corporation","","","","","","06/01/2024","10/01/2024","OCAF",""
"Geneseo","75477","89","88","Matt Kim","","","Option 1","","10/03/2029","CGI","","","","","04/04/2024","06/04/2024","10/04/2024","RCS",""
"Burt Farms II","75480","50","50","Elliot Kohanbash","","","Option 2","","07/31/2031","CGI","","","","","","06/16/2024","10/16/2024","OCAF",""
"McCarthy Manor","75469","176","176","Matt Kim","","","Option 2","","10/26/2030","New York State Housing Trust Fund Corporation","","","","","","06/27/2024","10/27/2024","OCAF",""
"Augustana Homes of Fairfield","75537","15","15","Mike McKee","","","Option 1","","11/01/2037","Navigate Affordable Housing Partners","","","","","","07/01/2024","10/31/2024","OCAF",""
"Augustana Homes of Greenwich","75535","31","31","Mike McKee","","","Option 1","","10/31/2037","Navigate Affordable Housing Partners","","","","","","07/01/2024","10/31/2024","OCAF",""
"Woodlake Apartments","75584","148","147","Elliot Kohanbash","","","Option 1","","10/31/2044","NJHMFA","","","","","","07/31/2024","10/31/2024","RCS",""
"Allenhurst Apartments","90015","316","316","Matt Kim","","","RAD","","10/31/2039","HUD","","","","","","07/01/2024","11/01/2024","OCAF",""
"Alms Hill","75924","200","200","Matt Kim","","","Option 1","","10/31/2038","HUD","","","","","","07/01/2024","11/01/2024","OCAF",""
"Garden House of Park Forest","75937","145","145","Claire Beatty","","","Option 4","","10/31/2036","National Housing Compliance","","","","","","07/01/2024","11/01/2024","OCAF",""
"Harmon","75955","210","209","Matt Kim","","","Option 1","","10/31/2038","Assisted Housing Services Corporation","","","","","","07/01/2024","11/01/2024","OCAF",""
"Hostmark Village Cove","90075","120","120","Tolga Ayberk","","","Option 1","","10/31/2039","Bremerton Housing Authority","","","","","05/01/2024","07/01/2024","11/01/2024","RCS",""
"Landmark","90081","40","40","Tolga Ayberk","","","Option 1","","10/31/2025","Idaho Housing and Finance Association","","","","","","07/01/2024","11/01/2024","OCAF",""
"Linwood Square","75953","200","200","Tolga Ayberk","","","Option 1","","10/31/2037","SWHCC","","","","","","07/01/2024","11/01/2024","OCAF",""
"Peppertree Heights","90018","101","100","Matt Kim","","","Option 1","","10/31/2030","NYSHFA","","","","","","07/01/2024","11/01/2024","OCAF",""
"Phoenix Towers","75489","158","158","Claire Beatty","","","Option 1","","10/31/2033","National Housing Compliance","","","","","","07/01/2024","11/01/2024","OCAF",""
"Riverview II","75464","343","114","Elliot Kohanbash","","","PBV","","11/15/2043","MHACY","","","","","","08/01/2024","11/01/2024","Request",""
"Stephenville Crossing","75952","86","86","Tolga Ayberk","","","Option 1","","10/31/2037","SWHCC","","","","","","07/01/2024","11/01/2024","OCAF",""
"The Magnolia","75954","65","65","Tolga Ayberk","","","Option 2","","11/01/2037","TDHCA","","","","","","07/01/2024","11/01/2024","OCAF",""
"Van Nuys","7917579173","299","299","Tolga Ayberk","","","Option 3","","","LA LOMOD","","","","","","07/01/2024","11/01/2024","EXPIRES",""
"Warren Knolls","75455","97","96","Matt Kim","","","Option 1","","11/30/2026","New York State Housing Trust Fund Corporation","","","","","","07/16/2024","11/16/2024","OCAF",""
"Mohican","75914","146","146","Mike McKee","","","Option 4","","11/17/2034","Connecticut Housing Finance Authority","","","","","","07/18/2024","11/18/2024","OCAF",""
"Washington Square West","79138","132","131","Mike McKee","","","Option 1","","11/22/2029","Pennsylvania Housing Finance Agency","","","","","05/23/2024","07/23/2024","11/23/2024","EXPIRES",""
"Essex-Phoenix","75497","145","144","Elliot Kohanbash","","","Option 4","","11/24/2033","NJHMFA","","","","","","07/25/2024","11/25/2024","OCAF",""
"Asbury Park","90048","44","43","Tolga Ayberk","","","Option 1","","11/30/2040","Colorado Housing and Finance Authority","","","","","","08/01/2024","12/01/2024","OCAF",""
"Day Meadows","90058","44","44","Tolga Ayberk","","","Option 4","","11/30/2031","HUD","","","","","","08/01/2024","12/01/2024","OCAF",""
"Elmwood Square","75570","138","6","Matt Kim","","","PBV","","11/30/2042","Buffalo Municipal Housing Authority","","","","","","08/01/2024","12/01/2024","Request",""
"Highland Square","90070","152","152","Mike McKee","","","Option 1","","11/30/2036","S.C. State Housing Finance and Development Authority","","","","","","08/01/2024","12/01/2024","OCAF",""
"John Crawford","75485","96","95","Matt Kim","","","Option 3","","11/30/2033","CGI Federal","","","","","","08/01/2024","12/01/2024","OCAF",""
"Noble Tower","75543","195","195","Tolga Ayberk","","","Option 1","","11/30/2039","HUD (HAP)","","","","","06/01/2024","08/01/2024","12/01/2024","RCS",""
"Oak Forest","90089","64","64","Mike McKee","","","Option 1","","11/30/2029","S.C. State Housing Finance and Development Authority","","","","","06/01/2024","08/01/2024","12/01/2024","RCS",""
"Oxford House","75487","156","156","Matt Kim","","","Option 2","","11/30/2031","National Housing Compliance","","","","","","08/01/2024","12/01/2024","OCAF",""
"Park Place","79611","242","242","Claire Beatty","","","Option 1","","10/21/2041","Missouri Housing Development Commission","","","","","","08/01/2024","12/01/2024","OCAF",""
"Round Barn Manor","79613","156","156","Claire Beatty","","","Option 2","","11/30/2043","National Housing Compliance","","","","","","08/01/2024","12/01/2024","OCAF",""
"Trees - Pine","90106","61","61","Claire Beatty","","","Option 1","","11/30/2040","Colorado Housing and Finance Authority","","","","","06/01/2024","09/01/2024","12/01/2024","RCS",""
"Walnut Hills","79174","198","197","Matt Kim","","","Option 3","","11/30/2033","Assisted Housing Services Corporation","","","","","","08/01/2024","12/01/2024","OCAF",""
"Luther Towers","90111","362","362","Claire Beatty","","","SPRAC","","11/30/2043","Delaware State Housing Authority","","","","","","09/06/2024","12/06/2024","OCAF",""
"Ebony Gardens","75566","144","144","Claire Beatty","","","Option 1","","12/31/2040","CGI","","","","","","08/08/2024","12/08/2024","OCAF",""
"Chestnut Park (Skyview)","75541","489","241","Matt Kim","","","RAD 2","","12/11/2038","HUD","","","","","","08/11/2024","12/11/2024","OCAF",""
"Riverhead Village","75583","135","135","Elliot Kohanbash","","","Option 1","","12/31/2043","CGI","","","","","","08/14/2024","12/14/2024","OCAF",""
"Cherry Garden","75576","254","252","Elliot Kohanbash","","","Option 1","","12/15/2041","NJHMFA","","","","","","08/16/2024","12/16/2024","OCAF",""
"Olde English Village","75923","200","200","Matt Kim","","","Option 3","","12/17/2035","MassHousing","","","","","","08/18/2024","12/18/2024","OCAF",""
"Westchester Park","90021","201","200","Matt Kim","","","Option 1","","12/27/2043","New York State Housing Trust Fund Corporation","","","","","","08/27/2024","12/27/2024","OCAF",""
"Augustana Homes of Danbury","75533","40","40","Mike McKee","","","PRAC","","","HUD CT","","","","","","09/01/2024","01/01/2025","EXPIRES",""
"Bastrop Oak Grove","90030","48","48","Tolga Ayberk","","","Option 4","","01/01/2039","Southwest Housing Compliance Corporation","","","","","","09/01/2024","01/01/2025","OCAF",""
"Bloomingdale Apartments","75932","111","111","Matt Kim","","","Option 1","","12/31/2043","National Housing Compliance","","","","","","09/01/2024","01/01/2025","OCAF",""
"Clinton Manor","75830","60","60","Mike McKee","","","Option 1","","12/31/2040","SC Housing","","","","","","09/01/2024","01/01/2025","OCAF",""
"Courthouse Square","90055","171","171","Tolga Ayberk","","","Option 1","","12/31/2039","Colorado Housing and Finance Authority","","","","","","09/01/2024","01/01/2025","OCAF",""
"Crevenna Oaks Apartments","667","50","50","Claire Beatty","","","Option 1","","01/01/2044","Navigate Affordable Housing Partners","","","","","","10/01/2024","01/01/2025","OCAF",""
"Faust Landmark Apartments","75532","200","200","Claire Beatty","","","RAD","","07/31/2025","Rockford Housing","","","","","","09/01/2024","01/01/2025","OCAF",""
"Fields Ertel Townhouses","75548","55","55","Matt Kim","","","Option 1","","12/31/2039","Assisted Housing Services Corporation","","","","","07/01/2024","09/01/2024","01/01/2025","RCS",""
"French Apartments","75116","174","174","Mike McKee","","","Option 1","","12/31/2035","CGI","","","","","","09/01/2024","01/01/2025","OCAF",""
"Friendship Court","75831","80","80","Mike McKee","","","Option 2","","12/31/2040","SC State Housing","","","","","","09/01/2024","01/01/2025","OCAF",""
"Hondo Brian Place","90037","40","40","Tolga Ayberk","","","Option 1","","01/01/2039","Southwest Housing Compliance Corporation","","","","","","09/01/2024","01/01/2025","OCAF",""
"International House","90076","99","98","Tolga Ayberk","","","Option 1","","12/31/2037","Bremerton Housing Authority","","","","","","09/01/2024","01/01/2025","OCAF",""
"IOOF Tower","90077","28","28","Tolga Ayberk","","","Option 1","","12/31/2040","Bremerton Housing Authority","","","","","","09/01/2024","01/01/2025","OCAF",""
"Kirkwood House","79197","261","260","Matt Kim","","","Option 1","","12/31/2028","MDHCD","","","","","","09/01/2024","01/01/2025","OCAF",""
"Loring Towers (MA)","79181","250","140","Matt Kim","","","PBV","","12/31/2042","CTI","","","","","","09/01/2024","01/01/2025","Request",""
"Luther Towers","90111","362","362","Claire Beatty","","","SPRAC","","11/30/2043","Delaware State Housing Authority","","","","","","10/01/2024","01/01/2025","Request",""
"Newberry Arms","75832","60","60","Mike McKee","","","Option 1","","12/31/2040","SC State Housing","","","","","","09/01/2024","01/01/2025","OCAF",""
"Oaks on North Plaza","75544","62","62","Tolga Ayberk","","","Option 1","","12/31/2039","SWHCC","","","","","07/01/2024","09/01/2024","01/01/2025","RCS",""
"Orangeburg Manor","90091","100","100","Mike McKee","","","Option 3","","12/27/2031","S.C. State Housing Finance and Development Authority","","","","","","09/01/2024","01/01/2025","OCAF",""
"Rip Van Winkle","90095","179","178","Matt Kim","","","","","05/31/2045","CGI","","","","","07/01/2024","09/01/2024","01/01/2025","EXPIRES",""
"Shawnee Village","75901","120","120","Matt Kim","","","Option 1","","12/31/2033","Illinois Housing Development Authority","","","","","","09/01/2024","01/01/2025","OCAF",""
"Southport Mews","75433","65","64","Matt Kim","","","Option 2","","10/31/2029","HUD","","","","","07/01/2024","09/01/2024","01/01/2025","RCS",""
"Summit Oaks Apartments","670","50","50","Claire Beatty","","","Option 1","","01/01/2044","Navigate Affordable Housing Partners","","","","","","10/01/2024","01/01/2025","OCAF",""
"Sycamore Ridge","75912","304","304","Elliot Kohanbash","","","Option 4","","01/01/2033","NJHMFA","","","","","","09/01/2024","01/01/2025","OCAF",""
"Westminster Village","75483","432","400","Matt Kim","","","Option 5","","12/31/2043","Massachusetts Housing Finance Agency","","","","","","09/01/2024","01/01/2025","OCAF",""
"Hill Country Villas","HCV1","51","51","Tolga Ayberk","","","Option 1","","02/01/2034","HUD","","","","","","08/01/2024","01/01/2025","OCAF",""
"Treemont Village","4640008","60","60","Elliot Kohanbash","","","Option 2","","01/01/2033","HUD","","","","","","09/02/2024","01/02/2025","OCAF",""
"Halcyon House","90067","197","197","Tolga Ayberk","","","Option 1","","01/03/2036","Colorado Housing and Finance Authority","","","","","","09/04/2024","01/04/2025","OCAF",""
"Arlington Park","90022","130","130","Matt Kim","","","Option 1","","01/31/2037","Massachusetts Housing Finance Agency","","","","","","09/10/2024","01/10/2025","OCAF",""
"Washington Heights","75925","404","366","Matt Kim","","","Option 5","","01/30/2036","Massachusetts Housing Finance Agency","","","","","","09/15/2024","01/15/2025","OCAF",""
"Van Buren Park Apartments","75931","300","299","Matt Kim","","","Option 1","","01/31/2044","National Housing Compliance","","","","","","09/17/2024","01/17/2025","OCAF",""
"Fullerton Court","75918","196","195","Matt Kim","","","Option 1","","01/25/2034","National Housing Compliance","","","","","07/26/2024","09/26/2024","01/26/2025","RCS",""
"Augustana Homes of Jewett","75534","72","72","Mike McKee","","","PRAC","","","HUD CT","","","","","","10/01/2024","02/01/2025","EXPIRES",""
"Circle Park Apartments","75833","418","239","Claire Beatty","","","Original","","01/31/2041","National Housing Compliance","","","","","","10/01/2024","02/01/2025","OCAF",""
"Creekwood Apartments","75903","104","104","Matt Kim","","","Option 1","","01/31/2034","National Housing Compliance","","","","","","10/01/2024","02/01/2025","OCAF",""
"Fairview Gardens","90059","160","160","Mike McKee","","","Option 1","","01/31/2038","S.C. State Housing Finance and Development Authority","","","","","","10/01/2024","02/01/2025","OCAF",""
"Ferncliff South","4640005","84","84","Claire Beatty","","","Option 2","","01/31/2038","Navigate Affordable Housing Partners","","","","","","10/01/2024","02/01/2025","OCAF",""
"Greenport","75468","366","364","Elliot Kohanbash","","","Option 1","","01/31/2029","CGI","","","","","","10/01/2024","02/01/2025","OCAF",""
"Sandburg Village","75902","128","128","Matt Kim","","","Option 4","","02/01/2034","National Housing Compliance","","","","","","10/01/2024","02/01/2025","OCAF",""
"Senior World","75500","100","100","Mike McKee","","","Option 2","","02/01/2031","MSHDA","","","","","","10/02/2024","02/01/2025","OCAF",""
"The Woods","75491","57","57","Matt Kim","","","Option 2","","01/31/2034","National Housing Compliance","","","","","","10/01/2024","02/01/2025","OCAF",""
"Market Square","75568","76","75","Mike McKee","","","Option 1","","02/03/2041","Navigate Affordable Housing Partners","","","","","","10/04/2024","02/04/2025","OCAF",""
"Alpha Towers","90114","165","165","Claire Beatty","","","Option 1","","02/28/2044","Assisted Housing Services Corporation","","","","","","12/01/2024","03/01/2025","OCAF",""
"Country Village","75904","104","104","Matt Kim","","","Option 1","","02/29/2036","National Housing Compliance","","","","","","11/01/2024","03/01/2025","OCAF",""
"Somers Point Apartments","75578","225","224","Elliot Kohanbash","","","Option 1","","08/31/2045","NJHMFA","","","","","","11/01/2024","03/01/2025","OCAF",""
"Towns at River South","90109","161","75","Claire Beatty","","","RAD","","02/28/2043","Richmond Redevelopment and Housing Authority","","","","","","12/01/2024","03/01/2025","OCAF",""
"Armory Plaza","75582","52","52","Claire Beatty","","","Option 1","","03/20/2044","New York State Housing Trust Fund Corporation","","","","","","11/22/2024","03/22/2025","OCAF",""
"Barnum House","75569","84","83","Mike McKee","","","Option 1","","03/31/2041","Navigate Affordable Housing Partners","","","","","","12/01/2024","04/01/2025","OCAF",""
"Bella Vista","79605","100","100","Tolga Ayberk","","","Option 1","","03/31/2041","Southwest Housing Compliance Corporation","","","","","","01/01/2025","04/01/2025","OCAF",""
"Fox Hill","90063","160","160","Claire Beatty","","","Option 1","","02/28/2045","Missouri Housing Development Commission","","","","","","12/01/2024","04/01/2025","OCAF",""
"Mapleview Towers","75567","101","100","Mike McKee","","","Option 1","","03/31/2041","Navigate Affordable Housing Partners","","","","","","12/01/2024","04/01/2025","OCAF",""
"Marshall Field","75911","628","628","Matt Kim","","","Option 1","","04/30/2035","National Housing Compliance","","","","","10/01/2024","12/01/2024","04/01/2025","RCS",""
"Montview Heights","90084","50","50","Tolga Ayberk","","","Option 1","","03/31/2040","Colorado Housing and Finance Authority","","","","","10/01/2024","12/01/2024","04/01/2025","RCS",""
"MORH Housing","75927","126","125","Tolga Ayberk","","","Original","","03/31/2036","CAHI","","","","","","12/01/2024","04/01/2025","OCAF",""
"Oak Center","75926","77","77","Tolga Ayberk","","","Option 1","","03/31/2036","CAHI","","","","","","12/01/2024","04/01/2025","OCAF",""
"Park Club Apartments","75835","56","55","Mike McKee","","","Option 1","","03/31/2042","Wisconsin Housing & Economic Development Authority","","","","","","01/01/2025","04/01/2025","OCAF",""
"Riverwood","4640013","83","83","Mike McKee","","","Option 1","","03/31/2035","Navigate Affordable Housing Partners","","","","","10/01/2024","12/01/2024","04/01/2025","RCS",""
"Riverwoods Apartments","79621","125","125","Claire Beatty","","","Option 2","","12/31/2043","CGI","","","","","","12/01/2024","04/01/2025","OCAF",""
"Roosevelt Apartments","90020","114","113","Matt Kim","","","Option 3","","03/31/2026","CGI","","","","","","12/01/2024","04/01/2025","OCAF",""
"Southeast Towers","75494","107","106","Mike McKee","","","PBV","","03/31/2028","NYS Homes and Community Renewal","","","","","","02/01/2025","04/01/2025","Request",""
"Southern Hills/Orlando","75834","212","212","Claire Beatty","","","Option 1","","03/31/2042","National Housing Compliance","","","","","","12/01/2024","04/01/2025","OCAF",""
"Spring Creek","75828","137","137","Matt Kim","","","Option 1","","03/31/2041","National Housing Compliance","","","","","","12/01/2024","04/01/2025","OCAF",""
"Brook","90023","98","97","Elliot Kohanbash","","","Option 3","","03/31/2031","CGI","","","","","","12/01/2024","04/01/2025","OCAF",""
"Hazelwood Towers","75146","97","95","Claire Beatty","","","Option 3","","04/14/2025","Pennsylvania Housing Finance Agency","","","","","","12/15/2024","04/15/2025","OCAF",""
"North Park","75478","123","123","Matt Kim","","","Option 1","","04/18/2031","CGI","","","","","10/19/2024","12/19/2024","04/19/2025","RCS",""
"Malcolm Towers","90044","226","225","Elliot Kohanbash","","","Option 2","","04/30/2040","NJHMFA","","","","","10/28/2024","12/28/2024","04/28/2025","RCS",""
"Arvada House","79619","88","88","Tolga Ayberk","","","Option 1","","04/30/2043","Colorado Housing and Finance Authority","","","","","","01/01/2025","05/01/2025","OCAF",""
"Crossroads of New Brighton","75947","172","172","Mike McKee","","","Option 1","","04/30/2036","Minn Housing","","","","","","01/01/2025","05/01/2025","OCAF",""
"Crossroads of Shoreview","75948","44","44","Mike McKee","","","Option 2","","04/30/2036","Minn Housing","","","","","","01/01/2025","05/01/2025","OCAF",""
"Darby Townhouses","90056","172","168","Claire Beatty","","","Option 2","","12/31/2032","Pennsylvania Housing Finance Agency","","","","","05/01/2025","02/01/2025","05/01/2025","RCS",""
"Hacienda Del Rio","90120","146","146","Tolga Ayberk","","","Option 1","","05/01/2044","Arizona Department of Housing","","","","","","01/01/2025","05/01/2025","OCAF",""
"Park Bluff","75951","186","185","Mike McKee","","","Option 1","","03/31/2035","Wisconsin Housing & Economic Development Authority","","","","","11/01/2024","01/01/2025","05/01/2025","RCS",""
"Pineview at Grogran's Mill","79606","300","300","Tolga Ayberk","","","Option 1","","04/30/2041","SWHCC","","","","","","01/01/2025","05/01/2025","OCAF",""
"Poplar Grove","90117","130","128","Mike McKee","","","Option 1","","04/30/2044","North Carolina Housing Finance Agency","","","","","","01/01/2025","05/01/2025","OCAF",""
"Ridgewood at Panther Creek","79607","300","300","Tolga Ayberk","","","Option 1","","04/30/2041","SWHCC","","","","","","01/01/2025","05/01/2025","OCAF",""
"Shiloh Village","75572","168","168","Tolga Ayberk","","","Option 1","","05/01/2041","SWHCC","","","","","","01/01/2025","05/01/2025","OCAF",""
"Shoreline Plaza Apartments","79604","230","187","Mike McKee","","","Option 1","","04/30/2041","Minnesota Housing Finance Agency","","","","","","01/01/2025","05/01/2025","OCAF",""
"Sumler Terrace","4640014","126","126","Elliot Kohanbash","","","Option 1","","04/30/2037","Virginia Housing Development Authority","","","","","","01/01/2025","05/01/2025","OCAF",""
"Trees - Willow","90107","63","63","Claire Beatty","","","Option 1","","04/30/2040","Colorado Housing and Finance Authority","","","","","11/01/2024","02/01/2025","05/01/2025","RCS",""
"Fairview Homes","75920","136","135","Elliot Kohanbash","","","Option 2","","05/07/2035","NJHMFA","","","","","11/07/2024","01/07/2025","05/07/2025","RCS",""
"Hershey Plaza","75587","216","215","Claire Beatty","","","Option 1","","05/31/2037","Pennsylvania Housing Finance Agency","","","","","","02/28/2025","05/31/2025","OCAF",""
"Bannock Arms","90051","66","66","Tolga Ayberk","","","Option 1","","05/31/2039","Idaho Housing and Finance Association","","","","","","02/01/2025","06/01/2025","OCAF",""
"Branford Manor","75930","442","441","Mike McKee","","","Option 1","","06/01/2037","Navigate Affordable Housing Partners","","","","","","02/01/2025","06/01/2025","OCAF",""
"Country Club Heights","79612","200","120","Claire Beatty","","","RAD","","04/01/2041","Quincy PHA","","","","","","02/01/2025","06/01/2025","OCAF",""
"Crossroads of Edina","75946","64","26","Mike McKee","","","Option 2","","05/31/2036","Minn Housing","","","","","","02/01/2025","06/01/2025","OCAF",""
"HDR Fund","90080","125","125","Tolga Ayberk","","","Option 2","","05/31/2031","LA LOMOD","","","","","","02/01/2025","06/01/2025","OCAF",""
"Ingram Square","79193","120","120","Tolga Ayberk","","","Option 3","","06/30/2031","HUD (HAP)","","","","","","02/01/2025","06/01/2025","OCAF",""
"Lake Worth Towers","90110","195","195","Elliot Kohanbash","","","PBV","","05/09/2043","Palm Beach County Housing Authority","","","","","","03/01/2025","06/01/2025","Request",""
"Northgate Terrace","75919","201","155","Tolga Ayberk","","","Option 2","","05/31/2035","CAHI","","","","","12/01/2024","02/01/2025","06/01/2025","RCS",""
"Oaks on Clark","79602","80","80","Tolga Ayberk","","","Option 2","","05/31/2040","SWHCC","","","","","12/01/2024","02/01/2025","06/01/2025","RCS",""
"Parkside Houses","90017","180","122","Matt Kim","","","RAD","","05/31/2036","HUD","","","","","","02/01/2025","06/01/2025","OCAF",""
"River Trails","79614","220","215","Tolga Ayberk","","","Option 2","","05/31/2042","SWHCC","","","","","","04/01/2025","06/01/2025","OCAF",""
"South Bay Villa","79608","80","80","Tolga Ayberk","","","Option 1","","05/27/2041","LA LOMOD","","","","","","02/01/2025","06/01/2025","OCAF",""
"Walnut Hill","75420","180","","Matt Kim","","","PBV","","","N/A","","","","","","02/01/2025","06/01/2025","Request",""
"Sandwich Manor","75444","90","89","Matt Kim","","","Option 1b","","07/01/2046","NHC","","","","","12/24/2024","02/24/2025","06/24/2025","RCS",""
"Burt Farms I","75109","51","50","Elliot Kohanbash","","","Option 1","","06/30/2029","CGI","","","","","","02/26/2025","06/26/2025","OCAF",""
"Country Gardens","75118","58","57","Elliot Kohanbash","","","Option 4","","06/29/2026","CGI","","","","","","03/01/2025","06/30/2025","OCAF",""
"Marine Terrace","75922","497","441","Mike McKee","","","Option 1","","06/29/2036","CGI","","","","","","03/01/2025","06/30/2025","OCAF",""
"PJ Housing","75481","51","50","Matt Kim","","","Option 2","","06/29/2031","CGI","","","","","","03/01/2025","06/30/2025","OCAF",""
"333 Holly","75704","332","139","Tolga Ayberk","","","Option 1","","06/30/2040","SWHCC","","","","","01/01/2025","03/01/2025","07/01/2025","RCS",""
"Augustana Homes of East Bridgeport","75538","48","48","Mike McKee","","","PRAC","","","HUD CT","","","","","","03/01/2025","07/01/2025","EXPIRES",""
"Butternut Creek","79617","100","198","Mike McKee","","","Option 2","","06/30/2043","MSHDA","","","","","","03/01/2025","07/01/2025","OCAF",""
"Campbell Terrace","75547","249","249","Claire Beatty","","","Option 1","","06/30/2039","National Housing Compliance","","","","","","03/01/2025","07/01/2025","OCAF",""
"Crossroads of East Ravenswood","75936","124","124","Claire Beatty","","","Option 1","","06/30/2036","National Housing Compliance","","","","","","03/01/2025","07/01/2025","OCAF",""
"Fern","75466","205","204","Elliot Kohanbash","","","Option 1","","10/31/2028","Newark Filend Office - Region II","","","","","","03/01/2025","07/01/2025","OCAF",""
"Morningside Court","75573","171","171","Claire Beatty","","","Option 1","","06/30/2041","National Housing Compliance","","","","","","03/01/2025","07/01/2025","OCAF",""
"New Horizons","75474","48","47","Elliot Kohanbash","","","Option 1","","04/30/2030","CGI","","","","","","03/01/2025","07/01/2025","OCAF",""
"Northgate Village","75542","168","168","Tolga Ayberk","","","Option 1","","06/30/2039","SWHA","","","","","","03/01/2025","07/01/2025","OCAF",""
"Nueva Americana","90088","49","49","Tolga Ayberk","","","Option 1","","06/30/2025","Colorado Housing and Finance Authority","","","","","","03/01/2025","07/01/2025","EXPIRES",""
"Oakhaven","90090","35","35","Tolga Ayberk","","","Option 2","","06/30/2033","Idaho Housing and Finance Association","","","","","","03/01/2025","07/01/2025","OCAF",""
"Oceanport Gardens","75563","101","100","Elliot Kohanbash","","","Option 1","","06/27/2039","NJHMFA","","","","","","03/01/2025","07/01/2025","OCAF",""
"Rose Tower","90097","168","120","Mike McKee","","","Option 2","","07/01/2034","Kentucky Housing Corporation","","","","","","04/01/2025","07/01/2025","OCAF",""
"Shoreview Apartments","79627","156","156","Tolga Ayberk","","","Option 1","","07/01/2044","CAHI","","","","","","03/01/2025","07/01/2025","OCAF",""
"State Street","75929","51","51","Mike McKee","","","Option 5","","06/30/2036","Wisconsin Housing & Economic Development Authority","","","","","","03/01/2025","07/01/2025","Request",""
"Talcott Gardens","75145","85","84","Mike McKee","","","Option 3","","06/30/2029","HUD","","","","","","03/01/2025","07/01/2025","OCAF",""
"Terrific Tenements","75475","88","88","Elliot Kohanbash","","","Option 1","","07/01/2045","CGI","","","","","01/01/2025","03/01/2025","07/01/2025","RCS",""
"Terry Manor Apartments","79628","170","170","Tolga Ayberk","","","Option 1","","07/01/2044","LA LOMOD","","","","","","03/01/2025","07/01/2025","OCAF",""
"The Pines","75705","152","152","Tolga Ayberk","","","Option 1","","06/30/2040","SWHCC","","","","","01/01/2025","03/01/2025","07/01/2025","RCS",""
"Tompkins Terrace","79622","193","61","Claire Beatty","","","PBV","","02/01/2040","City of Beacon Housing Authority","","","","","","03/01/2025","07/01/2025","Request",""
"Trees - Maple","90105","83","83","Claire Beatty","","","Option 1","","06/30/2037","Colorado Housing and Finance Authority","","","","","","04/01/2025","07/01/2025","OCAF",""
"Woodland Hills","79610","125","125","Mike McKee","","","Option 1","","06/30/2041","MSHDA","","","","","","03/01/2025","07/01/2025","OCAF",""
"Woodland Towers","75934","104","104","Claire Beatty","","","Option 1","","06/30/2036","National Housing Compliance","","","","","","03/01/2025","07/01/2025","OCAF",""
"Walden","75921","89","89","Elliot Kohanbash","","","Option 1","","07/14/2035","CGI","","","","","01/15/2025","03/15/2025","07/15/2025","RCS",""
"All Hallows","79624","157","150","Tolga Ayberk","","","Option 1","","01/31/2026","CAHI","","","","","","04/01/2025","08/01/2025","OCAF",""
"Beacon Hill","79618","198","198","Mike McKee","","","Option 1","","07/31/2043","MSHDA","","","","","","06/01/2025","08/01/2025","OCAF",""
"Centennial Islands","75443","118","118","Matt Kim","","","Option 2","","07/31/2026","MassHousing","","","","","","04/01/2025","08/01/2025","OCAF",""
"Federation Plaza","90062","124","123","Elliot Kohanbash","","","Option 1","","07/31/2045","CGI","","","","","02/01/2025","04/01/2025","08/01/2025","RCS",""
"Gates Mills Villa","90064","191","175","Claire Beatty","","","Option 1","","08/01/2044","Assisted Housing Services Corporation","","","","","","05/01/2025","08/01/2025","OCAF",""
"Golden Link Manor","90065","31","31","Tolga Ayberk","","","Option 4","","07/31/2036","Bremerton Housing Authority","","","","","","04/01/2025","08/01/2025","RCS",""
"James Court","90078","50","50","Tolga Ayberk","","","Option 1","","07/31/2040","HUD","","","","","02/01/2025","05/01/2025","08/01/2025","RCS",""
"La Salle","79626","145","142","Tolga Ayberk","","","Option 1","","01/31/2026","CAHI","","","","","","04/01/2025","08/01/2025","OCAF",""
"Manhattan Plaza","75425","1689","1689","Claire Beatty","","","Option 1","","07/31/2037","HPD","","","","","","04/01/2025","08/01/2025","OCAF",""
"Northpoint","79603","304","304","Claire Beatty","","","Option 1","","07/31/2040","National Housing Compliance","","","","","02/01/2025","04/01/2025","08/01/2025","RCS",""
"Squire Village","90099","51","50","Tolga Ayberk","","","Option 4","","07/31/2040","Colorado Housing and Finance Authority","","","","","02/01/2025","04/01/2025","08/01/2025","RCS",""
"Westwood Village","4640009","","","","","","","","","","","","","","02/01/2025","04/01/2025","08/01/2025","RCS",""
"Woodbury Oakwood","75488","96","96","Elliot Kohanbash","","","Option 2","","08/31/2028","NJHMFA","","","","","","04/05/2025","08/05/2025","OCAF",""
"Victory-Fiedler","75490","39","38","Elliot Kohanbash","","","PBV","","08/14/2027","NYCHPD","","","","","","04/15/2025","08/15/2025","Request",""
"529 West 29th Street","75345","139","139","Mike McKee","","","Option 1","","08/31/2034","CGI","","","","","","05/01/2025","09/01/2025","OCAF",""
"Avon Towers","90049","125","125","Mike McKee","","","Option 1","","08/31/2044","MSHDA","","","","","","05/01/2025","09/01/2025","OCAF",""
"Bayview","79625","146","113","Tolga Ayberk","","","Option 1","","01/31/2026","CAHI","","","","","","05/01/2025","09/01/2025","OCAF",""
"Clarendon Court","75546","152","152","Claire Beatty","","","Option 1","","08/31/2038","National Housing Compliance","","","","","","05/01/2025","09/01/2025","OCAF",""
"Garden House of River Oaks II","75935","145","145","Claire Beatty","","","Option 4","","08/31/2036","HUD","","","","","","05/01/2025","09/01/2025","OCAF",""
"Garden Vista","940001","150","149","Elliot Kohanbash","","","Option 1","","08/31/2034","CGI","","","","","","05/01/2025","09/01/2025","OCAF",""
"Gates Manor","75933","51","51","Claire Beatty","","","Option 1","","08/31/2036","National Housing Compliance","","","","","","05/01/2025","09/01/2025","OCAF",""
"Highland Falls","75456","51","51","Matt Kim","","","Option 2","","08/31/2030","CGI","","","","","03/01/2025","05/01/2025","09/01/2025","RCS",""
"Luther Towers","90111","362","362","Claire Beatty","","","SPRAC","","11/30/2043","Delaware State Housing Authority","","","","","","05/01/2025","09/01/2025","OCAF",""
"Midtown Estates","90083","88","87","Claire Beatty","","","Option 1","","08/31/2044","THDA","","","","","","06/01/2025","09/01/2025","OCAF",""
"Oaks on Lamar","75539","176","74","Tolga Ayberk","","","Option 1","","08/31/2038","SWHCC","","","","","","05/01/2025","09/01/2025","OCAF",""
"Peterson Plaza","75917","189","189","Mike McKee","","","Option 1","","08/31/2035","National Housing Compliance","","","","","03/01/2025","05/01/2025","09/01/2025","RCS",""
"Plaza Apartments","90128","191","190","Claire Beatty","","","Option 1","","01/31/2037","Missouri Housing Development Commission","","","","","","06/01/2025","09/01/2025","OCAF",""
"Riverside Townhomes","75540","128","128","Tolga Ayberk","","","Option 1","","08/31/2038","SWHCC","","","","","","05/01/2025","09/01/2025","OCAF",""
"Sheridan Park","75498","102","10","Matt Kim","","","Section 811","","08/31/2038","NHC","","","","","","05/01/2025","09/01/2025","Request",""
"Somers Point Apartments","75578","225","224","Elliot Kohanbash","","","Option 1","","08/31/2045","NJHMFA","","","","","09/01/2025","05/01/2025","09/01/2025","RCS",""
"St. Andrews Residences","940005","177","177","Elliot Kohanbash","","","PBV","","08/31/2041","West Palm Beach Housing Authority","","","","","","05/01/2025","09/01/2025","Request",""
"The Biltmore Towers","79601","230","230","Matt Kim","","","Option 3","","08/31/2040","Assisted Housing Services Corporation","","","","","","05/01/2025","09/01/2025","OCAF",""
"The Greenhouse","90119","80","79","Matt Kim","","","","","08/31/2043","MassHousing","","","","","","06/01/2025","09/01/2025","OCAF",""
"Trees - Holly","90104","94","94","Claire Beatty","","","Option 2","","08/31/2035","Colorado Housing and Finance Authority","","","","","03/01/2025","06/01/2025","09/01/2025","RCS",""
"Willow Woods","4640010","144","100","Mike McKee","","","Option 2","","08/31/2032","Navigate Affordable Housing Partners","","","","","","05/01/2025","09/01/2025","OCAF",""
"Parkway Gardens","75479","694","694","Matt Kim","","","Option 2","","06/20/2031","National Housing Compliance","","","","","","05/21/2025","09/21/2025","OCAF",""
"Holly House","75564","42","42","Elliot Kohanbash","","","Option 1","","09/23/2040","NJHMFA","","","","","03/24/2025","05/24/2025","09/24/2025","RCS",""
"Alaska House","90045","105","105","Tolga Ayberk","","","Option 1","","09/30/2040","Bremerton Housing Authority","","","","","04/01/2025","06/01/2025","10/01/2025","RCS",""
"Ashley Oaks","4640003","250","250","Matt Kim","","","RAD","","09/30/2036","HUD","","","","","","06/01/2025","10/01/2025","OCAF",""
"Brewster Mews","90016","216","215","Matt Kim","","","","","09/30/2041","HUD","","","","","","06/01/2025","10/01/2025","OCAF",""
"Canal Lock Apartments","75139","52","51","Elliot Kohanbash","","","Option 3","","09/30/2034","CGI","","","","","","06/01/2025","10/01/2025","OCAF",""
"Charter Village","90054","250","220","Claire Beatty","","","Option 1","","09/30/2043","THDA","","","","","","06/01/2025","10/01/2025","OCAF",""
"Colonial Village","75708","66","66","Matt Kim","","","Option 1","","09/30/2041","HUD","","","","","","06/01/2025","10/01/2025","OCAF",""
"Dawson Square","90057","36","36","Tolga Ayberk","","","Option 1","","09/30/2040","Colorado Housing and Finance Authority","","","","","04/01/2025","06/01/2025","10/01/2025","RCS",""
"Ferncliff North","4640012","144","144","Claire Beatty","","","Option 1","","09/30/2034","Navigate Affordable Housing Partners","","","","","","06/01/2025","10/01/2025","OCAF",""
"Greenacres","75484","101","100","Elliot Kohanbash","","","Option 3","","09/30/2027","CGI","","","","","","06/01/2025","10/01/2025","OCAF",""
"Hampshire House","75495","116","115","Elliot Kohanbash","","","Option 1","","09/30/2029","NJHMFA","","","","","","06/01/2025","10/01/2025","OCAF",""
"Helios Station","90069","30","30","Tolga Ayberk","","","Option 1","","09/30/2040","Colorado Housing and Finance Authority","","","","","04/01/2025","06/01/2025","10/01/2025","RCS",""
"Hilltop","90072","77","77","Tolga Ayberk","","","Option 1","","03/31/2024","Colorado Housing and Finance Authority","","","","","","12/01/2024","10/01/2025","RCS",""
"Horizon Square","90074","92","92","Claire Beatty","","","Option 1","","09/30/2037","THDA","","","","","","07/01/2025","10/01/2025","OCAF",""
"Lathrop Homes IA","75545","414","151","Mike McKee","","","PBV","","09/30/2037","Chicago Housing Authority","","","","","","08/01/2025","10/01/2025","Request",""
"Newman Village","4640002","99","99","Mike McKee","","","RAD","","09/30/2036","HUD","","","","","","06/01/2025","10/01/2025","OCAF",""
"Northcross Townhomes","2640001","99","99","Mike McKee","","","Option 1","","09/30/2039","North Carolina Housing Finance Agency","","","","","","06/01/2025","10/01/2025","OCAF",""
"Overlook","75458","100","99","Elliot Kohanbash","","","Option 3","","09/30/2034","CGI","","","","","","06/01/2025","10/01/2025","OCAF",""
"Princeton Court Apartments","90019","304","144","Matt Kim","","","Option 1","","09/30/2041","NYS Housing Trust Fund","","","","","","06/01/2025","10/01/2025","OCAF",""
"Terrace Ridge","90101","168","167","Claire Beatty","","","Option 1","","09/30/2029","Assisted Housing Services Corporation","","","","","","07/01/2025","10/01/2025","OCAF",""
"Tiffany Square","90102","52","52","Tolga Ayberk","","","Option 2","","09/30/2040","Colorado Housing and Finance Authority","","","","","","07/01/2025","10/01/2025","OCAF",""
"Trees - Ash","90103","53","53","Claire Beatty","","","Option 1","","09/30/2039","Colorado Housing and Finance Authority","","","","","","07/01/2025","10/01/2025","OCAF",""
"Universal City","75565","160","159","Claire Beatty","","","Option 3","","09/30/2037","National Housing Compliance","","","","","","06/01/2025","10/01/2025","OCAF",""
"Village Park","75431","200","167","Matt Kim","","","Option 5","","09/30/2037","Massachusetts Housing Finance Agency","","","","","","06/01/2025","10/01/2025","OCAF",""
"Walker Mews","75290","167","166","Matt Kim","","","Option 1","","09/30/2044","Maryland Department of Housing and Community Development","","","","","","06/01/2025","10/01/2025","OCAF",""
"Winter Garden","79609","112","112","Claire Beatty","","","Option 1","","10/21/2041","Missouri Housing Development Commission","","","","","","07/01/2025","10/01/2025","OCAF",""
"Tyler House","90006","284","284","Mike McKee","","","Option 2","","09/30/2031","Assisted Housing Services Corporation","","","","","","06/01/2025","10/01/2025","OCAF",""
"Geneseo","75477","89","88","Matt Kim","","","Option 1","","10/03/2029","CGI","","","","","","06/04/2025","10/04/2025","OCAF",""
"Burt Farms II","75480","50","50","Elliot Kohanbash","","","Option 2","","07/31/2031","CGI","","","","","","06/16/2025","10/16/2025","OCAF",""
"McCarthy Manor","75469","176","176","Matt Kim","","","Option 2","","10/26/2030","New York State Housing Trust Fund Corporation","","","","","04/27/2025","06/27/2025","10/27/2025","RCS",""
"Augustana Homes of Fairfield","75537","15","15","Mike McKee","","","Option 1","","11/01/2037","Navigate Affordable Housing Partners","","","","","","07/01/2025","10/31/2025","OCAF",""
"Augustana Homes of Greenwich","75535","31","31","Mike McKee","","","Option 1","","10/31/2037","Navigate Affordable Housing Partners","","","","","","07/01/2025","10/31/2025","OCAF",""
"Allenhurst Apartments","90015","316","316","Matt Kim","","","RAD","","10/31/2039","HUD","","","","","","07/01/2025","11/01/2025","OCAF",""
"Alms Hill","75924","200","200","Matt Kim","","","Option 1","","10/31/2038","HUD","","","","","","07/01/2025","11/01/2025","OCAF",""
"Garden House of Park Forest","75937","145","145","Claire Beatty","","","Option 4","","10/31/2036","National Housing Compliance","","","","","","07/01/2025","11/01/2025","OCAF",""
"Harmon","75955","210","209","Matt Kim","","","Option 1","","10/31/2038","Assisted Housing Services Corporation","","","","","","07/01/2025","11/01/2025","OCAF",""
"Hostmark Village Cove","90075","120","120","Tolga Ayberk","","","Option 1","","10/31/2039","Bremerton Housing Authority","","","","","","07/01/2025","11/01/2025","OCAF",""
"Landmark","90081","40","40","Tolga Ayberk","","","Option 1","","10/31/2025","Idaho Housing and Finance Association","","","","","","07/01/2025","11/01/2025","OCAF",""
"Linwood Square","75953","200","200","Tolga Ayberk","","","Option 1","","10/31/2037","SWHCC","","","","","","07/01/2025","11/01/2025","OCAF",""
"Peppertree Heights","90018","101","100","Matt Kim","","","Option 1","","10/31/2030","NYSHFA","","","","","05/01/2025","07/01/2025","11/01/2025","RCS",""
"Phoenix Towers","75489","158","158","Claire Beatty","","","Option 1","","10/31/2033","National Housing Compliance","","","","","","07/01/2025","11/01/2025","OCAF",""
"Riverview II","75464","343","114","Elliot Kohanbash","","","PBV","","11/15/2043","MHACY","","","","","","08/11/2025","11/01/2025","Request",""
"Stephenville Crossing","75952","86","86","Tolga Ayberk","","","Option 1","","10/31/2037","SWHCC","","","","","","07/01/2025","11/01/2025","OCAF",""
"The Magnolia","75954","65","65","Tolga Ayberk","","","Option 2","","11/01/2037","TDHCA","","","","","","07/01/2025","11/01/2025","OCAF",""
"Van Nuys","7917579173","299","299","Tolga Ayberk","","","Option 3","","","LA LOMOD","","","","","","07/01/2025","11/01/2025","OCAF",""
"Warren Knolls","75455","97","96","Matt Kim","","","Option 1","","11/30/2026","New York State Housing Trust Fund Corporation","","","","","","07/16/2025","11/16/2025","OCAF",""
"Mohican","75914","146","146","Mike McKee","","","Option 4","","11/17/2034","Connecticut Housing Finance Authority","","","","","","07/18/2025","11/18/2025","OCAF",""
"Washington Square West","79138","132","131","Mike McKee","","","Option 1","","11/22/2029","Pennsylvania Housing Finance Agency","","","","","","07/23/2025","11/23/2025","OCAF",""
"Essex-Phoenix","75497","145","144","Elliot Kohanbash","","","Option 4","","11/24/2033","NJHMFA","","","","","","07/25/2025","11/25/2025","OCAF",""
"Asbury","90047","119","119","Claire Beatty","","","Option 1","","11/30/2044","Assisted Housing Services Corporation","","","","","","09/01/2025","12/01/2025","OCAF",""
"Asbury Park","90048","44","43","Tolga Ayberk","","","Option 1","","11/30/2040","Colorado Housing and Finance Authority","","","","","06/01/2025","08/01/2025","12/01/2025","RCS",""
"Day Meadows","90058","44","44","Tolga Ayberk","","","Option 4","","11/30/2031","HUD","","","","","","08/01/2025","12/01/2025","OCAF",""
"Elmwood Square","75570","138","6","Matt Kim","","","PBV","","11/30/2042","Buffalo Municipal Housing Authority","","","","","","08/01/2025","12/01/2025","Request",""
"Fairview Housing","90060","124","124","Claire Beatty","","","Option 1","","12/01/2044","Assisted Housing Services Corporation","","","","","","08/01/2025","12/01/2025","OCAF",""
"Highland Square","90070","152","152","Mike McKee","","","Option 1","","11/30/2036","S.C. State Housing Finance and Development Authority","","","","","","08/01/2025","12/01/2025","OCAF",""
"John Crawford","75485","96","95","Matt Kim","","","Option 3","","11/30/2033","CGI Federal","","","","","","08/01/2025","12/01/2025","OCAF",""
"Noble Tower","75543","195","195","Tolga Ayberk","","","Option 1","","11/30/2039","HUD (HAP)","","","","","","08/01/2025","12/01/2025","OCAF",""
"Northcrest Gardens","90085","182","182","Claire Beatty","","","Option 1","","11/30/2044","Ohio Housing Finance Agency","","","","","","09/01/2025","12/01/2025","OCAF",""
"Norwalk North","90086","72","72","Claire Beatty","","","Option 1","","12/01/2044","Assisted Housing Services Corporation","","","","","","06/01/2025","12/01/2025","OCAF",""
"Oak Forest","90089","64","64","Mike McKee","","","Option 1","","11/30/2029","S.C. State Housing Finance and Development Authority","","","","","","08/01/2025","12/01/2025","OCAF",""
"Oxford House","75487","156","156","Matt Kim","","","Option 2","","11/30/2031","National Housing Compliance","","","","","","08/01/2025","12/01/2025","OCAF",""
"Park Place","79611","242","242","Claire Beatty","","","Option 1","","10/21/2041","Missouri Housing Development Commission","","","","","","08/01/2025","12/01/2025","OCAF",""
"Round Barn Manor","79613","156","156","Claire Beatty","","","Option 2","","11/30/2043","National Housing Compliance","","","","","","08/01/2025","12/01/2025","OCAF",""
"Trees - Pine","90106","61","61","Claire Beatty","","","Option 1","","11/30/2040","Colorado Housing and Finance Authority","","","","","","09/01/2025","12/01/2025","OCAF",""
"Walnut Hills","79174","198","197","Matt Kim","","","Option 3","","11/30/2033","Assisted Housing Services Corporation","","","","","","08/01/2025","12/01/2025","OCAF",""
"Woodlake Apartments","75584","148","147","Elliot Kohanbash","","","Option 1","","10/31/2044","NJHMFA","","","","","","09/01/2025","12/01/2025","RCS",""
"Woodman West","90112","197","196","Elliot Kohanbash","","","Option 1","","03/31/2044","Navigate Affordable Housing Partners","","","","","","08/01/2025","12/01/2025","RCS",""
"Wyandot Square","90108","62","62","Claire Beatty","","","Option 1","","03/31/2029","Assisted Housing Services Corporation","","","","","","09/01/2025","12/01/2025","OCAF",""
"Luther Towers","90111","362","362","Claire Beatty","","","SPRAC","","11/30/2043","Delaware State Housing Authority","","","","","","09/06/2025","12/06/2025","OCAF",""
"Ebony Gardens","75566","144","144","Claire Beatty","","","Option 1","","12/31/2040","CGI","","","","","06/08/2025","08/08/2025","12/08/2025","RCS",""
"Chestnut Park (Skyview)","75541","489","241","Matt Kim","","","RAD 2","","12/11/2038","HUD","","","","","","08/11/2025","12/11/2025","OCAF",""
"Riverhead Village","75583","135","135","Elliot Kohanbash","","","Option 1","","12/31/2043","CGI","","","","","","08/14/2025","12/14/2025","OCAF",""
"Cherry Garden","75576","254","252","Elliot Kohanbash","","","Option 1","","12/15/2041","NJHMFA","","","","","","08/16/2025","12/16/2025","OCAF",""
"Olde English Village","75923","200","200","Matt Kim","","","Option 3","","12/17/2035","MassHousing","","","","","","08/18/2025","12/18/2025","OCAF",""
"Westchester Park","90021","201","200","Matt Kim","","","Option 1","","12/27/2043","New York State Housing Trust Fund Corporation","","","","","","08/27/2025","12/27/2025","OCAF",""
"Albright","90046","112","112","Claire Beatty","","","Option 1","","12/31/2044","Assisted Housing Services Corporation","","","","","","10/01/2025","01/01/2026","OCAF",""
"Augustana Homes of Danbury","75533","40","40","Mike McKee","","","PRAC","","","HUD CT","","","","","","09/01/2025","01/01/2026","EXPIRES",""
"Bastrop Oak Grove","90030","48","48","Tolga Ayberk","","","Option 4","","01/01/2039","Southwest Housing Compliance Corporation","","","","","","09/01/2025","01/01/2026","OCAF",""
"Bloomingdale Apartments","75932","111","111","Matt Kim","","","Option 1","","12/31/2043","National Housing Compliance","","","","","","09/01/2025","01/01/2026","OCAF",""
"Clinton Manor","75830","60","60","Mike McKee","","","Option 1","","12/31/2040","SC Housing","","","","","07/01/2025","09/01/2025","01/01/2026","RCS",""
"Courthouse Square","90055","171","171","Tolga Ayberk","","","Option 1","","12/31/2039","Colorado Housing and Finance Authority","","","","","","09/01/2025","01/01/2026","RCS",""
"Crevenna Oaks Apartments","667","50","50","Claire Beatty","","","Option 1","","01/01/2044","Navigate Affordable Housing Partners","","","","","","10/01/2025","01/01/2026","OCAF",""
"Faust Landmark Apartments","75532","200","200","Claire Beatty","","","RAD","","07/31/2025","Rockford Housing","","","","","","09/01/2025","01/01/2026","OCAF",""
"Fields Ertel Townhouses","75548","55","55","Matt Kim","","","Option 1","","12/31/2039","Assisted Housing Services Corporation","","","","","","09/01/2025","01/01/2026","OCAF",""
"French Apartments","75116","174","174","Mike McKee","","","Option 1","","12/31/2035","CGI","","","","","07/01/2025","09/01/2025","01/01/2026","RCS",""
"Friendship Court","75831","80","80","Mike McKee","","","Option 2","","12/31/2040","SC State Housing","","","","","07/01/2025","09/01/2025","01/01/2026","RCS",""
"Hondo Brian Place","90037","40","40","Tolga Ayberk","","","Option 1","","01/01/2039","Southwest Housing Compliance Corporation","","","","","","09/01/2025","01/01/2026","OCAF",""
"International House","90076","99","98","Tolga Ayberk","","","Option 1","","12/31/2037","Bremerton Housing Authority","","","","","","09/01/2025","01/01/2026","OCAF",""
"IOOF Tower","90077","28","28","Tolga Ayberk","","","Option 1","","12/31/2040","Bremerton Housing Authority","","","","","07/01/2025","09/01/2025","01/01/2026","RCS",""
"Kirkwood House","79197","261","260","Matt Kim","","","Option 1","","12/31/2028","MDHCD","","","","","","09/01/2025","01/01/2026","OCAF",""
"Loring Towers (MA)","79181","250","140","Matt Kim","","","PBV","","12/31/2042","CTI","","","","","","09/01/2025","01/01/2026","Request",""
"Luther Towers","90111","362","362","Claire Beatty","","","SPRAC","","11/30/2043","Delaware State Housing Authority","","","","","","10/01/2025","01/01/2026","Request",""
"Mad River Manor","90082","74","74","Claire Beatty","","","Option 1","","12/31/2044","Assisted Housing Services Corporation","","","","","","10/01/2026","01/01/2026","OCAF",""
"Newberry Arms","75832","60","60","Mike McKee","","","Option 1","","12/31/2040","SC State Housing","","","","","07/01/2025","09/01/2025","01/01/2026","RCS",""
"Oaks on North Plaza","75544","62","62","Tolga Ayberk","","","Option 1","","12/31/2039","SWHCC","","","","","","09/01/2025","01/01/2026","OCAF",""
"Orangeburg Manor","90091","100","100","Mike McKee","","","Option 3","","12/27/2031","S.C. State Housing Finance and Development Authority","","","","","","09/01/2025","01/01/2026","OCAF",""
"Pinewood Gardens","90092","80","80","Claire Beatty","","","Option 2","","12/31/2044","Assisted Housing Services Corporation","","","","","","10/01/2025","01/01/2026","OCAF",""
"Riverview Bend","90096","94","94","Claire Beatty","","","Option 1","","12/31/2044","Missouri Housing Development Commission","","","","","","09/01/2025","01/01/2026","OCAF",""
"Shawnee Village","75901","120","120","Matt Kim","","","Option 1","","12/31/2033","Illinois Housing Development Authority","","","","","","09/01/2025","01/01/2026","OCAF",""
"Southport Mews","75433","65","64","Matt Kim","","","Option 2","","10/31/2029","HUD","","","","","","09/01/2025","01/01/2026","OCAF",""
"Summit Oaks Apartments","670","50","50","Claire Beatty","","","Option 1","","01/01/2044","Navigate Affordable Housing Partners","","","","","","10/01/2025","01/01/2026","OCAF",""
"Sycamore Ridge","75912","304","304","Elliot Kohanbash","","","Option 4","","01/01/2033","NJHMFA","","","","","","09/01/2025","01/01/2026","RCS",""
"Westminster Village","75483","432","400","Matt Kim","","","Option 5","","12/31/2043","Massachusetts Housing Finance Agency","","","","","","09/01/2025","01/01/2026","OCAF",""
"Hill Country Villas","HCV1","51","51","Tolga Ayberk","","","Option 1","","02/01/2034","HUD","","","","","","08/01/2025","01/01/2026","OCAF",""
"Treemont Village","4640008","60","60","Elliot Kohanbash","","","Option 2","","01/01/2033","HUD","","","","","","09/02/2025","01/02/2026","OCAF",""
"Halcyon House","90067","197","197","Tolga Ayberk","","","Option 1","","01/03/2036","Colorado Housing and Finance Authority","","","","","07/04/2025","09/04/2025","01/04/2026","RCS",""
"Arlington Park","90022","130","130","Matt Kim","","","Option 1","","01/31/2037","Massachusetts Housing Finance Agency","","","","","","09/10/2025","01/10/2026","OCAF",""
"Washington Heights","75925","404","366","Matt Kim","","","Option 5","","01/30/2036","Massachusetts Housing Finance Agency","","","","","","09/15/2025","01/15/2026","OCAF",""
"Van Buren Park Apartments","75931","300","299","Matt Kim","","","Option 1","","01/31/2044","National Housing Compliance","","","","","","09/17/2025","01/17/2026","OCAF",""
"Fullerton Court","75918","196","195","Matt Kim","","","Option 1","","01/25/2034","National Housing Compliance","","","","","","09/26/2025","01/26/2026","OCAF",""
"Augustana Homes of Jewett","75534","72","72","Mike McKee","","","PRAC","","","HUD CT","","","","","","10/01/2025","02/01/2026","EXPIRES",""
"Circle Park Apartments","75833","418","239","Claire Beatty","","","Original","","01/31/2041","National Housing Compliance","","","","","08/01/2025","10/01/2025","02/01/2026","RCS",""
"Creekwood Apartments","75903","104","104","Matt Kim","","","Option 1","","01/31/2034","National Housing Compliance","","","","","","10/01/2025","02/01/2026","OCAF",""
"Fairview Gardens","90059","160","160","Mike McKee","","","Option 1","","01/31/2038","S.C. State Housing Finance and Development Authority","","","","","","10/01/2025","02/01/2026","OCAF",""
"Ferncliff South","4640005","84","84","Claire Beatty","","","Option 2","","01/31/2038","Navigate Affordable Housing Partners","","","","","","10/01/2025","02/01/2026","OCAF",""
"Greenport","75468","366","364","Elliot Kohanbash","","","Option 1","","01/31/2029","CGI","","","","","","10/01/2025","02/01/2026","OCAF",""
"Sandburg Village","75902","128","128","Matt Kim","","","Option 4","","02/01/2034","National Housing Compliance","","","","","","10/01/2025","02/01/2026","OCAF",""
"Senior World","75500","100","100","Mike McKee","","","Option 2","","02/01/2031","MSHDA","","","","","08/01/2025","10/02/2025","02/01/2026","RCS",""
"The Woods","75491","57","57","Matt Kim","","","Option 2","","01/31/2034","National Housing Compliance","","","","","","10/01/2025","02/01/2026","OCAF",""
"Market Square","75568","76","75","Mike McKee","","","Option 1","","02/03/2041","Navigate Affordable Housing Partners","","","","","08/04/2025","10/04/2025","02/04/2026","RCS",""
"Alpha Towers","90114","165","165","Claire Beatty","","","Option 1","","02/28/2044","Assisted Housing Services Corporation","","","","","","12/01/2025","03/01/2026","OCAF",""
"Country Village","75904","104","104","Matt Kim","","","Option 1","","02/29/2036","National Housing Compliance","","","","","09/01/2025","11/01/2025","03/01/2026","RCS",""
"Towns at River South","90109","161","75","Claire Beatty","","","RAD","","02/28/2043","Richmond Redevelopment and Housing Authority","","","","","","12/01/2025","03/01/2026","OCAF",""
"Armory Plaza","75582","52","52","Claire Beatty","","","Option 1","","03/20/2044","New York State Housing Trust Fund Corporation","","","","","","11/22/2025","03/22/2026","OCAF",""
"Barnum House","75569","84","83","Mike McKee","","","Option 1","","03/31/2041","Navigate Affordable Housing Partners","","","","","10/01/2025","12/01/2025","04/01/2026","RCS",""
"Bella Vista","79605","100","100","Tolga Ayberk","","","Option 1","","03/31/2041","Southwest Housing Compliance Corporation","","","","","10/01/2025","01/01/2026","04/01/2026","RCS",""
"Chelsea Square Apartments","82113","","","","","","","","","","","","","","","02/01/2026","04/01/2026","OCAF",""
"Courthouse Square","90055","171","171","Tolga Ayberk","","","Option 1","","12/31/2039","Colorado Housing and Finance Authority","","","","","","01/01/2026","04/01/2026","OCAF",""
"Fox Hill","90063","160","160","Claire Beatty","","","Option 1","","02/28/2045","Missouri Housing Development Commission","","","","","","12/01/2025","04/01/2026","OCAF",""
"Halcyon House","90067","197","197","Tolga Ayberk","","","Option 1","","01/03/2036","Colorado Housing and Finance Authority","","","","","","","04/01/2026","OCAF",""
"Mapleview Towers","75567","101","100","Mike McKee","","","Option 1","","03/31/2041","Navigate Affordable Housing Partners","","","","","10/01/2025","12/01/2025","04/01/2026","RCS",""
"Marshall Field","75911","628","628","Matt Kim","","","Option 1","","04/30/2035","National Housing Compliance","","","","","","12/01/2025","04/01/2026","OCAF",""
"Montgomery Gateway","90024","190","189","Elliot Kohanbash","","","Option 1","","03/31/2045","NJHMFA","","","","","","12/01/2025","04/01/2026","OCAF",""
"Montview Heights","90084","50","50","Tolga Ayberk","","","Option 1","","03/31/2040","Colorado Housing and Finance Authority","","","","","","12/01/2025","04/01/2026","OCAF",""
"MORH Housing","75927","126","125","Tolga Ayberk","","","Original","","03/31/2036","CAHI","","","","","10/01/2025","12/01/2025","04/01/2026","RCS",""
"Oak Center","75926","77","77","Tolga Ayberk","","","Option 1","","03/31/2036","CAHI","","","","","10/01/2025","12/01/2025","04/01/2026","RCS",""
"Park Club Apartments","75835","56","55","Mike McKee","","","Option 1","","03/31/2042","Wisconsin Housing & Economic Development Authority","","","","","","01/01/2026","04/01/2026","OCAF",""
"Riverwood","4640013","83","83","Mike McKee","","","Option 1","","03/31/2035","Navigate Affordable Housing Partners","","","","","","12/01/2025","04/01/2026","OCAF",""
"Riverwoods Apartments","79621","125","125","Claire Beatty","","","Option 2","","12/31/2043","CGI","","","","","","12/01/2025","04/01/2026","OCAF",""
"Roosevelt Apartments","90020","114","113","Matt Kim","","","Option 3","","03/31/2026","CGI","","","","","","12/01/2025","04/01/2026","EXPIRES",""
"Southeast Towers","75494","107","106","Mike McKee","","","PBV","","03/31/2028","NYS Homes and Community Renewal","","","","","","02/01/2026","04/01/2026","Request",""
"Southern Hills/Orlando","75834","212","212","Claire Beatty","","","Option 1","","03/31/2042","National Housing Compliance","","","","","","12/01/2025","04/01/2026","OCAF",""
"Spring Creek","75828","137","137","Matt Kim","","","Option 1","","03/31/2041","National Housing Compliance","","","","","10/01/2025","12/01/2025","04/01/2026","RCS",""
"St. James Residences","9200045","148","148","Elliot Kohanbash","","","Option 1","","04/01/2045","North Tampa Housing Development Corporation","","","","","","12/01/2025","04/01/2026","OCAF",""
"Brook","90023","98","97","Elliot Kohanbash","","","Option 3","","03/31/2031","CGI","","","","","","12/01/2025","04/01/2026","OCAF",""
"Hazelwood Towers","75146","97","95","Claire Beatty","","","Option 3","","04/14/2025","Pennsylvania Housing Finance Agency","","","","","","12/15/2025","04/15/2026","OCAF",""
"North Park","75478","123","123","Matt Kim","","","Option 1","","04/18/2031","CGI","","","","","","12/19/2025","04/19/2026","OCAF",""
"Arvada House","79619","88","88","Tolga Ayberk","","","Option 1","","04/30/2043","Colorado Housing and Finance Authority","","","","","","01/01/2026","05/01/2026","OCAF",""
"Crossroads of New Brighton","75947","172","172","Mike McKee","","","Option 1","","04/30/2036","Minn Housing","","","","","11/01/2025","01/01/2026","05/01/2026","RCS",""
"Crossroads of Shoreview","75948","44","44","Mike McKee","","","Option 2","","04/30/2036","Minn Housing","","","","","11/01/2025","01/01/2026","05/01/2026","RCS",""
"Darby Townhouses","90056","172","168","Claire Beatty","","","Option 2","","12/31/2032","Pennsylvania Housing Finance Agency","","","","","","02/01/2026","05/01/2026","OCAF",""
"Hacienda Del Rio","90120","146","146","Tolga Ayberk","","","Option 1","","05/01/2044","Arizona Department of Housing","","","","","","01/01/2026","05/01/2026","OCAF",""
"Park Bluff","75951","186","185","Mike McKee","","","Option 1","","03/31/2035","Wisconsin Housing & Economic Development Authority","","","","","","01/01/2026","05/01/2026","OCAF",""
"Pineview at Grogran's Mill","79606","300","300","Tolga Ayberk","","","Option 1","","04/30/2041","SWHCC","","","","","11/01/2025","01/01/2026","05/01/2026","RCS",""
"Poplar Grove","90117","130","128","Mike McKee","","","Option 1","","04/30/2044","North Carolina Housing Finance Agency","","","","","","01/01/2026","05/01/2026","OCAF",""
"Ridgewood at Panther Creek","79607","300","300","Tolga Ayberk","","","Option 1","","04/30/2041","SWHCC","","","","","11/01/2025","01/01/2026","05/01/2026","RCS",""
"Shiloh Village","75572","168","168","Tolga Ayberk","","","Option 1","","05/01/2041","SWHCC","","","","","11/01/2025","01/01/2026","05/01/2026","RCS",""
"Shoreline Plaza Apartments","79604","230","187","Mike McKee","","","Option 1","","04/30/2041","Minnesota Housing Finance Agency","","","","","11/01/2025","01/01/2026","05/01/2026","RCS",""
"Sumler Terrace","4640014","126","126","Elliot Kohanbash","","","Option 1","","04/30/2037","Virginia Housing Development Authority","","","","","","01/01/2026","05/01/2026","OCAF",""
"Trees - Willow","90107","63","63","Claire Beatty","","","Option 1","","04/30/2040","Colorado Housing and Finance Authority","","","","","","02/01/2026","05/01/2026","OCAF",""
"Woodman West","90112","197","196","Elliot Kohanbash","","","Option 1","","03/31/2044","Navigate Affordable Housing Partners","","","","","","02/01/2026","05/01/2026","OCAF",""
"Fairview Homes","75920","136","135","Elliot Kohanbash","","","Option 2","","05/07/2035","NJHMFA","","","","","","01/07/2026","05/07/2026","OCAF",""
"Hershey Plaza","75587","216","215","Claire Beatty","","","Option 1","","05/31/2037","Pennsylvania Housing Finance Agency","","","","","","02/28/2026","05/31/2026","OCAF",""
"Bannock Arms","90051","66","66","Tolga Ayberk","","","Option 1","","05/31/2039","Idaho Housing and Finance Association","","","","","","02/01/2026","06/01/2026","OCAF",""
"Branford Manor","75930","442","441","Mike McKee","","","Option 1","","06/01/2037","Navigate Affordable Housing Partners","","","","","","02/01/2026","06/01/2026","OCAF",""
"Carriage","90053","72","70","Mike McKee","","","Option 1","","05/31/2030","HUD","","","","","","03/01/2026","06/01/2026","OCAF",""
"Country Club Heights","79612","200","120","Claire Beatty","","","RAD","","04/01/2041","Quincy PHA","","","","","","02/01/2026","06/01/2026","OCAF",""
"Crossroads of Edina","75946","64","26","Mike McKee","","","Option 2","","05/31/2036","Minn Housing","","","","","12/01/2025","02/01/2026","06/01/2026","RCS",""
"HDR Fund","90080","125","125","Tolga Ayberk","","","Option 2","","05/31/2031","LA LOMOD","","","","","","02/01/2026","06/01/2026","OCAF",""
"Hopkins Village","79623","165","164","Matt Kim","","","Option 1","","06/01/2045","MDHCD","","","","","","02/01/2026","06/01/2026","OCAF",""
"Ingram Square","79193","120","120","Tolga Ayberk","","","Option 3","","06/30/2031","HUD (HAP)","","","","","","02/01/2026","06/01/2026","OCAF",""
"Lake Worth Towers","90110","195","195","Elliot Kohanbash","","","PBV","","05/09/2043","Palm Beach County Housing Authority","","","","","","03/01/2026","06/01/2026","Request",""
"Northgate Terrace","75919","201","155","Tolga Ayberk","","","Option 2","","05/31/2035","CAHI","","","","","","02/01/2026","06/01/2026","OCAF",""
"Oaks on Clark","79602","80","80","Tolga Ayberk","","","Option 2","","05/31/2040","SWHCC","","","","","","02/01/2026","06/01/2026","OCAF",""
"Parkside Houses","90017","180","122","Matt Kim","","","RAD","","05/31/2036","HUD","","","","","","02/01/2026","06/01/2026","OCAF",""
"River Trails","79614","220","215","Tolga Ayberk","","","Option 2","","05/31/2042","SWHCC","","","","","","04/01/2026","06/01/2026","OCAF",""
"South Bay Villa","79608","80","80","Tolga Ayberk","","","Option 1","","05/27/2041","LA LOMOD","","","","","12/01/2025","02/01/2026","06/01/2026","RCS",""
"Walnut Hill","75420","180","","Matt Kim","","","PBV","","","N/A","","","","","","02/01/2026","06/01/2026","Request",""
"Sandwich Manor","75444","90","89","Matt Kim","","","Option 1b","","07/01/2046","NHC","","","","","","02/24/2026","06/24/2026","OCAF",""
"Burt Farms I","75109","51","50","Elliot Kohanbash","","","Option 1","","06/30/2029","CGI","","","","","","02/26/2026","06/26/2026","OCAF",""
"Country Gardens","75118","58","57","Elliot Kohanbash","","","Option 4","","06/29/2026","CGI","","","","","12/30/2025","03/01/2026","06/30/2026","EXPIRES",""
"Marine Terrace","75922","497","441","Mike McKee","","","Option 1","","06/29/2036","CGI","","","","","12/30/2025","03/01/2026","06/30/2026","RCS",""
"PJ Housing","75481","51","50","Matt Kim","","","Option 2","","06/29/2031","CGI","","","","","12/30/2025","03/01/2026","06/30/2026","RCS",""
"333 Holly","75704","332","139","Tolga Ayberk","","","Option 1","","06/30/2040","SWHCC","","","","","","03/01/2026","07/01/2026","OCAF",""
"Augustana Homes of East Bridgeport","75538","48","48","Mike McKee","","","PRAC","","","HUD CT","","","","","","03/01/2026","07/01/2026","EXPIRES",""
"Butternut Creek","79617","100","198","Mike McKee","","","Option 2","","06/30/2043","MSHDA","","","","","","03/01/2026","07/01/2026","OCAF",""
"Campbell Terrace","75547","249","249","Claire Beatty","","","Option 1","","06/30/2039","National Housing Compliance","","","","","","03/01/2026","07/01/2026","OCAF",""
"Crossroads of East Ravenswood","75936","124","124","Claire Beatty","","","Option 1","","06/30/2036","National Housing Compliance","","","","","01/01/2026","03/01/2026","07/01/2026","RCS",""
"Fern","75466","205","204","Elliot Kohanbash","","","Option 1","","10/31/2028","Newark Filend Office - Region II","","","","","","03/01/2026","07/01/2026","OCAF",""
"Greenport","75468","366","364","Elliot Kohanbash","","","Option 1","","01/31/2029","CGI","","","","","","03/01/2026","07/01/2026","RCS",""
"Morningside Court","75573","171","171","Claire Beatty","","","Option 1","","06/30/2041","National Housing Compliance","","","","","01/01/2026","03/01/2026","07/01/2026","RCS",""
"New Horizons","75474","48","47","Elliot Kohanbash","","","Option 1","","04/30/2030","CGI","","","","","","03/01/2026","07/01/2026","OCAF",""
"Northgate Village","75542","168","168","Tolga Ayberk","","","Option 1","","06/30/2039","SWHA","","","","","","03/01/2026","07/01/2026","OCAF",""
"Nottingham Towers","90113","165","156","Mike McKee","","","Option 1","","05/31/2044","Navigate Affordable Housing Partners","","","","","","03/01/2026","07/01/2026","OCAF",""
"Nueva Americana","90088","49","49","Tolga Ayberk","","","Option 1","","06/30/2025","Colorado Housing and Finance Authority","","","","","","03/01/2026","07/01/2026","Expires",""
"Oakhaven","90090","35","35","Tolga Ayberk","","","Option 2","","06/30/2033","Idaho Housing and Finance Association","","","","","","03/01/2026","07/01/2026","OCAF",""
"Oceanport Gardens","75563","101","100","Elliot Kohanbash","","","Option 1","","06/27/2039","NJHMFA","","","","","","02/28/2026","07/01/2026","OCAF",""
"Rose Tower","90097","168","120","Mike McKee","","","Option 2","","07/01/2034","Kentucky Housing Corporation","","","","","","04/01/2026","07/01/2026","OCAF",""
"Shoreview Apartments","79627","156","156","Tolga Ayberk","","","Option 1","","07/01/2044","CAHI","","","","","","03/01/2026","07/01/2026","OCAF",""
"Talcott Gardens","75145","85","84","Mike McKee","","","Option 3","","06/30/2029","HUD","","","","","","03/01/2026","07/01/2026","OCAF",""
"Terrific Tenements","75475","88","88","Elliot Kohanbash","","","Option 1","","07/01/2045","CGI","","","","","","03/01/2026","07/01/2026","OCAF",""
"Terry Manor Apartments","79628","170","170","Tolga Ayberk","","","Option 1","","07/01/2044","LA LOMOD","","","","","","03/01/2026","07/01/2026","OCAF",""
"The Pines","75705","152","152","Tolga Ayberk","","","Option 1","","06/30/2040","SWHCC","","","","","","03/01/2026","07/01/2026","OCAF",""
"Tompkins Terrace","79622","193","61","Claire Beatty","","","PBV","","02/01/2040","City of Beacon Housing Authority","","","","","","03/01/2026","07/01/2026","Request",""
"Trees - Maple","90105","83","83","Claire Beatty","","","Option 1","","06/30/2037","Colorado Housing and Finance Authority","","","","","","04/01/2026","07/01/2026","OCAF",""
"Woodland Hills","79610","125","125","Mike McKee","","","Option 1","","06/30/2041","MSHDA","","","","","","03/01/2026","07/01/2026","RCS",""
"Woodland Towers","75934","104","104","Claire Beatty","","","Option 1","","06/30/2036","National Housing Compliance","","","","","01/01/2026","03/01/2026","07/01/2026","RCS",""
"Walden","75921","89","89","Elliot Kohanbash","","","Option 1","","07/14/2035","CGI","","","","","","03/15/2026","07/15/2026","OCAF",""
"All Hallows","79624","157","150","Tolga Ayberk","","","Option 1","","01/31/2026","CAHI","","","","","","04/01/2026","08/01/2026","OCAF",""
"Beacon Hill","79618","198","198","Mike McKee","","","Option 1","","07/31/2043","MSHDA","","","","","","06/01/2026","08/01/2026","OCAF",""
"Centennial Islands","75443","118","118","Matt Kim","","","Option 2","","07/31/2026","MassHousing","","","","","02/01/2026","04/01/2026","08/01/2026","EXPIRES",""
"Federation Plaza","90062","124","123","Elliot Kohanbash","","","Option 1","","07/31/2045","CGI","","","","","","04/01/2026","08/01/2026","OCAF",""
"Gates Mills Villa","90064","191","175","Claire Beatty","","","Option 1","","08/01/2044","Assisted Housing Services Corporation","","","","","","05/01/2026","08/01/2026","OCAF",""
"Golden Link Manor","90065","31","31","Tolga Ayberk","","","Option 4","","07/31/2036","Bremerton Housing Authority","","","","","","04/01/2026","08/01/2026","OCAF",""
"James Court","90078","50","50","Tolga Ayberk","","","Option 1","","07/31/2040","HUD","","","","","","05/01/2026","08/01/2026","OCAF",""
"La Salle","79626","145","142","Tolga Ayberk","","","Option 1","","01/31/2026","CAHI","","","","","","04/01/2026","08/01/2026","OCAF",""
"Manhattan Plaza","75425","1689","1689","Claire Beatty","","","Option 1","","07/31/2037","HPD","","","","","","04/01/2026","08/01/2026","OCAF",""
"Northpoint","79603","304","304","Claire Beatty","","","Option 1","","07/31/2040","National Housing Compliance","","","","","","04/01/2026","08/01/2026","OCAF",""
"Squire Village","90099","51","50","Tolga Ayberk","","","Option 4","","07/31/2040","Colorado Housing and Finance Authority","","","","","","04/01/2026","08/01/2026","OCAF",""
"The Lakewoods","75599","417","392","Claire Beatty","","","SPRAC","","08/27/2034","HUD","","","","","","05/01/2026","08/01/2026","OCAF",""
"West Haverstraw","75454","100","100","Matt Kim","","","Option 1","","07/31/2025","New York State Housing Trust Fund Corporation","","","","","","04/01/2026","08/01/2026","OCAF",""
"Westwood Village","4640009","","","","","","","","","","","","","","","04/01/2026","08/01/2026","OCAF",""
"Woodbury Oakwood","75488","96","96","Elliot Kohanbash","","","Option 2","","08/31/2028","NJHMFA","","","","","","04/05/2026","08/05/2026","RCS",""
"Victory-Fiedler","75490","39","38","Elliot Kohanbash","","","PBV","","08/14/2027","NYCHPD","","","","","","06/15/2026","08/15/2026","Request",""
"529 West 29th Street","75345","139","139","Mike McKee","","","Option 1","","08/31/2034","CGI","","","","","","05/01/2026","09/01/2026","OCAF",""
"Augustana Homes","75499","186","180","Mike McKee","","","Option 1","","06/17/2033","Navigate Affordable Housing Partners","","","","","","06/01/2026","09/01/2026","OCAF",""
"Avon Towers","90049","125","125","Mike McKee","","","Option 1","","08/31/2044","MSHDA","","","","","","05/01/2026","09/01/2026","OCAF",""
"Bayview","79625","146","113","Tolga Ayberk","","","Option 1","","01/31/2026","CAHI","","","","","","05/01/2026","09/01/2026","OCAF",""
"Clarendon Court","75546","152","152","Claire Beatty","","","Option 1","","08/31/2038","National Housing Compliance","","","","","","05/01/2026","09/01/2026","OCAF",""
"Garden House of River Oaks II","75935","145","145","Claire Beatty","","","Option 4","","08/31/2036","HUD","","","","","","05/01/2026","09/01/2026","OCAF",""
"Garden Vista","940001","150","149","Elliot Kohanbash","","","Option 1","","08/31/2034","CGI","","","","","","05/01/2026","09/01/2026","OCAF",""
"Gates Manor","75933","51","51","Claire Beatty","","","Option 1","","08/31/2036","National Housing Compliance","","","","","03/01/2026","05/01/2026","09/01/2026","RCS",""
"Highland Falls","75456","51","51","Matt Kim","","","Option 2","","08/31/2030","CGI","","","","","","05/01/2026","09/01/2026","OCAF",""
"Luther Towers","90111","362","362","Claire Beatty","","","SPRAC","","11/30/2043","Delaware State Housing Authority","","","","","","05/01/2026","09/01/2026","OCAF",""
"Midtown Estates","90083","88","87","Claire Beatty","","","Option 1","","08/31/2044","THDA","","","","","","06/01/2026","09/01/2026","OCAF",""
"Oaks on Lamar","75539","176","74","Tolga Ayberk","","","Option 1","","08/31/2038","SWHCC","","","","","","05/01/2026","09/01/2026","OCAF",""
"Peterson Plaza","75917","189","189","Mike McKee","","","Option 1","","08/31/2035","National Housing Compliance","","","","","","05/01/2026","09/01/2026","OCAF",""
"Plaza Apartments","90128","191","190","Claire Beatty","","","Option 1","","01/31/2037","Missouri Housing Development Commission","","","","","","06/01/2026","09/01/2026","OCAF",""
"River Run","75486","141","140","Mike McKee","","","Option 4","","04/01/2032","Navigate Affordable Housing Partners","","","","","","06/01/2026","09/01/2026","OCAF",""
"Riverside Townhomes","75540","128","128","Tolga Ayberk","","","Option 1","","08/31/2038","SWHCC","","","","","","05/01/2026","09/01/2026","OCAF",""
"Sheridan Park","75498","102","10","Matt Kim","","","Section 811","","08/31/2038","NHC","","","","","","05/01/2026","09/01/2026","Request",""
"Somers Point Apartments","75578","225","224","Elliot Kohanbash","","","Option 1","","08/31/2045","NJHMFA","","","","","","05/01/2026","09/01/2026","OCAF",""
"South Shore Apartments","7962079615","446","446","Mike McKee","","","Option 1","","06/30/2043","National Housing Compliance","","","","","","04/01/2026","09/01/2026","OCAF",""
"St. Andrews Residences","940005","177","177","Elliot Kohanbash","","","PBV","","08/31/2041","West Palm Beach Housing Authority","","","","","","05/01/2026","09/01/2026","Request",""
"The Biltmore Towers","79601","230","230","Matt Kim","","","Option 3","","08/31/2040","Assisted Housing Services Corporation","","","","","","05/01/2026","09/01/2026","OCAF",""
"The Greenhouse","90119","80","79","Matt Kim","","","","","08/31/2043","MassHousing","","","","","","06/01/2026","09/01/2026","OCAF",""
"Trees - Holly","90104","94","94","Claire Beatty","","","Option 2","","08/31/2035","Colorado Housing and Finance Authority","","","","","","06/01/2026","09/01/2026","OCAF",""
"Willow Woods","4640010","144","100","Mike McKee","","","Option 2","","08/31/2032","Navigate Affordable Housing Partners","","","","","","05/01/2026","09/01/2026","OCAF",""
"Parkway Gardens","75479","694","694","Matt Kim","","","Option 2","","06/20/2031","National Housing Compliance","","","","","","05/21/2026","09/21/2026","OCAF",""
"Holly House","75564","42","42","Elliot Kohanbash","","","Option 1","","09/23/2040","NJHMFA","","","","","","05/24/2026","09/24/2026","OCAF",""
"Alaska House","90045","105","105","Tolga Ayberk","","","Option 1","","09/30/2040","Bremerton Housing Authority","","","","","","06/01/2026","10/01/2026","OCAF",""
"Ashley Oaks","4640003","250","250","Matt Kim","","","RAD","","09/30/2036","HUD","","","","","","06/01/2026","10/01/2026","OCAF",""
"Brewster Mews","90016","216","215","Matt Kim","","","","","09/30/2041","HUD","","","","","04/01/2026","06/01/2026","10/01/2026","RCS",""
"Canal Lock Apartments","75139","52","51","Elliot Kohanbash","","","Option 3","","09/30/2034","CGI","","","","","","06/01/2026","10/01/2026","OCAF",""
"Charter Village","90054","250","220","Claire Beatty","","","Option 1","","09/30/2043","THDA","","","","","","06/01/2026","10/01/2026","OCAF",""
"Colonial Village","75708","66","66","Matt Kim","","","Option 1","","09/30/2041","HUD","","","","","04/01/2026","06/01/2026","10/01/2026","RCS",""
"Dawson Square","90057","36","36","Tolga Ayberk","","","Option 1","","09/30/2040","Colorado Housing and Finance Authority","","","","","","06/01/2026","10/01/2026","OCAF",""
"Ferncliff North","4640012","144","144","Claire Beatty","","","Option 1","","09/30/2034","Navigate Affordable Housing Partners","","","","","","06/01/2026","10/01/2026","OCAF",""
"Greenacres","75484","101","100","Elliot Kohanbash","","","Option 3","","09/30/2027","CGI","","","","","","06/01/2026","10/01/2026","OCAF",""
"Hampshire House","75495","116","115","Elliot Kohanbash","","","Option 1","","09/30/2029","NJHMFA","","","","","","06/01/2026","10/01/2026","OCAF",""
"Helios Station","90069","30","30","Tolga Ayberk","","","Option 1","","09/30/2040","Colorado Housing and Finance Authority","","","","","","06/01/2026","10/01/2026","OCAF",""
"Hilltop","90072","77","77","Tolga Ayberk","","","Option 1","","03/31/2024","Colorado Housing and Finance Authority","","","","","","12/01/2025","10/01/2026","OCAF",""
"Horizon Square","90074","92","92","Claire Beatty","","","Option 1","","09/30/2037","THDA","","","","","","07/01/2026","10/01/2026","OCAF",""
"Lathrop Homes IA","75545","414","151","Mike McKee","","","PBV","","09/30/2037","Chicago Housing Authority","","","","","","08/01/2026","10/01/2026","Request",""
"Newman Village","4640002","99","99","Mike McKee","","","RAD","","09/30/2036","HUD","","","","","","06/01/2026","10/01/2026","OCAF",""
"Northcross Townhomes","2640001","99","99","Mike McKee","","","Option 1","","09/30/2039","North Carolina Housing Finance Agency","","","","","","06/01/2026","10/01/2026","OCAF",""
"Overlook","75458","100","99","Elliot Kohanbash","","","Option 3","","09/30/2034","CGI","","","","","","06/01/2026","10/01/2026","OCAF",""
"Princeton Court Apartments","90019","304","144","Matt Kim","","","Option 1","","09/30/2041","NYS Housing Trust Fund","","","","","04/01/2026","06/01/2026","10/01/2026","RCS",""
"Terrace Ridge","90101","168","167","Claire Beatty","","","Option 1","","09/30/2029","Assisted Housing Services Corporation","","","","","","07/01/2026","10/01/2026","OCAF",""
"Tiffany Square","90102","52","52","Tolga Ayberk","","","Option 2","","09/30/2040","Colorado Housing and Finance Authority","","","","","","07/01/2026","10/01/2026","OCAF",""
"Trees - Ash","90103","53","53","Claire Beatty","","","Option 1","","09/30/2039","Colorado Housing and Finance Authority","","","","","","07/01/2026","10/01/2026","OCAF",""
"Universal City","75565","160","159","Claire Beatty","","","Option 3","","09/30/2037","National Housing Compliance","","","","","","06/01/2026","10/01/2026","OCAF",""
"Village Park","75431","200","167","Matt Kim","","","Option 5","","09/30/2037","Massachusetts Housing Finance Agency","","","","","","06/01/2026","10/01/2026","OCAF",""
"Walker Mews","75290","167","166","Matt Kim","","","Option 1","","09/30/2044","Maryland Department of Housing and Community Development","","","","","","06/01/2026","10/01/2026","OCAF",""
"Winter Garden","79609","112","112","Claire Beatty","","","Option 1","","10/21/2041","Missouri Housing Development Commission","","","","","04/01/2026","07/01/2026","10/01/2026","RCS",""
"Tyler House","90006","284","284","Mike McKee","","","Option 2","","09/30/2031","Assisted Housing Services Corporation","","","","","04/01/2026","06/01/2026","10/01/2026","RCS",""
"Geneseo","75477","89","88","Matt Kim","","","Option 1","","10/03/2029","CGI","","","","","","06/04/2026","10/04/2026","OCAF",""
"Burt Farms II","75480","50","50","Elliot Kohanbash","","","Option 2","","07/31/2031","CGI","","","","","","06/16/2026","10/16/2026","OCAF",""
"McCarthy Manor","75469","176","176","Matt Kim","","","Option 2","","10/26/2030","New York State Housing Trust Fund Corporation","","","","","","06/27/2026","10/27/2026","OCAF",""
"Augustana Homes of Fairfield","75537","15","15","Mike McKee","","","Option 1","","11/01/2037","Navigate Affordable Housing Partners","","","","","","07/01/2026","10/31/2026","OCAF",""
"Augustana Homes of Greenwich","75535","31","31","Mike McKee","","","Option 1","","10/31/2037","Navigate Affordable Housing Partners","","","","","","07/01/2026","10/31/2026","OCAF",""
"Woodlake Apartments","75584","148","147","Elliot Kohanbash","","","Option 1","","10/31/2044","NJHMFA","","","","","","07/31/2026","10/31/2026","OCAF",""
"Allenhurst Apartments","90015","316","316","Matt Kim","","","RAD","","10/31/2039","HUD","","","","","","07/01/2026","11/01/2026","OCAF",""
"Alms Hill","75924","200","200","Matt Kim","","","Option 1","","10/31/2038","HUD","","","","","","07/01/2026","11/01/2026","OCAF",""
"Garden House of Park Forest","75937","145","145","Claire Beatty","","","Option 4","","10/31/2036","National Housing Compliance","","","","","","07/01/2026","11/01/2026","OCAF",""
"Harmon","75955","210","209","Matt Kim","","","Option 1","","10/31/2038","Assisted Housing Services Corporation","","","","","","07/01/2026","11/01/2026","OCAF",""
"Hostmark Village Cove","90075","120","120","Tolga Ayberk","","","Option 1","","10/31/2039","Bremerton Housing Authority","","","","","","07/01/2026","11/01/2026","OCAF",""
"Landmark","90081","40","40","Tolga Ayberk","","","Option 1","","10/31/2025","Idaho Housing and Finance Association","","","","","","07/01/2026","11/01/2026","EXPIRES",""
"Linwood Square","75953","200","200","Tolga Ayberk","","","Option 1","","10/31/2037","SWHCC","","","","","","07/01/2026","11/01/2026","OCAF",""
"Peppertree Heights","90018","101","100","Matt Kim","","","Option 1","","10/31/2030","NYSHFA","","","","","","07/01/2026","11/01/2026","OCAF",""
"Phoenix Towers","75489","158","158","Claire Beatty","","","Option 1","","10/31/2033","National Housing Compliance","","","","","","07/01/2026","11/01/2026","OCAF",""
"Riverview II","75464","343","114","Elliot Kohanbash","","","PBV","","11/15/2043","MHACY","","","","","","08/11/2026","11/01/2026","Request",""
"Stephenville Crossing","75952","86","86","Tolga Ayberk","","","Option 1","","10/31/2037","SWHCC","","","","","","07/01/2026","11/01/2026","OCAF",""
"The Magnolia","75954","65","65","Tolga Ayberk","","","Option 2","","11/01/2037","TDHCA","","","","","","07/01/2026","11/01/2026","OCAF",""
"Van Nuys","7917579173","299","299","Tolga Ayberk","","","Option 3","","","LA LOMOD","","","","","","07/01/2026","11/01/2026","OCAF",""
"Malcolm Towers","90044","226","225","Elliot Kohanbash","","","Option 2","","04/30/2040","NJHMFA","","","","","","08/01/2026","11/01/2026","OCAF",""
"Mohican","75914","146","146","Mike McKee","","","Option 4","","11/17/2034","Connecticut Housing Finance Authority","","","","","","07/18/2026","11/18/2026","OCAF",""
"Washington Square West","79138","132","131","Mike McKee","","","Option 1","","11/22/2029","Pennsylvania Housing Finance Agency","","","","","","07/23/2026","11/23/2026","OCAF",""
"Essex-Phoenix","75497","145","144","Elliot Kohanbash","","","Option 4","","11/24/2033","NJHMFA","","","","","","07/25/2026","11/25/2026","RCS",""
"Warren Knolls","75455","97","96","Matt Kim","","","Option 1","","11/30/2026","New York State Housing Trust Fund Corporation","","","","","05/30/2026","07/16/2026","11/30/2026","EXPIRES",""
"Asbury","90047","119","119","Claire Beatty","","","Option 1","","11/30/2044","Assisted Housing Services Corporation","","","","","","09/01/2026","12/01/2026","OCAF",""
"Asbury Park","90048","44","43","Tolga Ayberk","","","Option 1","","11/30/2040","Colorado Housing and Finance Authority","","","","","","08/01/2026","12/01/2026","OCAF",""
"Day Meadows","90058","44","44","Tolga Ayberk","","","Option 4","","11/30/2031","HUD","","","","","","08/01/2026","12/01/2026","OCAF",""
"Elmwood Square","75570","138","6","Matt Kim","","","PBV","","11/30/2042","Buffalo Municipal Housing Authority","","","","","","08/01/2026","12/01/2026","Request",""
"Fairview Housing","90060","124","124","Claire Beatty","","","Option 1","","12/01/2044","Assisted Housing Services Corporation","","","","","","08/01/2026","12/01/2026","OCAF",""
"Highland Square","90070","152","152","Mike McKee","","","Option 1","","11/30/2036","S.C. State Housing Finance and Development Authority","","","","","06/01/2026","08/01/2026","12/01/2026","RCS",""
"John Crawford","75485","96","95","Matt Kim","","","Option 3","","11/30/2033","CGI Federal","","","","","","08/01/2026","12/01/2026","OCAF",""
"Noble Tower","75543","195","195","Tolga Ayberk","","","Option 1","","11/30/2039","HUD (HAP)","","","","","","08/01/2026","12/01/2026","OCAF",""
"Northcrest Gardens","90085","182","182","Claire Beatty","","","Option 1","","11/30/2044","Ohio Housing Finance Agency","","","","","","09/01/2026","12/01/2026","OCAF",""
"Norwalk North","90086","72","72","Claire Beatty","","","Option 1","","12/01/2044","Assisted Housing Services Corporation","","","","","","09/01/2026","12/01/2026","OCAF",""
"Oak Forest","90089","64","64","Mike McKee","","","Option 1","","11/30/2029","S.C. State Housing Finance and Development Authority","","","","","","08/01/2026","12/01/2026","OCAF",""
"Oxford House","75487","156","156","Matt Kim","","","Option 2","","11/30/2031","National Housing Compliance","","","","","06/01/2026","08/01/2026","12/01/2026","RCS",""
"Park Place","79611","242","242","Claire Beatty","","","Option 1","","10/21/2041","Missouri Housing Development Commission","","","","","06/01/2026","08/01/2026","12/01/2026","RCS",""
"Round Barn Manor","79613","156","156","Claire Beatty","","","Option 2","","11/30/2043","National Housing Compliance","","","","","","08/01/2026","12/01/2026","OCAF",""
"Trees - Pine","90106","61","61","Claire Beatty","","","Option 1","","11/30/2040","Colorado Housing and Finance Authority","","","","","","09/01/2026","12/01/2026","OCAF",""
"Walnut Hills","79174","198","197","Matt Kim","","","Option 3","","11/30/2033","Assisted Housing Services Corporation","","","","","","08/01/2026","12/01/2026","OCAF",""
"Wyandot Square","90108","62","62","Claire Beatty","","","Option 1","","03/31/2029","Assisted Housing Services Corporation","","","","","","09/01/2026","12/01/2026","OCAF",""
"Luther Towers","90111","362","362","Claire Beatty","","","SPRAC","","11/30/2043","Delaware State Housing Authority","","","","","","09/06/2026","12/06/2026","OCAF",""
"Ebony Gardens","75566","144","144","Claire Beatty","","","Option 1","","12/31/2040","CGI","","","","","","08/08/2026","12/08/2026","OCAF",""
"Chestnut Park (Skyview)","75541","489","241","Matt Kim","","","RAD 2","","12/11/2038","HUD","","","","","","08/11/2026","12/11/2026","OCAF",""
"Riverhead Village","75583","135","135","Elliot Kohanbash","","","Option 1","","12/31/2043","CGI","","","","","","08/14/2026","12/14/2026","OCAF",""
"Cherry Garden","75576","254","252","Elliot Kohanbash","","","Option 1","","12/15/2041","NJHMFA","","","","","06/16/2026","08/16/2026","12/16/2026","RCS",""
"Olde English Village","75923","200","200","Matt Kim","","","Option 3","","12/17/2035","MassHousing","","","","","","08/18/2026","12/18/2026","OCAF",""
"Westchester Park","90021","201","200","Matt Kim","","","Option 1","","12/27/2043","New York State Housing Trust Fund Corporation","","","","","","08/27/2026","12/27/2026","OCAF",""
"Albright","90046","112","112","Claire Beatty","","","Option 1","","12/31/2044","Assisted Housing Services Corporation","","","","","","10/01/2026","01/01/2027","OCAF",""
"Bastrop Oak Grove","90030","48","48","Tolga Ayberk","","","Option 4","","01/01/2039","Southwest Housing Compliance Corporation","","","","","","09/01/2026","01/01/2027","OCAF",""
"Bloomingdale Apartments","75932","111","111","Matt Kim","","","Option 1","","12/31/2043","National Housing Compliance","","","","","","09/01/2026","01/01/2027","OCAF",""
"Clinton Manor","75830","60","60","Mike McKee","","","Option 1","","12/31/2040","SC Housing","","","","","","09/01/2026","01/01/2027","OCAF",""
"Crevenna Oaks Apartments","667","50","50","Claire Beatty","","","Option 1","","01/01/2044","Navigate Affordable Housing Partners","","","","","","10/01/2026","01/01/2027","OCAF",""
"Faust Landmark Apartments","75532","200","200","Claire Beatty","","","RAD","","07/31/2025","Rockford Housing","","","","","","09/01/2026","01/01/2027","OCAF",""
"Fields Ertel Townhouses","75548","55","55","Matt Kim","","","Option 1","","12/31/2039","Assisted Housing Services Corporation","","","","","","09/01/2026","01/01/2027","OCAF",""
"French Apartments","75116","174","174","Mike McKee","","","Option 1","","12/31/2035","CGI","","","","","","09/01/2026","01/01/2027","OCAF",""
"Friendship Court","75831","80","80","Mike McKee","","","Option 2","","12/31/2040","SC State Housing","","","","","","09/01/2026","01/01/2027","OCAF",""
"Hoffman Homes","90073","81","81","Mike McKee","","","Option 1","","01/01/2046","North Carolina Housing Finance Agency","","","","","","09/01/2026","01/01/2027","OCAF",""
"Hondo Brian Place","90037","40","40","Tolga Ayberk","","","Option 1","","01/01/2039","Southwest Housing Compliance Corporation","","","","","","09/01/2026","01/01/2027","OCAF",""
"International House","90076","99","98","Tolga Ayberk","","","Option 1","","12/31/2037","Bremerton Housing Authority","","","","","","09/01/2026","01/01/2027","OCAF",""
"IOOF Tower","90077","28","28","Tolga Ayberk","","","Option 1","","12/31/2040","Bremerton Housing Authority","","","","","","09/01/2026","01/01/2027","OCAF",""
"Kirkwood House","79197","261","260","Matt Kim","","","Option 1","","12/31/2028","MDHCD","","","","","","09/01/2026","01/01/2027","OCAF",""
"Loring Towers (MA)","79181","250","140","Matt Kim","","","PBV","","12/31/2042","CTI","","","","","","09/01/2026","01/01/2027","Request",""
"Luther Towers","90111","362","362","Claire Beatty","","","SPRAC","","11/30/2043","Delaware State Housing Authority","","","","","","10/01/2026","01/01/2027","Request",""
"Mad River Manor","90082","74","74","Claire Beatty","","","Option 1","","12/31/2044","Assisted Housing Services Corporation","","","","","","10/01/2027","01/01/2027","OCAF",""
"Newberry Arms","75832","60","60","Mike McKee","","","Option 1","","12/31/2040","SC State Housing","","","","","","09/01/2026","01/01/2027","OCAF",""
"Oaks on North Plaza","75544","62","62","Tolga Ayberk","","","Option 1","","12/31/2039","SWHCC","","","","","","09/01/2026","01/01/2027","OCAF",""
"Orangeburg Manor","90091","100","100","Mike McKee","","","Option 3","","12/27/2031","S.C. State Housing Finance and Development Authority","","","","","","09/01/2026","01/01/2027","OCAF",""
"Pinewood Gardens","90092","80","80","Claire Beatty","","","Option 2","","12/31/2044","Assisted Housing Services Corporation","","","","","","10/01/2026","01/01/2027","OCAF",""
"Riverview Bend","90096","94","94","Claire Beatty","","","Option 1","","12/31/2044","Missouri Housing Development Commission","","","","","","09/01/2026","01/01/2027","OCAF",""
"Shawnee Village","75901","120","120","Matt Kim","","","Option 1","","12/31/2033","Illinois Housing Development Authority","","","","","","09/01/2026","01/01/2027","OCAF",""
"Southport Mews","75433","65","64","Matt Kim","","","Option 2","","10/31/2029","HUD","","","","","","09/01/2026","01/01/2027","OCAF",""
"Summit Oaks Apartments","670","50","50","Claire Beatty","","","Option 1","","01/01/2044","Navigate Affordable Housing Partners","","","","","","10/01/2026","01/01/2027","OCAF",""
"Sycamore Ridge","75912","304","304","Elliot Kohanbash","","","Option 4","","01/01/2033","NJHMFA","","","","","","09/01/2026","01/01/2027","OCAF",""
"Tamarack","90100","100","100","Mike McKee","","","Option 1","","12/31/2046","MSHDA","","","","","","08/01/2026","01/01/2027","OCAF",""
"Westminster Village","75483","432","400","Matt Kim","","","Option 5","","12/31/2043","Massachusetts Housing Finance Agency","","","","","","09/01/2026","01/01/2027","OCAF",""
"Hill Country Villas","HCV1","51","51","Tolga Ayberk","","","Option 1","","02/01/2034","HUD","","","","","07/01/2026","08/01/2026","01/01/2027","RCS",""
"Treemont Village","4640008","60","60","Elliot Kohanbash","","","Option 2","","01/01/2033","HUD","","","","","","09/02/2026","01/02/2027","OCAF",""
"Arlington Park","90022","130","130","Matt Kim","","","Option 1","","01/31/2037","Massachusetts Housing Finance Agency","","","","","07/10/2026","09/10/2026","01/10/2027","RCS",""
"Washington Heights","75925","404","366","Matt Kim","","","Option 5","","01/30/2036","Massachusetts Housing Finance Agency","","","","","","09/15/2026","01/15/2027","OCAF",""
"Van Buren Park Apartments","75931","300","299","Matt Kim","","","Option 1","","01/31/2044","National Housing Compliance","","","","","","09/17/2026","01/17/2027","OCAF",""
"Fullerton Court","75918","196","195","Matt Kim","","","Option 1","","01/25/2034","National Housing Compliance","","","","","","09/26/2026","01/26/2027","OCAF",""
"Circle Park Apartments","75833","418","239","Claire Beatty","","","Original","","01/31/2041","National Housing Compliance","","","","","","10/01/2026","02/01/2027","OCAF",""
"Clifford House","75577","101","100","Mike McKee","","","Option 1","","08/31/2042","Navigate Affordable Housing Partners","","","","","","11/01/2026","02/01/2027","OCAF",""
"Creekwood Apartments","75903","104","104","Matt Kim","","","Option 1","","01/31/2034","National Housing Compliance","","","","","","10/01/2026","02/01/2027","OCAF",""
"Fairview Gardens","90059","160","160","Mike McKee","","","Option 1","","01/31/2038","S.C. State Housing Finance and Development Authority","","","","","","10/01/2026","02/01/2027","OCAF",""
"Ferncliff South","4640005","84","84","Claire Beatty","","","Option 2","","01/31/2038","Navigate Affordable Housing Partners","","","","","","10/01/2026","02/01/2027","OCAF",""
"Sandburg Village","75902","128","128","Matt Kim","","","Option 4","","02/01/2034","National Housing Compliance","","","","","","10/01/2026","02/01/2027","OCAF",""
"Senior World","75500","100","100","Mike McKee","","","Option 2","","02/01/2031","MSHDA","","","","","","10/02/2026","02/01/2027","OCAF",""
"The Woods","75491","57","57","Matt Kim","","","Option 2","","01/31/2034","National Housing Compliance","","","","","","10/01/2026","02/01/2027","OCAF",""
"Market Square","75568","76","75","Mike McKee","","","Option 1","","02/03/2041","Navigate Affordable Housing Partners","","","","","","10/04/2026","02/04/2027","OCAF",""
"Alpha Towers","90114","165","165","Claire Beatty","","","Option 1","","02/28/2044","Assisted Housing Services Corporation","","","","","","12/01/2026","03/01/2027","OCAF",""
"Country Village","75904","104","104","Matt Kim","","","Option 1","","02/29/2036","National Housing Compliance","","","","","","11/01/2026","03/01/2027","OCAF",""
"Towns at River South","90109","161","75","Claire Beatty","","","RAD","","02/28/2043","Richmond Redevelopment and Housing Authority","","","","","","12/01/2026","03/01/2027","OCAF",""
"Armory Plaza","75582","52","52","Claire Beatty","","","Option 1","","03/20/2044","New York State Housing Trust Fund Corporation","","","","","","11/22/2026","03/22/2027","OCAF",""
"Barnum House","75569","84","83","Mike McKee","","","Option 1","","03/31/2041","Navigate Affordable Housing Partners","","","","","","12/01/2026","04/01/2027","OCAF",""
"Bella Vista","79605","100","100","Tolga Ayberk","","","Option 1","","03/31/2041","Southwest Housing Compliance Corporation","","","","","","01/01/2027","04/01/2027","OCAF",""
"Chelsea Square Apartments","82113","","","","","","","","","","","","","","","02/01/2027","04/01/2027","OCAF",""
"Fox Hill","90063","160","160","Claire Beatty","","","Option 1","","02/28/2045","Missouri Housing Development Commission","","","","","10/01/2026","12/01/2026","04/01/2027","EXPIRES",""
"Mapleview Towers","75567","101","100","Mike McKee","","","Option 1","","03/31/2041","Navigate Affordable Housing Partners","","","","","","12/01/2026","04/01/2027","OCAF",""
"Marshall Field","75911","628","628","Matt Kim","","","Option 1","","04/30/2035","National Housing Compliance","","","","","","12/01/2026","04/01/2027","OCAF",""
"Montgomery Gateway","90024","190","189","Elliot Kohanbash","","","Option 1","","03/31/2045","NJHMFA","","","","","","12/01/2026","04/01/2027","OCAF",""
"Montview Heights","90084","50","50","Tolga Ayberk","","","Option 1","","03/31/2040","Colorado Housing and Finance Authority","","","","","","12/01/2026","04/01/2027","OCAF",""
"MORH Housing","75927","126","125","Tolga Ayberk","","","Original","","03/31/2036","CAHI","","","","","","12/01/2026","04/01/2027","OCAF",""
"Oak Center","75926","77","77","Tolga Ayberk","","","Option 1","","03/31/2036","CAHI","","","","","","12/01/2026","04/01/2027","OCAF",""
"Park Club Apartments","75835","56","55","Mike McKee","","","Option 1","","03/31/2042","Wisconsin Housing & Economic Development Authority","","","","","10/01/2026","01/01/2027","04/01/2027","RCS",""
"Riverwood","4640013","83","83","Mike McKee","","","Option 1","","03/31/2035","Navigate Affordable Housing Partners","","","","","","12/01/2026","04/01/2027","OCAF",""
"Riverwoods Apartments","79621","125","125","Claire Beatty","","","Option 2","","12/31/2043","CGI","","","","","","12/01/2026","04/01/2027","OCAF",""
"Roosevelt Apartments","90020","114","113","Matt Kim","","","Option 3","","03/31/2026","CGI","","","","","","12/01/2026","04/01/2027","OCAF",""
"Southeast Towers","75494","107","106","Mike McKee","","","PBV","","03/31/2028","NYS Homes and Community Renewal","","","","","10/01/2026","02/01/2027","04/01/2027","Request",""
"Southern Hills/Orlando","75834","212","212","Claire Beatty","","","Option 1","","03/31/2042","National Housing Compliance","","","","","","12/01/2026","04/01/2027","OCAF",""
"Spring Creek","75828","137","137","Matt Kim","","","Option 1","","03/31/2041","National Housing Compliance","","","","","","12/01/2026","04/01/2027","OCAF",""
"St. James Residences","9200045","148","148","Elliot Kohanbash","","","Option 1","","04/01/2045","North Tampa Housing Development Corporation","","","","","","12/01/2026","04/01/2027","OCAF",""
"Brook","90023","98","97","Elliot Kohanbash","","","Option 3","","03/31/2031","CGI","","","","","","12/01/2026","04/01/2027","OCAF",""
"Hazelwood Towers","75146","97","95","Claire Beatty","","","Option 3","","04/14/2025","Pennsylvania Housing Finance Agency","","","","","","12/15/2026","04/15/2027","OCAF",""
"North Park","75478","123","123","Matt Kim","","","Option 1","","04/18/2031","CGI","","","","","","12/19/2026","04/19/2027","OCAF",""
"Arvada House","79619","88","88","Tolga Ayberk","","","Option 1","","04/30/2043","Colorado Housing and Finance Authority","","","","","","01/01/2027","05/01/2027","OCAF",""
"Crossroads of New Brighton","75947","172","172","Mike McKee","","","Option 1","","04/30/2036","Minn Housing","","","","","","01/01/2027","05/01/2027","OCAF",""
"Crossroads of Shoreview","75948","44","44","Mike McKee","","","Option 2","","04/30/2036","Minn Housing","","","","","","01/01/2027","05/01/2027","OCAF",""
"Darby Townhouses","90056","172","168","Claire Beatty","","","Option 2","","12/31/2032","Pennsylvania Housing Finance Agency","","","","","","02/01/2027","05/01/2027","OCAF",""
"Hacienda Del Rio","90120","146","146","Tolga Ayberk","","","Option 1","","05/01/2044","Arizona Department of Housing","","","","","","01/01/2027","05/01/2027","OCAF",""
"Park Bluff","75951","186","185","Mike McKee","","","Option 1","","03/31/2035","Wisconsin Housing & Economic Development Authority","","","","","","01/01/2027","05/01/2027","OCAF",""
"Pineview at Grogran's Mill","79606","300","300","Tolga Ayberk","","","Option 1","","04/30/2041","SWHCC","","","","","","01/01/2027","05/01/2027","OCAF",""
"Poplar Grove","90117","130","128","Mike McKee","","","Option 1","","04/30/2044","North Carolina Housing Finance Agency","","","","","","01/01/2027","05/01/2027","OCAF",""
"Ridgewood at Panther Creek","79607","300","300","Tolga Ayberk","","","Option 1","","04/30/2041","SWHCC","","","","","","01/01/2027","05/01/2027","OCAF",""
"Shiloh Village","75572","168","168","Tolga Ayberk","","","Option 1","","05/01/2041","SWHCC","","","","","","01/01/2027","05/01/2027","OCAF",""
"Shoreline Plaza Apartments","79604","230","187","Mike McKee","","","Option 1","","04/30/2041","Minnesota Housing Finance Agency","","","","","","01/01/2027","05/01/2027","OCAF",""
"Sumler Terrace","4640014","126","126","Elliot Kohanbash","","","Option 1","","04/30/2037","Virginia Housing Development Authority","","","","","11/01/2026","01/01/2027","05/01/2027","RCS",""
"Trees - Willow","90107","63","63","Claire Beatty","","","Option 1","","04/30/2040","Colorado Housing and Finance Authority","","","","","","02/01/2027","05/01/2027","OCAF",""
"Woodman West","90112","197","196","Elliot Kohanbash","","","Option 1","","03/31/2044","Navigate Affordable Housing Partners","","","","","","02/01/2027","05/01/2027","OCAF",""
"Fairview Homes","75920","136","135","Elliot Kohanbash","","","Option 2","","05/07/2035","NJHMFA","","","","","","01/07/2027","05/07/2027","OCAF",""
"Hershey Plaza","75587","216","215","Claire Beatty","","","Option 1","","05/31/2037","Pennsylvania Housing Finance Agency","","","","","05/31/2027","02/28/2027","05/31/2027","RCS",""
"Bannock Arms","90051","66","66","Tolga Ayberk","","","Option 1","","05/31/2039","Idaho Housing and Finance Association","","","","","","02/01/2027","06/01/2027","OCAF",""
"Branford Manor","75930","442","441","Mike McKee","","","Option 1","","06/01/2037","Navigate Affordable Housing Partners","","","","","12/01/2026","02/01/2027","06/01/2027","RCS",""
"Carriage","90053","72","70","Mike McKee","","","Option 1","","05/31/2030","HUD","","","","","","03/01/2027","06/01/2027","OCAF",""
"Country Club Heights","79612","200","120","Claire Beatty","","","RAD","","04/01/2041","Quincy PHA","","","","","","02/01/2027","06/01/2027","OCAF",""
"Crossroads of Edina","75946","64","26","Mike McKee","","","Option 2","","05/31/2036","Minn Housing","","","","","","02/01/2027","06/01/2027","OCAF",""
"HDR Fund","90080","125","125","Tolga Ayberk","","","Option 2","","05/31/2031","LA LOMOD","","","","","","02/01/2027","06/01/2027","OCAF",""
"Hopkins Village","79623","165","164","Matt Kim","","","Option 1","","06/01/2045","MDHCD","","","","","","02/01/2027","06/01/2027","OCAF",""
"Ingram Square","79193","120","120","Tolga Ayberk","","","Option 3","","06/30/2031","HUD (HAP)","","","","","","02/01/2027","06/01/2027","OCAF",""
"Lake Worth Towers","90110","195","195","Elliot Kohanbash","","","PBV","","05/09/2043","Palm Beach County Housing Authority","","","","","","03/01/2027","06/01/2027","Request",""
"Northgate Terrace","75919","201","155","Tolga Ayberk","","","Option 2","","05/31/2035","CAHI","","","","","","02/01/2027","06/01/2027","OCAF",""
"Oaks on Clark","79602","80","80","Tolga Ayberk","","","Option 2","","05/31/2040","SWHCC","","","","","","02/01/2027","06/01/2027","OCAF",""
"Parkside Houses","90017","180","122","Matt Kim","","","RAD","","05/31/2036","HUD","","","","","","02/01/2027","06/01/2027","OCAF",""
"River Trails","79614","220","215","Tolga Ayberk","","","Option 2","","05/31/2042","SWHCC","","","","","12/01/2026","04/01/2027","06/01/2027","RCS",""
"South Bay Villa","79608","80","80","Tolga Ayberk","","","Option 1","","05/27/2041","LA LOMOD","","","","","","02/01/2027","06/01/2027","OCAF",""
"Walnut Hill","75420","180","","Matt Kim","","","PBV","","","N/A","","","","","","02/01/2027","06/01/2027","Request",""
"Sandwich Manor","75444","90","89","Matt Kim","","","Option 1b","","07/01/2046","NHC","","","","","","02/24/2027","06/24/2027","OCAF",""
"Burt Farms I","75109","51","50","Elliot Kohanbash","","","Option 1","","06/30/2029","CGI","","","","","","02/26/2027","06/26/2027","OCAF",""
"Marine Terrace","75922","497","441","Mike McKee","","","Option 1","","06/29/2036","CGI","","","","","","03/01/2027","06/30/2027","OCAF",""
"PJ Housing","75481","51","50","Matt Kim","","","Option 2","","06/29/2031","CGI","","","","","","03/01/2027","06/30/2027","OCAF",""
"333 Holly","75704","332","139","Tolga Ayberk","","","Option 1","","06/30/2040","SWHCC","","","","","","03/01/2027","07/01/2027","OCAF",""
"Butternut Creek","79617","100","198","Mike McKee","","","Option 2","","06/30/2043","MSHDA","","","","","","03/01/2027","07/01/2027","OCAF",""
"Campbell Terrace","75547","249","249","Claire Beatty","","","Option 1","","06/30/2039","National Housing Compliance","","","","","","03/01/2027","07/01/2027","OCAF",""
"Crossroads of East Ravenswood","75936","124","124","Claire Beatty","","","Option 1","","06/30/2036","National Housing Compliance","","","","","","03/01/2027","07/01/2027","OCAF",""
"Fern","75466","205","204","Elliot Kohanbash","","","Option 1","","10/31/2028","Newark Filend Office - Region II","","","","","12/30/2026","03/01/2027","07/01/2027","RCS",""
"Greenport","75468","366","364","Elliot Kohanbash","","","Option 1","","01/31/2029","CGI","","","","","","03/01/2027","07/01/2027","OCAF",""
"Morningside Court","75573","171","171","Claire Beatty","","","Option 1","","06/30/2041","National Housing Compliance","","","","","","03/01/2027","07/01/2027","OCAF",""
"New Horizons","75474","48","47","Elliot Kohanbash","","","Option 1","","04/30/2030","CGI","","","","","","03/01/2027","07/01/2027","OCAF",""
"Northgate Village","75542","168","168","Tolga Ayberk","","","Option 1","","06/30/2039","SWHA","","","","","","03/01/2027","07/01/2027","OCAF",""
"Nottingham Towers","90113","165","156","Mike McKee","","","Option 1","","05/31/2044","Navigate Affordable Housing Partners","","","","","","03/01/2027","07/01/2027","OCAF",""
"Oakhaven","90090","35","35","Tolga Ayberk","","","Option 2","","06/30/2033","Idaho Housing and Finance Association","","","","","","03/01/2027","07/01/2027","OCAF",""
"Oceanport Gardens","75563","101","100","Elliot Kohanbash","","","Option 1","","06/27/2039","NJHMFA","","","","","","02/28/2027","07/01/2027","OCAF",""
"Rose Tower","90097","168","120","Mike McKee","","","Option 2","","07/01/2034","Kentucky Housing Corporation","","","","","","04/01/2027","07/01/2027","OCAF",""
"Shoreview Apartments","79627","156","156","Tolga Ayberk","","","Option 1","","07/01/2044","CAHI","","","","","","03/01/2027","07/01/2027","OCAF",""
"State Street","75929","51","51","Mike McKee","","","Option 5","","06/30/2036","Wisconsin Housing & Economic Development Authority","","","","","","03/01/2027","07/01/2027","Request",""
"Talcott Gardens","75145","85","84","Mike McKee","","","Option 3","","06/30/2029","HUD","","","","","","03/01/2027","07/01/2027","OCAF",""
"Terrific Tenements","75475","88","88","Elliot Kohanbash","","","Option 1","","07/01/2045","CGI","","","","","","03/01/2027","07/01/2027","OCAF",""
"Terry Manor Apartments","79628","170","170","Tolga Ayberk","","","Option 1","","07/01/2044","LA LOMOD","","","","","","03/01/2027","07/01/2027","OCAF",""
"The Pines","75705","152","152","Tolga Ayberk","","","Option 1","","06/30/2040","SWHCC","","","","","","03/01/2027","07/01/2027","OCAF",""
"Tompkins Terrace","79622","193","61","Claire Beatty","","","PBV","","02/01/2040","City of Beacon Housing Authority","","","","","","03/01/2027","07/01/2027","Request",""
"Trees - Maple","90105","83","83","Claire Beatty","","","Option 1","","06/30/2037","Colorado Housing and Finance Authority","","","","","01/01/2027","04/01/2027","07/01/2027","RCS",""
"Woodland Hills","79610","125","125","Mike McKee","","","Option 1","","06/30/2041","MSHDA","","","","","","03/01/2027","07/01/2027","OCAF",""
"Woodland Towers","75934","104","104","Claire Beatty","","","Option 1","","06/30/2036","National Housing Compliance","","","","","","03/01/2027","07/01/2027","OCAF",""
"Walden","75921","89","89","Elliot Kohanbash","","","Option 1","","07/14/2035","CGI","","","","","","03/15/2027","07/15/2027","OCAF",""
"All Hallows","79624","157","150","Tolga Ayberk","","","Option 1","","01/31/2026","CAHI","","","","","","04/01/2027","08/01/2027","OCAF",""
"Beacon Hill","79618","198","198","Mike McKee","","","Option 1","","07/31/2043","MSHDA","","","","","","06/01/2027","08/01/2027","OCAF",""
"Federation Plaza","90062","124","123","Elliot Kohanbash","","","Option 1","","07/31/2045","CGI","","","","","","04/01/2027","08/01/2027","OCAF",""
"Gates Mills Villa","90064","191","175","Claire Beatty","","","Option 1","","08/01/2044","Assisted Housing Services Corporation","","","","","","05/01/2027","08/01/2027","OCAF",""
"Golden Link Manor","90065","31","31","Tolga Ayberk","","","Option 4","","07/31/2036","Bremerton Housing Authority","","","","","","04/01/2027","08/01/2027","OCAF",""
"James Court","90078","50","50","Tolga Ayberk","","","Option 1","","07/31/2040","HUD","","","","","","05/01/2027","08/01/2027","OCAF",""
"La Salle","79626","145","142","Tolga Ayberk","","","Option 1","","01/31/2026","CAHI","","","","","","04/01/2027","08/01/2027","OCAF",""
"Manhattan Plaza","75425","1689","1689","Claire Beatty","","","Option 1","","07/31/2037","HPD","","","","","02/01/2027","04/01/2027","08/01/2027","RCS",""
"Northpoint","79603","304","304","Claire Beatty","","","Option 1","","07/31/2040","National Housing Compliance","","","","","","04/01/2027","08/01/2027","OCAF",""
"Squire Village","90099","51","50","Tolga Ayberk","","","Option 4","","07/31/2040","Colorado Housing and Finance Authority","","","","","","04/01/2027","08/01/2027","OCAF",""
"West Haverstraw","75454","100","100","Matt Kim","","","Option 1","","07/31/2025","New York State Housing Trust Fund Corporation","","","","","","04/01/2027","08/01/2027","OCAF",""
"Westwood Village","4640009","","","","","","","","","","","","","","","04/01/2027","08/01/2027","OCAF",""
"Woodbury Oakwood","75488","96","96","Elliot Kohanbash","","","Option 2","","08/31/2028","NJHMFA","","","","","","04/05/2027","08/05/2027","OCAF",""
"Victory-Fiedler","75490","39","38","Elliot Kohanbash","","","PBV","","08/14/2027","NYCHPD","","","","","","04/15/2027","08/15/2027","EXPIRES",""
"529 West 29th Street","75345","139","139","Mike McKee","","","Option 1","","08/31/2034","CGI","","","","","","05/01/2027","09/01/2027","OCAF",""
"Augustana Homes","75499","186","180","Mike McKee","","","Option 1","","06/17/2033","Navigate Affordable Housing Partners","","","","","","06/01/2027","09/01/2027","OCAF",""
"Avon Towers","90049","125","125","Mike McKee","","","Option 1","","08/31/2044","MSHDA","","","","","","05/01/2027","09/01/2027","OCAF",""
"Bayview","79625","146","113","Tolga Ayberk","","","Option 1","","01/31/2026","CAHI","","","","","","05/01/2027","09/01/2027","OCAF",""
"Clarendon Court","75546","152","152","Claire Beatty","","","Option 1","","08/31/2038","National Housing Compliance","","","","","","05/01/2027","09/01/2027","OCAF",""
"Garden House of River Oaks II","75935","145","145","Claire Beatty","","","Option 4","","08/31/2036","HUD","","","","","","05/01/2027","09/01/2027","OCAF",""
"Garden Vista","940001","150","149","Elliot Kohanbash","","","Option 1","","08/31/2034","CGI","","","","","","05/01/2027","09/01/2027","OCAF",""
"Gates Manor","75933","51","51","Claire Beatty","","","Option 1","","08/31/2036","National Housing Compliance","","","","","","05/01/2027","09/01/2027","OCAF",""
"Highland Falls","75456","51","51","Matt Kim","","","Option 2","","08/31/2030","CGI","","","","","","05/01/2027","09/01/2027","OCAF",""
"Luther Towers","90111","362","362","Claire Beatty","","","SPRAC","","11/30/2043","Delaware State Housing Authority","","","","","","05/01/2027","09/01/2027","OCAF",""
"Midtown Estates","90083","88","87","Claire Beatty","","","Option 1","","08/31/2044","THDA","","","","","","06/01/2027","09/01/2027","OCAF",""
"Oaks on Lamar","75539","176","74","Tolga Ayberk","","","Option 1","","08/31/2038","SWHCC","","","","","","05/01/2027","09/01/2027","OCAF",""
"Peterson Plaza","75917","189","189","Mike McKee","","","Option 1","","08/31/2035","National Housing Compliance","","","","","","05/01/2027","09/01/2027","OCAF",""
"Plaza Apartments","90128","191","190","Claire Beatty","","","Option 1","","01/31/2037","Missouri Housing Development Commission","","","","","","06/01/2027","09/01/2027","OCAF",""
"River Run","75486","141","140","Mike McKee","","","Option 4","","04/01/2032","Navigate Affordable Housing Partners","","","","","","06/01/2027","09/01/2027","OCAF",""
"Riverside Townhomes","75540","128","128","Tolga Ayberk","","","Option 1","","08/31/2038","SWHCC","","","","","","05/01/2027","09/01/2027","OCAF",""
"Sheridan Park","75498","102","10","Matt Kim","","","Section 811","","08/31/2038","NHC","","","","","","05/01/2027","09/01/2027","Request",""
"Somers Point Apartments","75578","225","224","Elliot Kohanbash","","","Option 1","","08/31/2045","NJHMFA","","","","","","05/01/2027","09/01/2027","OCAF",""
"South Shore Apartments","7962079615","446","446","Mike McKee","","","Option 1","","06/30/2043","National Housing Compliance","","","","","","04/01/2027","09/01/2027","OCAF",""
"St. Andrews Residences","940005","177","177","Elliot Kohanbash","","","PBV","","08/31/2041","West Palm Beach Housing Authority","","","","","","05/01/2027","09/01/2027","Request",""
"The Biltmore Towers","79601","230","230","Matt Kim","","","Option 3","","08/31/2040","Assisted Housing Services Corporation","","","","","","05/01/2027","09/01/2027","OCAF",""
"The Greenhouse","90119","80","79","Matt Kim","","","","","08/31/2043","MassHousing","","","","","","06/01/2027","09/01/2027","OCAF",""
"Trees - Holly","90104","94","94","Claire Beatty","","","Option 2","","08/31/2035","Colorado Housing and Finance Authority","","","","","","06/01/2027","09/01/2027","OCAF",""
"Willow Woods","4640010","144","100","Mike McKee","","","Option 2","","08/31/2032","Navigate Affordable Housing Partners","","","","","03/01/2027","05/01/2027","09/01/2027","RCS",""
"Parkway Gardens","75479","694","694","Matt Kim","","","Option 2","","06/20/2031","National Housing Compliance","","","","","","05/21/2027","09/21/2027","OCAF",""
"Holly House","75564","42","42","Elliot Kohanbash","","","Option 1","","09/23/2040","NJHMFA","","","","","","05/24/2027","09/24/2027","OCAF",""
"Alaska House","90045","105","105","Tolga Ayberk","","","Option 1","","09/30/2040","Bremerton Housing Authority","","","","","","06/01/2027","10/01/2027","OCAF",""
"Ashley Oaks","4640003","250","250","Matt Kim","","","RAD","","09/30/2036","HUD","","","","","","06/01/2027","10/01/2027","OCAF",""
"Brewster Mews","90016","216","215","Matt Kim","","","","","09/30/2041","HUD","","","","","","06/01/2027","10/01/2027","OCAF",""
"Canal Lock Apartments","75139","52","51","Elliot Kohanbash","","","Option 3","","09/30/2034","CGI","","","","","","06/01/2027","10/01/2027","OCAF",""
"Charter Village","90054","250","220","Claire Beatty","","","Option 1","","09/30/2043","THDA","","","","","","06/01/2027","10/01/2027","OCAF",""
"Colonial Village","75708","66","66","Matt Kim","","","Option 1","","09/30/2041","HUD","","","","","","06/01/2027","10/01/2027","OCAF",""
"Dawson Square","90057","36","36","Tolga Ayberk","","","Option 1","","09/30/2040","Colorado Housing and Finance Authority","","","","","","06/01/2027","10/01/2027","OCAF",""
"Ferncliff North","4640012","144","144","Claire Beatty","","","Option 1","","09/30/2034","Navigate Affordable Housing Partners","","","","","","06/01/2027","10/01/2027","OCAF",""
"Greenacres","75484","101","100","Elliot Kohanbash","","","Option 3","","09/30/2027","CGI","","","","","","06/01/2027","10/01/2027","EXPIRES",""
"Hampshire House","75495","116","115","Elliot Kohanbash","","","Option 1","","09/30/2029","NJHMFA","","","","","","06/01/2027","10/01/2027","OCAF",""
"Helios Station","90069","30","30","Tolga Ayberk","","","Option 1","","09/30/2040","Colorado Housing and Finance Authority","","","","","","06/01/2027","10/01/2027","OCAF",""
"Hilltop","90072","77","77","Tolga Ayberk","","","Option 1","","03/31/2024","Colorado Housing and Finance Authority","","","","","","12/01/2026","10/01/2027","OCAF",""
"Horizon Square","90074","92","92","Claire Beatty","","","Option 1","","09/30/2037","THDA","","","","","","07/01/2027","10/01/2027","OCAF",""
"Lathrop Homes IA","75545","414","151","Mike McKee","","","PBV","","09/30/2037","Chicago Housing Authority","","","","","","08/01/2027","10/01/2027","Request",""
"New Baltimore Place","79616","101","100","Mike McKee","","","Option 1","","05/31/2043","MSHDA","","","","","","06/01/2027","10/01/2027","OCAF",""
"Newman Village","4640002","99","99","Mike McKee","","","RAD","","09/30/2036","HUD","","","","","","06/01/2027","10/01/2027","OCAF",""
"Northcross Townhomes","2640001","99","99","Mike McKee","","","Option 1","","09/30/2039","North Carolina Housing Finance Agency","","","","","","06/01/2027","10/01/2027","OCAF",""
"Overlook","75458","100","99","Elliot Kohanbash","","","Option 3","","09/30/2034","CGI","","","","","","06/01/2027","10/01/2027","OCAF",""
"Princeton Court Apartments","90019","304","144","Matt Kim","","","Option 1","","09/30/2041","NYS Housing Trust Fund","","","","","","06/01/2027","10/01/2027","OCAF",""
"Terrace Ridge","90101","168","167","Claire Beatty","","","Option 1","","09/30/2029","Assisted Housing Services Corporation","","","","","","07/01/2027","10/01/2027","OCAF",""
"Tiffany Square","90102","52","52","Tolga Ayberk","","","Option 2","","09/30/2040","Colorado Housing and Finance Authority","","","","","","07/01/2027","10/01/2027","OCAF",""
"Trees - Ash","90103","53","53","Claire Beatty","","","Option 1","","09/30/2039","Colorado Housing and Finance Authority","","","","","","07/01/2027","10/01/2027","OCAF",""
"Universal City","75565","160","159","Claire Beatty","","","Option 3","","09/30/2037","National Housing Compliance","","","","","","06/01/2027","10/01/2027","OCAF",""
"Village Park","75431","200","167","Matt Kim","","","Option 5","","09/30/2037","Massachusetts Housing Finance Agency","","","","","","06/01/2027","10/01/2027","OCAF",""
"Walker Mews","75290","167","166","Matt Kim","","","Option 1","","09/30/2044","Maryland Department of Housing and Community Development","","","","","","06/01/2027","10/01/2027","OCAF",""
"Winter Garden","79609","112","112","Claire Beatty","","","Option 1","","10/21/2041","Missouri Housing Development Commission","","","","","","07/01/2027","10/01/2027","OCAF",""
"Tyler House","90006","284","284","Mike McKee","","","Option 2","","09/30/2031","Assisted Housing Services Corporation","","","","","","06/01/2027","10/01/2027","OCAF",""
"Geneseo","75477","89","88","Matt Kim","","","Option 1","","10/03/2029","CGI","","","","","","06/04/2027","10/04/2027","OCAF",""
"Burt Farms II","75480","50","50","Elliot Kohanbash","","","Option 2","","07/31/2031","CGI","","","","","04/16/2027","06/16/2027","10/16/2027","RCS",""
"McCarthy Manor","75469","176","176","Matt Kim","","","Option 2","","10/26/2030","New York State Housing Trust Fund Corporation","","","","","","06/27/2027","10/27/2027","OCAF",""
"Augustana Homes of Fairfield","75537","15","15","Mike McKee","","","Option 1","","11/01/2037","Navigate Affordable Housing Partners","","","","","04/30/2027","07/01/2027","10/31/2027","RCS",""
"Augustana Homes of Greenwich","75535","31","31","Mike McKee","","","Option 1","","10/31/2037","Navigate Affordable Housing Partners","","","","","04/30/2027","07/01/2027","10/31/2027","RCS",""
"Woodlake Apartments","75584","148","147","Elliot Kohanbash","","","Option 1","","10/31/2044","NJHMFA","","","","","","07/31/2027","10/31/2027","OCAF",""
"Allenhurst Apartments","90015","316","316","Matt Kim","","","RAD","","10/31/2039","HUD","","","","","","07/01/2027","11/01/2027","OCAF",""
"Alms Hill","75924","200","200","Matt Kim","","","Option 1","","10/31/2038","HUD","","","","","","07/01/2027","11/01/2027","OCAF",""
"Garden House of Park Forest","75937","145","145","Claire Beatty","","","Option 4","","10/31/2036","National Housing Compliance","","","","","","07/01/2027","11/01/2027","OCAF",""
"Harmon","75955","210","209","Matt Kim","","","Option 1","","10/31/2038","Assisted Housing Services Corporation","","","","","","07/01/2027","11/01/2027","OCAF",""
"Hostmark Village Cove","90075","120","120","Tolga Ayberk","","","Option 1","","10/31/2039","Bremerton Housing Authority","","","","","","07/01/2027","11/01/2027","OCAF",""
"Linwood Square","75953","200","200","Tolga Ayberk","","","Option 1","","10/31/2037","SWHCC","","","","","05/01/2027","07/01/2027","11/01/2027","RCS",""
"Peppertree Heights","90018","101","100","Matt Kim","","","Option 1","","10/31/2030","NYSHFA","","","","","","07/01/2027","11/01/2027","OCAF",""
"Phoenix Towers","75489","158","158","Claire Beatty","","","Option 1","","10/31/2033","National Housing Compliance","","","","","05/01/2027","07/01/2027","11/01/2027","RCS",""
"Riverview II","75464","343","114","Elliot Kohanbash","","","PBV","","11/15/2043","MHACY","","","","","","08/11/2027","11/01/2027","Request",""
"Stephenville Crossing","75952","86","86","Tolga Ayberk","","","Option 1","","10/31/2037","SWHCC","","","","","05/01/2027","07/01/2027","11/01/2027","RCS",""
"The Magnolia","75954","65","65","Tolga Ayberk","","","Option 2","","11/01/2037","TDHCA","","","","","05/01/2027","07/01/2027","11/01/2027","RCS",""
"Van Nuys","7917579173","299","299","Tolga Ayberk","","","Option 3","","","LA LOMOD","","","","","","07/01/2027","11/01/2027","OCAF",""
"Malcolm Towers","90044","226","225","Elliot Kohanbash","","","Option 2","","04/30/2040","NJHMFA","","","","","","08/01/2027","11/01/2027","OCAF",""
"Mohican","75914","146","146","Mike McKee","","","Option 4","","11/17/2034","Connecticut Housing Finance Authority","","","","","","07/18/2027","11/18/2027","OCAF",""
"Washington Square West","79138","132","131","Mike McKee","","","Option 1","","11/22/2029","Pennsylvania Housing Finance Agency","","","","","","07/23/2027","11/23/2027","OCAF",""
"Essex-Phoenix","75497","145","144","Elliot Kohanbash","","","Option 4","","11/24/2033","NJHMFA","","","","","","07/25/2027","11/25/2027","OCAF",""
"Asbury","90047","119","119","Claire Beatty","","","Option 1","","11/30/2044","Assisted Housing Services Corporation","","","","","","09/01/2027","12/01/2027","OCAF",""
"Asbury Park","90048","44","43","Tolga Ayberk","","","Option 1","","11/30/2040","Colorado Housing and Finance Authority","","","","","","08/01/2027","12/01/2027","OCAF",""
"Day Meadows","90058","44","44","Tolga Ayberk","","","Option 4","","11/30/2031","HUD","","","","","","08/01/2027","12/01/2027","OCAF",""
"Elmwood Square","75570","138","6","Matt Kim","","","PBV","","11/30/2042","Buffalo Municipal Housing Authority","","","","","","08/01/2027","12/01/2027","Request",""
"Fairview Housing","90060","124","124","Claire Beatty","","","Option 1","","12/01/2044","Assisted Housing Services Corporation","","","","","","08/01/2027","12/01/2027","OCAF",""
"Highland Square","90070","152","152","Mike McKee","","","Option 1","","11/30/2036","S.C. State Housing Finance and Development Authority","","","","","","08/01/2027","12/01/2027","OCAF",""
"John Crawford","75485","96","95","Matt Kim","","","Option 3","","11/30/2033","CGI Federal","","","","","","08/01/2027","12/01/2027","OCAF",""
"Noble Tower","75543","195","195","Tolga Ayberk","","","Option 1","","11/30/2039","HUD (HAP)","","","","","","08/01/2027","12/01/2027","OCAF",""
"Northcrest Gardens","90085","182","182","Claire Beatty","","","Option 1","","11/30/2044","Ohio Housing Finance Agency","","","","","","09/01/2027","12/01/2027","OCAF",""
"Norwalk North","90086","72","72","Claire Beatty","","","Option 1","","12/01/2044","Assisted Housing Services Corporation","","","","","","09/01/2027","12/01/2027","OCAF",""
"Oak Forest","90089","64","64","Mike McKee","","","Option 1","","11/30/2029","S.C. State Housing Finance and Development Authority","","","","","","08/01/2027","12/01/2027","OCAF",""
"Oxford House","75487","156","156","Matt Kim","","","Option 2","","11/30/2031","National Housing Compliance","","","","","","08/01/2027","12/01/2027","OCAF",""
"Park Place","79611","242","242","Claire Beatty","","","Option 1","","10/21/2041","Missouri Housing Development Commission","","","","","","08/01/2027","12/01/2027","OCAF",""
"Round Barn Manor","79613","156","156","Claire Beatty","","","Option 2","","11/30/2043","National Housing Compliance","","","","","","08/01/2027","12/01/2027","OCAF",""
"Trees - Pine","90106","61","61","Claire Beatty","","","Option 1","","11/30/2040","Colorado Housing and Finance Authority","","","","","","09/01/2027","12/01/2027","OCAF",""
"Walnut Hills","79174","198","197","Matt Kim","","","Option 3","","11/30/2033","Assisted Housing Services Corporation","","","","","","08/01/2027","12/01/2027","OCAF",""
"Wyandot Square","90108","62","62","Claire Beatty","","","Option 1","","03/31/2029","Assisted Housing Services Corporation","","","","","","09/01/2027","12/01/2027","OCAF",""
"Luther Towers","90111","362","362","Claire Beatty","","","SPRAC","","11/30/2043","Delaware State Housing Authority","","","","","","09/06/2027","12/06/2027","OCAF",""
"Ebony Gardens","75566","144","144","Claire Beatty","","","Option 1","","12/31/2040","CGI","","","","","","08/08/2027","12/08/2027","OCAF",""
"Chestnut Park (Skyview)","75541","489","241","Matt Kim","","","RAD 2","","12/11/2038","HUD","","","","","","08/11/2027","12/11/2027","OCAF",""
"Riverhead Village","75583","135","135","Elliot Kohanbash","","","Option 1","","12/31/2043","CGI","","","","","","08/14/2027","12/14/2027","OCAF",""
"Cherry Garden","75576","254","252","Elliot Kohanbash","","","Option 1","","12/15/2041","NJHMFA","","","","","","08/16/2027","12/16/2027","OCAF",""
"Olde English Village","75923","200","200","Matt Kim","","","Option 3","","12/17/2035","MassHousing","","","","","","08/18/2027","12/18/2027","OCAF",""
"Westchester Park","90021","201","200","Matt Kim","","","Option 1","","12/27/2043","New York State Housing Trust Fund Corporation","","","","","","08/27/2027","12/27/2027","OCAF",""
"Albright","90046","112","112","Claire Beatty","","","Option 1","","12/31/2044","Assisted Housing Services Corporation","","","","","","10/01/2027","01/01/2028","OCAF",""
"Bastrop Oak Grove","90030","48","48","Tolga Ayberk","","","Option 4","","01/01/2039","Southwest Housing Compliance Corporation","","","","","","09/01/2027","01/01/2028","OCAF",""
"Bloomingdale Apartments","75932","111","111","Matt Kim","","","Option 1","","12/31/2043","National Housing Compliance","","","","","","09/01/2027","01/01/2028","OCAF",""
"Clinton Manor","75830","60","60","Mike McKee","","","Option 1","","12/31/2040","SC Housing","","","","","","09/01/2027","01/01/2028","OCAF",""
"Courthouse Square","90055","171","171","Tolga Ayberk","","","Option 1","","12/31/2039","Colorado Housing and Finance Authority","","","","","","09/01/2027","01/01/2028","OCAF",""
"Crevenna Oaks Apartments","667","50","50","Claire Beatty","","","Option 1","","01/01/2044","Navigate Affordable Housing Partners","","","","","","10/01/2027","01/01/2028","OCAF",""
"Faust Landmark Apartments","75532","200","200","Claire Beatty","","","RAD","","07/31/2025","Rockford Housing","","","","","","09/01/2027","01/01/2028","OCAF",""
"Fields Ertel Townhouses","75548","55","55","Matt Kim","","","Option 1","","12/31/2039","Assisted Housing Services Corporation","","","","","","09/01/2027","01/01/2028","OCAF",""
"French Apartments","75116","174","174","Mike McKee","","","Option 1","","12/31/2035","CGI","","","","","","09/01/2027","01/01/2028","OCAF",""
"Friendship Court","75831","80","80","Mike McKee","","","Option 2","","12/31/2040","SC State Housing","","","","","","09/01/2027","01/01/2028","OCAF",""
"Hoffman Homes","90073","81","81","Mike McKee","","","Option 1","","01/01/2046","North Carolina Housing Finance Agency","","","","","","09/01/2027","01/01/2028","OCAF",""
"Hondo Brian Place","90037","40","40","Tolga Ayberk","","","Option 1","","01/01/2039","Southwest Housing Compliance Corporation","","","","","","09/01/2027","01/01/2028","OCAF",""
"International House","90076","99","98","Tolga Ayberk","","","Option 1","","12/31/2037","Bremerton Housing Authority","","","","","07/01/2027","09/01/2027","01/01/2028","RCS",""
"IOOF Tower","90077","28","28","Tolga Ayberk","","","Option 1","","12/31/2040","Bremerton Housing Authority","","","","","","09/01/2027","01/01/2028","OCAF",""
"Kirkwood House","79197","261","260","Matt Kim","","","Option 1","","12/31/2028","MDHCD","","","","","","09/01/2027","01/01/2028","OCAF",""
"Loring Towers (MA)","79181","250","140","Matt Kim","","","PBV","","12/31/2042","CTI","","","","","","09/01/2027","01/01/2028","Request",""
"Luther Towers","90111","362","362","Claire Beatty","","","SPRAC","","11/30/2043","Delaware State Housing Authority","","","","","","10/01/2027","01/01/2028","Request",""
"Mad River Manor","90082","74","74","Claire Beatty","","","Option 1","","12/31/2044","Assisted Housing Services Corporation","","","","","","10/01/2028","01/01/2028","OCAF",""
"Newberry Arms","75832","60","60","Mike McKee","","","Option 1","","12/31/2040","SC State Housing","","","","","","09/01/2027","01/01/2028","OCAF",""
"Oaks on North Plaza","75544","62","62","Tolga Ayberk","","","Option 1","","12/31/2039","SWHCC","","","","","","09/01/2027","01/01/2028","OCAF",""
"Orangeburg Manor","90091","100","100","Mike McKee","","","Option 3","","12/27/2031","S.C. State Housing Finance and Development Authority","","","","","","09/01/2027","01/01/2028","OCAF",""
"Pinewood Gardens","90092","80","80","Claire Beatty","","","Option 2","","12/31/2044","Assisted Housing Services Corporation","","","","","","10/01/2027","01/01/2028","OCAF",""
"Riverview Bend","90096","94","94","Claire Beatty","","","Option 1","","12/31/2044","Missouri Housing Development Commission","","","","","","09/01/2027","01/01/2028","OCAF",""
"Shawnee Village","75901","120","120","Matt Kim","","","Option 1","","12/31/2033","Illinois Housing Development Authority","","","","","","09/01/2027","01/01/2028","OCAF",""
"Southport Mews","75433","65","64","Matt Kim","","","Option 2","","10/31/2029","HUD","","","","","","09/01/2027","01/01/2028","OCAF",""
"Summit Oaks Apartments","670","50","50","Claire Beatty","","","Option 1","","01/01/2044","Navigate Affordable Housing Partners","","","","","","10/01/2027","01/01/2028","OCAF",""
"Sycamore Ridge","75912","304","304","Elliot Kohanbash","","","Option 4","","01/01/2033","NJHMFA","","","","","","09/01/2027","01/01/2028","OCAF",""
"Tamarack","90100","100","100","Mike McKee","","","Option 1","","12/31/2046","MSHDA","","","","","","08/01/2027","01/01/2028","OCAF",""
"Westminster Village","75483","432","400","Matt Kim","","","Option 5","","12/31/2043","Massachusetts Housing Finance Agency","","","","","","09/01/2027","01/01/2028","OCAF",""
"Hill Country Villas","HCV1","51","51","Tolga Ayberk","","","Option 1","","02/01/2034","HUD","","","","","","08/01/2027","01/01/2028","OCAF",""
"Treemont Village","4640008","60","60","Elliot Kohanbash","","","Option 2","","01/01/2033","HUD","","","","","07/02/2027","09/02/2027","01/02/2028","RCS",""
"Halcyon House","90067","197","197","Tolga Ayberk","","","Option 1","","01/03/2036","Colorado Housing and Finance Authority","","","","","","09/04/2027","01/04/2028","OCAF",""
"Arlington Park","90022","130","130","Matt Kim","","","Option 1","","01/31/2037","Massachusetts Housing Finance Agency","","","","","","09/10/2027","01/10/2028","OCAF",""
"Washington Heights","75925","404","366","Matt Kim","","","Option 5","","01/30/2036","Massachusetts Housing Finance Agency","","","","","","09/15/2027","01/15/2028","OCAF",""
"Van Buren Park Apartments","75931","300","299","Matt Kim","","","Option 1","","01/31/2044","National Housing Compliance","","","","","","09/17/2027","01/17/2028","OCAF",""
"Fullerton Court","75918","196","195","Matt Kim","","","Option 1","","01/25/2034","National Housing Compliance","","","","","","09/26/2027","01/26/2028","OCAF",""
"Circle Park Apartments","75833","418","239","Claire Beatty","","","Original","","01/31/2041","National Housing Compliance","","","","","","10/01/2027","02/01/2028","OCAF",""
"Clifford House","75577","101","100","Mike McKee","","","Option 1","","08/31/2042","Navigate Affordable Housing Partners","","","","","","11/01/2027","02/01/2028","OCAF",""
"Creekwood Apartments","75903","104","104","Matt Kim","","","Option 1","","01/31/2034","National Housing Compliance","","","","","","10/01/2027","02/01/2028","OCAF",""
"Fairview Gardens","90059","160","160","Mike McKee","","","Option 1","","01/31/2038","S.C. State Housing Finance and Development Authority","","","","","08/01/2027","10/01/2027","02/01/2028","RCS",""
"Ferncliff South","4640005","84","84","Claire Beatty","","","Option 2","","01/31/2038","Navigate Affordable Housing Partners","","","","","08/01/2027","10/01/2027","02/01/2028","RCS",""
"Sandburg Village","75902","128","128","Matt Kim","","","Option 4","","02/01/2034","National Housing Compliance","","","","","","10/01/2027","02/01/2028","OCAF",""
"Senior World","75500","100","100","Mike McKee","","","Option 2","","02/01/2031","MSHDA","","","","","","10/02/2027","02/01/2028","OCAF",""
"The Woods","75491","57","57","Matt Kim","","","Option 2","","01/31/2034","National Housing Compliance","","","","","","10/01/2027","02/01/2028","OCAF",""
"Market Square","75568","76","75","Mike McKee","","","Option 1","","02/03/2041","Navigate Affordable Housing Partners","","","","","","10/04/2027","02/04/2028","OCAF",""
"Alpha Towers","90114","165","165","Claire Beatty","","","Option 1","","02/28/2044","Assisted Housing Services Corporation","","","","","","12/01/2027","03/01/2028","OCAF",""
"Country Village","75904","104","104","Matt Kim","","","Option 1","","02/29/2036","National Housing Compliance","","","","","","11/01/2027","03/01/2028","OCAF",""
"Towns at River South","90109","161","75","Claire Beatty","","","RAD","","02/28/2043","Richmond Redevelopment and Housing Authority","","","","","09/01/2027","12/01/2027","03/01/2028","RCS",""
"Armory Plaza","75582","52","52","Claire Beatty","","","Option 1","","03/20/2044","New York State Housing Trust Fund Corporation","","","","","","11/22/2027","03/22/2028","OCAF",""
"Barnum House","75569","84","83","Mike McKee","","","Option 1","","03/31/2041","Navigate Affordable Housing Partners","","","","","","12/01/2027","04/01/2028","OCAF",""
"Bella Vista","79605","100","100","Tolga Ayberk","","","Option 1","","03/31/2041","Southwest Housing Compliance Corporation","","","","","","01/01/2028","04/01/2028","OCAF",""
"Chelsea Square Apartments","82113","","","","","","","","","","","","","","","02/01/2028","04/01/2028","OCAF",""
"Mapleview Towers","75567","101","100","Mike McKee","","","Option 1","","03/31/2041","Navigate Affordable Housing Partners","","","","","","12/01/2027","04/01/2028","OCAF",""
"Marshall Field","75911","628","628","Matt Kim","","","Option 1","","04/30/2035","National Housing Compliance","","","","","","12/01/2027","04/01/2028","OCAF",""
"Montgomery Gateway","90024","190","189","Elliot Kohanbash","","","Option 1","","03/31/2045","NJHMFA","","","","","","12/01/2027","04/01/2028","OCAF",""
"Montview Heights","90084","50","50","Tolga Ayberk","","","Option 1","","03/31/2040","Colorado Housing and Finance Authority","","","","","","12/01/2027","04/01/2028","OCAF",""
"MORH Housing","75927","126","125","Tolga Ayberk","","","Original","","03/31/2036","CAHI","","","","","","12/01/2027","04/01/2028","OCAF",""
"Oak Center","75926","77","77","Tolga Ayberk","","","Option 1","","03/31/2036","CAHI","","","","","","12/01/2027","04/01/2028","OCAF",""
"Park Club Apartments","75835","56","55","Mike McKee","","","Option 1","","03/31/2042","Wisconsin Housing & Economic Development Authority","","","","","","01/01/2028","04/01/2028","OCAF",""
"Riverwood","4640013","83","83","Mike McKee","","","Option 1","","03/31/2035","Navigate Affordable Housing Partners","","","","","","12/01/2027","04/01/2028","OCAF",""
"Riverwoods Apartments","79621","125","125","Claire Beatty","","","Option 2","","12/31/2043","CGI","","","","","","12/01/2027","04/01/2028","OCAF",""
"Roosevelt Apartments","90020","114","113","Matt Kim","","","Option 3","","03/31/2026","CGI","","","","","","","04/01/2028","OCAF",""
"Southeast Towers","75494","107","106","Mike McKee","","","PBV","","03/31/2028","NYS Homes and Community Renewal","","","","","","02/01/2028","04/01/2028","EXPIRES",""
"Southern Hills/Orlando","75834","212","212","Claire Beatty","","","Option 1","","03/31/2042","National Housing Compliance","","","","","","12/01/2027","04/01/2028","OCAF",""
"Spring Creek","75828","137","137","Matt Kim","","","Option 1","","03/31/2041","National Housing Compliance","","","","","","12/01/2027","04/01/2028","OCAF",""
"St. James Residences","9200045","148","148","Elliot Kohanbash","","","Option 1","","04/01/2045","North Tampa Housing Development Corporation","","","","","","12/01/2027","04/01/2028","OCAF",""
"Brook","90023","98","97","Elliot Kohanbash","","","Option 3","","03/31/2031","CGI","","","","","","12/01/2027","04/01/2028","OCAF",""
"Hazelwood Towers","75146","97","95","Claire Beatty","","","Option 3","","04/14/2025","Pennsylvania Housing Finance Agency","","","","","","12/15/2027","04/15/2028","OCAF",""
"North Park","75478","123","123","Matt Kim","","","Option 1","","04/18/2031","CGI","","","","","","12/19/2027","04/19/2028","OCAF",""
"Arvada House","79619","88","88","Tolga Ayberk","","","Option 1","","04/30/2043","Colorado Housing and Finance Authority","","","","","11/01/2027","01/01/2028","05/01/2028","RCS",""
"Crossroads of New Brighton","75947","172","172","Mike McKee","","","Option 1","","04/30/2036","Minn Housing","","","","","","01/01/2028","05/01/2028","OCAF",""
"Crossroads of Shoreview","75948","44","44","Mike McKee","","","Option 2","","04/30/2036","Minn Housing","","","","","","01/01/2028","05/01/2028","OCAF",""
"Darby Townhouses","90056","172","168","Claire Beatty","","","Option 2","","12/31/2032","Pennsylvania Housing Finance Agency","","","","","","02/01/2028","05/01/2028","OCAF",""
"Hacienda Del Rio","90120","146","146","Tolga Ayberk","","","Option 1","","05/01/2044","Arizona Department of Housing","","","","","","01/01/2028","05/01/2028","OCAF",""
"Park Bluff","75951","186","185","Mike McKee","","","Option 1","","03/31/2035","Wisconsin Housing & Economic Development Authority","","","","","","01/01/2028","05/01/2028","OCAF",""
"Pineview at Grogran's Mill","79606","300","300","Tolga Ayberk","","","Option 1","","04/30/2041","SWHCC","","","","","","01/01/2028","05/01/2028","OCAF",""
"Poplar Grove","90117","130","128","Mike McKee","","","Option 1","","04/30/2044","North Carolina Housing Finance Agency","","","","","","01/01/2028","05/01/2028","OCAF",""
"Ridgewood at Panther Creek","79607","300","300","Tolga Ayberk","","","Option 1","","04/30/2041","SWHCC","","","","","","01/01/2028","05/01/2028","OCAF",""
"Shiloh Village","75572","168","168","Tolga Ayberk","","","Option 1","","05/01/2041","SWHCC","","","","","","01/01/2028","05/01/2028","OCAF",""
"Shoreline Plaza Apartments","79604","230","187","Mike McKee","","","Option 1","","04/30/2041","Minnesota Housing Finance Agency","","","","","","01/01/2028","05/01/2028","OCAF",""
"Sumler Terrace","4640014","126","126","Elliot Kohanbash","","","Option 1","","04/30/2037","Virginia Housing Development Authority","","","","","","01/01/2028","05/01/2028","OCAF",""
"Trees - Willow","90107","63","63","Claire Beatty","","","Option 1","","04/30/2040","Colorado Housing and Finance Authority","","","","","","02/01/2028","05/01/2028","OCAF",""
"Woodman West","90112","197","196","Elliot Kohanbash","","","Option 1","","03/31/2044","Navigate Affordable Housing Partners","","","","","","02/01/2028","05/01/2028","OCAF",""
"Fairview Homes","75920","136","135","Elliot Kohanbash","","","Option 2","","05/07/2035","NJHMFA","","","","","","01/07/2028","05/07/2028","OCAF",""
"Hershey Plaza","75587","216","215","Claire Beatty","","","Option 1","","05/31/2037","Pennsylvania Housing Finance Agency","","","","","","02/28/2028","05/31/2028","OCAF",""
"Bannock Arms","90051","66","66","Tolga Ayberk","","","Option 1","","05/31/2039","Idaho Housing and Finance Association","","","","","","02/01/2028","06/01/2028","OCAF",""
"Branford Manor","75930","442","441","Mike McKee","","","Option 1","","06/01/2037","Navigate Affordable Housing Partners","","","","","","02/01/2028","06/01/2028","OCAF",""
"Carriage","90053","72","70","Mike McKee","","","Option 1","","05/31/2030","HUD","","","","","","03/01/2028","06/01/2028","OCAF",""
"Country Club Heights","79612","200","120","Claire Beatty","","","RAD","","04/01/2041","Quincy PHA","","","","","","02/01/2028","06/01/2028","OCAF",""
"Crossroads of Edina","75946","64","26","Mike McKee","","","Option 2","","05/31/2036","Minn Housing","","","","","","02/01/2028","06/01/2028","OCAF",""
"HDR Fund","90080","125","125","Tolga Ayberk","","","Option 2","","05/31/2031","LA LOMOD","","","","","","02/01/2028","06/01/2028","OCAF",""
"Hopkins Village","79623","165","164","Matt Kim","","","Option 1","","06/01/2045","MDHCD","","","","","","02/01/2028","06/01/2028","OCAF",""
"Ingram Square","79193","120","120","Tolga Ayberk","","","Option 3","","06/30/2031","HUD (HAP)","","","","","","02/01/2028","06/01/2028","OCAF",""
"Lake Worth Towers","90110","195","195","Elliot Kohanbash","","","PBV","","05/09/2043","Palm Beach County Housing Authority","","","","","","03/01/2028","06/01/2028","Request",""
"Northgate Terrace","75919","201","155","Tolga Ayberk","","","Option 2","","05/31/2035","CAHI","","","","","","02/01/2028","06/01/2028","OCAF",""
"Nottingham Towers","90113","165","156","Mike McKee","","","Option 1","","05/31/2044","Navigate Affordable Housing Partners","","","","","","02/01/2028","06/01/2028","OCAF",""
"Oaks on Clark","79602","80","80","Tolga Ayberk","","","Option 2","","05/31/2040","SWHCC","","","","","","02/01/2028","06/01/2028","OCAF",""
"Parkside Houses","90017","180","122","Matt Kim","","","RAD","","05/31/2036","HUD","","","","","","02/01/2028","06/01/2028","OCAF",""
"River Trails","79614","220","215","Tolga Ayberk","","","Option 2","","05/31/2042","SWHCC","","","","","","04/01/2028","06/01/2028","OCAF",""
"South Bay Villa","79608","80","80","Tolga Ayberk","","","Option 1","","05/27/2041","LA LOMOD","","","","","","02/01/2028","06/01/2028","OCAF",""
"Walnut Hill","75420","180","","Matt Kim","","","PBV","","","N/A","","","","","","02/01/2028","06/01/2028","Request",""
"Sandwich Manor","75444","90","89","Matt Kim","","","Option 1b","","07/01/2046","NHC","","","","","","02/24/2028","06/24/2028","OCAF",""
"Burt Farms I","75109","51","50","Elliot Kohanbash","","","Option 1","","06/30/2029","CGI","","","","","","02/26/2028","06/26/2028","OCAF",""
"Marine Terrace","75922","497","441","Mike McKee","","","Option 1","","06/29/2036","CGI","","","","","","03/01/2028","06/30/2028","OCAF",""
"PJ Housing","75481","51","50","Matt Kim","","","Option 2","","06/29/2031","CGI","","","","","","03/01/2028","06/30/2028","OCAF",""
"333 Holly","75704","332","139","Tolga Ayberk","","","Option 1","","06/30/2040","SWHCC","","","","","","03/01/2028","07/01/2028","OCAF",""
"Butternut Creek","79617","100","198","Mike McKee","","","Option 2","","06/30/2043","MSHDA","","","","","01/01/2028","03/01/2028","07/01/2028","RCS",""
"Campbell Terrace","75547","249","249","Claire Beatty","","","Option 1","","06/30/2039","National Housing Compliance","","","","","","03/01/2028","07/01/2028","OCAF",""
"Crossroads of East Ravenswood","75936","124","124","Claire Beatty","","","Option 1","","06/30/2036","National Housing Compliance","","","","","","03/01/2028","07/01/2028","OCAF",""
"Fern","75466","205","204","Elliot Kohanbash","","","Option 1","","10/31/2028","Newark Filend Office - Region II","","","","","","03/01/2025","07/01/2028","EXPIRES",""
"Greenport","75468","366","364","Elliot Kohanbash","","","Option 1","","01/31/2029","CGI","","","","","","03/01/2028","07/01/2028","OCAF",""
"Morningside Court","75573","171","171","Claire Beatty","","","Option 1","","06/30/2041","National Housing Compliance","","","","","","03/01/2028","07/01/2028","OCAF",""
"New Horizons","75474","48","47","Elliot Kohanbash","","","Option 1","","04/30/2030","CGI","","","","","01/01/2028","03/01/2028","07/01/2028","OCAF",""
"Northgate Village","75542","168","168","Tolga Ayberk","","","Option 1","","06/30/2039","SWHA","","","","","","03/01/2028","07/01/2028","OCAF",""
"Oakhaven","90090","35","35","Tolga Ayberk","","","Option 2","","06/30/2033","Idaho Housing and Finance Association","","","","","01/01/2028","03/01/2028","07/01/2028","RCS",""
"Oceanport Gardens","75563","101","100","Elliot Kohanbash","","","Option 1","","06/27/2039","NJHMFA","","","","","","02/28/2028","07/01/2028","OCAF",""
"Rose Tower","90097","168","120","Mike McKee","","","Option 2","","07/01/2034","Kentucky Housing Corporation","","","","","","04/01/2028","07/01/2028","OCAF",""
"Shoreview Apartments","79627","156","156","Tolga Ayberk","","","Option 1","","07/01/2044","CAHI","","","","","","03/01/2028","07/01/2028","OCAF",""
"State Street","75929","51","51","Mike McKee","","","Option 5","","06/30/2036","Wisconsin Housing & Economic Development Authority","","","","","","03/01/2028","07/01/2028","Request",""
"Talcott Gardens","75145","85","84","Mike McKee","","","Option 3","","06/30/2029","HUD","","","","","","03/01/2028","07/01/2028","OCAF",""
"Terrific Tenements","75475","88","88","Elliot Kohanbash","","","Option 1","","07/01/2045","CGI","","","","","","03/01/2028","07/01/2028","OCAF",""
"Terry Manor Apartments","79628","170","170","Tolga Ayberk","","","Option 1","","07/01/2044","LA LOMOD","","","","","","03/01/2028","07/01/2028","OCAF",""
"The Pines","75705","152","152","Tolga Ayberk","","","Option 1","","06/30/2040","SWHCC","","","","","","03/01/2028","07/01/2028","OCAF",""
"Tompkins Terrace","79622","193","61","Claire Beatty","","","PBV","","02/01/2040","City of Beacon Housing Authority","","","","","","03/01/2028","07/01/2028","Request",""
"Trees - Maple","90105","83","83","Claire Beatty","","","Option 1","","06/30/2037","Colorado Housing and Finance Authority","","","","","","04/01/2028","07/01/2028","OCAF",""
"Woodland Hills","79610","125","125","Mike McKee","","","Option 1","","06/30/2041","MSHDA","","","","","","03/01/2028","07/01/2028","OCAF",""
"Woodland Towers","75934","104","104","Claire Beatty","","","Option 1","","06/30/2036","National Housing Compliance","","","","","","03/01/2028","07/01/2028","OCAF",""
"Walden","75921","89","89","Elliot Kohanbash","","","Option 1","","07/14/2035","CGI","","","","","","03/15/2028","07/15/2028","OCAF",""
"All Hallows","79624","157","150","Tolga Ayberk","","","Option 1","","01/31/2026","CAHI","","","","","","04/01/2028","08/01/2028","OCAF",""
"Beacon Hill","79618","198","198","Mike McKee","","","Option 1","","07/31/2043","MSHDA","","","","","","06/01/2028","08/01/2028","RCS",""
"Federation Plaza","90062","124","123","Elliot Kohanbash","","","Option 1","","07/31/2045","CGI","","","","","","04/01/2028","08/01/2028","OCAF",""
"Gates Mills Villa","90064","191","175","Claire Beatty","","","Option 1","","08/01/2044","Assisted Housing Services Corporation","","","","","","05/01/2028","08/01/2028","OCAF",""
"Golden Link Manor","90065","31","31","Tolga Ayberk","","","Option 4","","07/31/2036","Bremerton Housing Authority","","","","","","04/01/2028","08/01/2028","OCAF",""
"James Court","90078","50","50","Tolga Ayberk","","","Option 1","","07/31/2040","HUD","","","","","","05/01/2028","08/01/2028","OCAF",""
"La Salle","79626","145","142","Tolga Ayberk","","","Option 1","","01/31/2026","CAHI","","","","","","04/01/2028","08/01/2028","OCAF",""
"Manhattan Plaza","75425","1689","1689","Claire Beatty","","","Option 1","","07/31/2037","HPD","","","","","","04/01/2028","08/01/2028","OCAF",""
"Northpoint","79603","304","304","Claire Beatty","","","Option 1","","07/31/2040","National Housing Compliance","","","","","","04/01/2028","08/01/2028","OCAF",""
"Squire Village","90099","51","50","Tolga Ayberk","","","Option 4","","07/31/2040","Colorado Housing and Finance Authority","","","","","","04/01/2028","08/01/2028","OCAF",""
"West Haverstraw","75454","100","100","Matt Kim","","","Option 1","","07/31/2025","New York State Housing Trust Fund Corporation","","","","","","04/01/2028","08/01/2028","OCAF",""
"Westwood Village","4640009","","","","","","","","","","","","","","","04/01/2028","08/01/2028","OCAF",""
"Woodbury Oakwood","75488","96","96","Elliot Kohanbash","","","Option 2","","08/31/2028","NJHMFA","","","","","","04/05/2028","08/05/2028","EXPIRES",""
"529 West 29th Street","75345","139","139","Mike McKee","","","Option 1","","08/31/2034","CGI","","","","","","05/01/2028","09/01/2028","OCAF",""
"Augustana Homes","75499","186","180","Mike McKee","","","Option 1","","06/17/2033","Navigate Affordable Housing Partners","","","","","","06/01/2028","09/01/2028","OCAF",""
"Avon Towers","90049","125","125","Mike McKee","","","Option 1","","08/31/2044","MSHDA","","","","","","05/01/2028","09/01/2028","OCAF",""
"Bayview","79625","146","113","Tolga Ayberk","","","Option 1","","01/31/2026","CAHI","","","","","","05/01/2028","09/01/2028","OCAF",""
"Clarendon Court","75546","152","152","Claire Beatty","","","Option 1","","08/31/2038","National Housing Compliance","","","","","03/01/2028","05/01/2028","09/01/2028","RCS",""
"Garden House of River Oaks II","75935","145","145","Claire Beatty","","","Option 4","","08/31/2036","HUD","","","","","","05/01/2028","09/01/2028","OCAF",""
"Garden Vista","940001","150","149","Elliot Kohanbash","","","Option 1","","08/31/2034","CGI","","","","","","05/01/2028","09/01/2028","OCAF",""
"Gates Manor","75933","51","51","Claire Beatty","","","Option 1","","08/31/2036","National Housing Compliance","","","","","","05/01/2028","09/01/2028","OCAF",""
"Highland Falls","75456","51","51","Matt Kim","","","Option 2","","08/31/2030","CGI","","","","","","05/01/2028","09/01/2028","OCAF",""
"Luther Towers","90111","362","362","Claire Beatty","","","SPRAC","","11/30/2043","Delaware State Housing Authority","","","","","","05/01/2028","09/01/2028","OCAF",""
"Midtown Estates","90083","88","87","Claire Beatty","","","Option 1","","08/31/2044","THDA","","","","","","06/01/2028","09/01/2028","OCAF",""
"Oaks on Lamar","75539","176","74","Tolga Ayberk","","","Option 1","","08/31/2038","SWHCC","","","","","03/01/2028","05/01/2028","09/01/2028","RCS",""
"Peterson Plaza","75917","189","189","Mike McKee","","","Option 1","","08/31/2035","National Housing Compliance","","","","","","05/01/2028","09/01/2028","OCAF",""
"Plaza Apartments","90128","191","190","Claire Beatty","","","Option 1","","01/31/2037","Missouri Housing Development Commission","","","","","","06/01/2028","09/01/2028","OCAF",""
"River Run","75486","141","140","Mike McKee","","","Option 4","","04/01/2032","Navigate Affordable Housing Partners","","","","","","06/01/2028","09/01/2028","OCAF",""
"Riverside Townhomes","75540","128","128","Tolga Ayberk","","","Option 1","","08/31/2038","SWHCC","","","","","03/01/2028","05/01/2028","09/01/2028","RCS",""
"Sheridan Park","75498","102","10","Matt Kim","","","Section 811","","08/31/2038","NHC","","","","","","05/01/2028","09/01/2028","Request",""
"Somers Point Apartments","75578","225","224","Elliot Kohanbash","","","Option 1","","08/31/2045","NJHMFA","","","","","09/01/2027","05/01/2028","09/01/2028","OCAF",""
"South Shore Apartments","7962079615","446","446","Mike McKee","","","Option 1","","06/30/2043","National Housing Compliance","","","","","","04/01/2028","09/01/2028","OCAF",""
"St. Andrews Residences","940005","177","177","Elliot Kohanbash","","","PBV","","08/31/2041","West Palm Beach Housing Authority","","","","","","05/01/2028","09/01/2028","Request",""
"The Biltmore Towers","79601","230","230","Matt Kim","","","Option 3","","08/31/2040","Assisted Housing Services Corporation","","","","","","05/01/2028","09/01/2028","OCAF",""
"The Greenhouse","90119","80","79","Matt Kim","","","","","08/31/2043","MassHousing","","","","","03/01/2028","06/01/2028","09/01/2028","RCS",""
"Trees - Holly","90104","94","94","Claire Beatty","","","Option 2","","08/31/2035","Colorado Housing and Finance Authority","","","","","","06/01/2028","09/01/2028","OCAF",""
"Willow Woods","4640010","144","100","Mike McKee","","","Option 2","","08/31/2032","Navigate Affordable Housing Partners","","","","","","05/01/2028","09/01/2028","OCAF",""
"Parkway Gardens","75479","694","694","Matt Kim","","","Option 2","","06/20/2031","National Housing Compliance","","","","","","05/21/2028","09/21/2028","OCAF",""
"Holly House","75564","42","42","Elliot Kohanbash","","","Option 1","","09/23/2040","NJHMFA","","","","","","05/24/2028","09/24/2028","OCAF",""
"Alaska House","90045","105","105","Tolga Ayberk","","","Option 1","","09/30/2040","Bremerton Housing Authority","","","","","","06/01/2028","10/01/2028","OCAF",""
"Ashley Oaks","4640003","250","250","Matt Kim","","","RAD","","09/30/2036","HUD","","","","","","06/01/2028","10/01/2028","OCAF",""
"Brewster Mews","90016","216","215","Matt Kim","","","","","09/30/2041","HUD","","","","","","06/01/2028","10/01/2028","OCAF",""
"Canal Lock Apartments","75139","52","51","Elliot Kohanbash","","","Option 3","","09/30/2034","CGI","","","","","","06/01/2028","10/01/2028","OCAF",""
"Charter Village","90054","250","220","Claire Beatty","","","Option 1","","09/30/2043","THDA","","","","","04/01/2028","06/01/2028","10/01/2028","RCS",""
"Colonial Village","75708","66","66","Matt Kim","","","Option 1","","09/30/2041","HUD","","","","","","06/01/2028","10/01/2028","OCAF",""
"Dawson Square","90057","36","36","Tolga Ayberk","","","Option 1","","09/30/2040","Colorado Housing and Finance Authority","","","","","","06/01/2028","10/01/2028","OCAF",""
"Ferncliff North","4640012","144","144","Claire Beatty","","","Option 1","","09/30/2034","Navigate Affordable Housing Partners","","","","","","06/01/2028","10/01/2028","OCAF",""
"Hampshire House","75495","116","115","Elliot Kohanbash","","","Option 1","","09/30/2029","NJHMFA","","","","","","06/01/2028","10/01/2028","OCAF",""
"Helios Station","90069","30","30","Tolga Ayberk","","","Option 1","","09/30/2040","Colorado Housing and Finance Authority","","","","","","06/01/2028","10/01/2028","OCAF",""
"Hilltop","90072","77","77","Tolga Ayberk","","","Option 1","","03/31/2024","Colorado Housing and Finance Authority","","","","","","12/01/2027","10/01/2028","OCAF",""
"Horizon Square","90074","92","92","Claire Beatty","","","Option 1","","09/30/2037","THDA","","","","","","07/01/2028","10/01/2028","OCAF",""
"Lathrop Homes IA","75545","414","151","Mike McKee","","","PBV","","09/30/2037","Chicago Housing Authority","","","","","","08/01/2028","10/01/2028","Request",""
"New Baltimore Place","79616","101","100","Mike McKee","","","Option 1","","05/31/2043","MSHDA","","","","","","06/01/2028","10/01/2028","OCAF",""
"Newman Village","4640002","99","99","Mike McKee","","","RAD","","09/30/2036","HUD","","","","","","06/01/2028","10/01/2028","OCAF",""
"Northcross Townhomes","2640001","99","99","Mike McKee","","","Option 1","","09/30/2039","North Carolina Housing Finance Agency","","","","","","06/01/2028","10/01/2028","OCAF",""
"Overlook","75458","100","99","Elliot Kohanbash","","","Option 3","","09/30/2034","CGI","","","","","","06/01/2028","10/01/2028","OCAF",""
"Princeton Court Apartments","90019","304","144","Matt Kim","","","Option 1","","09/30/2041","NYS Housing Trust Fund","","","","","","06/01/2028","10/01/2028","OCAF",""
"Terrace Ridge","90101","168","167","Claire Beatty","","","Option 1","","09/30/2029","Assisted Housing Services Corporation","","","","","","07/01/2028","10/01/2028","OCAF",""
"Tiffany Square","90102","52","52","Tolga Ayberk","","","Option 2","","09/30/2040","Colorado Housing and Finance Authority","","","","","04/01/2028","07/01/2028","10/01/2028","RCS",""
"Trees - Ash","90103","53","53","Claire Beatty","","","Option 1","","09/30/2039","Colorado Housing and Finance Authority","","","","","","07/01/2028","10/01/2028","OCAF",""
"Universal City","75565","160","159","Claire Beatty","","","Option 3","","09/30/2037","National Housing Compliance","","","","","","06/01/2028","10/01/2028","OCAF",""
"Village Park","75431","200","167","Matt Kim","","","Option 5","","09/30/2037","Massachusetts Housing Finance Agency","","","","","","06/01/2028","10/01/2028","OCAF",""
"Walker Mews","75290","167","166","Matt Kim","","","Option 1","","09/30/2044","Maryland Department of Housing and Community Development","","","","","","06/01/2028","10/01/2028","OCAF",""
"Winter Garden","79609","112","112","Claire Beatty","","","Option 1","","10/21/2041","Missouri Housing Development Commission","","","","","","07/01/2028","10/01/2028","OCAF",""
"Tyler House","90006","284","284","Mike McKee","","","Option 2","","09/30/2031","Assisted Housing Services Corporation","","","","","","06/01/2028","10/01/2028","OCAF",""
"Geneseo","75477","89","88","Matt Kim","","","Option 1","","10/03/2029","CGI","","","","","","06/04/2028","10/04/2028","OCAF",""
"Burt Farms II","75480","50","50","Elliot Kohanbash","","","Option 2","","07/31/2031","CGI","","","","","","06/16/2028","10/16/2028","OCAF",""
"McCarthy Manor","75469","176","176","Matt Kim","","","Option 2","","10/26/2030","New York State Housing Trust Fund Corporation","","","","","","06/27/2028","10/27/2028","OCAF",""
"Augustana Homes of Fairfield","75537","15","15","Mike McKee","","","Option 1","","11/01/2037","Navigate Affordable Housing Partners","","","","","","07/01/2028","10/31/2028","OCAF",""
"Augustana Homes of Greenwich","75535","31","31","Mike McKee","","","Option 1","","10/31/2037","Navigate Affordable Housing Partners","","","","","","07/01/2028","10/31/2028","OCAF",""
"Woodlake Apartments","75584","148","147","Elliot Kohanbash","","","Option 1","","10/31/2044","NJHMFA","","","","","","07/31/2028","10/31/2028","OCAF",""
"Allenhurst Apartments","90015","316","316","Matt Kim","","","RAD","","10/31/2039","HUD","","","","","","07/01/2028","11/01/2028","OCAF",""
"Alms Hill","75924","200","200","Matt Kim","","","Option 1","","10/31/2038","HUD","","","","","05/01/2028","07/01/2028","11/01/2028","RCS",""
"Garden House of Park Forest","75937","145","145","Claire Beatty","","","Option 4","","10/31/2036","National Housing Compliance","","","","","","07/01/2028","11/01/2028","OCAF",""
"Harmon","75955","210","209","Matt Kim","","","Option 1","","10/31/2038","Assisted Housing Services Corporation","","","","","05/01/2028","07/01/2028","11/01/2028","RCS",""
"Hostmark Village Cove","90075","120","120","Tolga Ayberk","","","Option 1","","10/31/2039","Bremerton Housing Authority","","","","","","07/01/2028","11/01/2028","OCAF",""
"Linwood Square","75953","200","200","Tolga Ayberk","","","Option 1","","10/31/2037","SWHCC","","","","","","07/01/2028","11/01/2028","OCAF",""
"Peppertree Heights","90018","101","100","Matt Kim","","","Option 1","","10/31/2030","NYSHFA","","","","","","07/01/2028","11/01/2028","OCAF",""
"Phoenix Towers","75489","158","158","Claire Beatty","","","Option 1","","10/31/2033","National Housing Compliance","","","","","","07/01/2028","11/01/2028","OCAF",""
"Riverview II","75464","343","114","Elliot Kohanbash","","","PBV","","11/15/2043","MHACY","","","","","","08/11/2028","11/01/2028","Request",""
"Stephenville Crossing","75952","86","86","Tolga Ayberk","","","Option 1","","10/31/2037","SWHCC","","","","","","07/01/2028","11/01/2028","OCAF",""
"The Magnolia","75954","65","65","Tolga Ayberk","","","Option 2","","11/01/2037","TDHCA","","","","","","07/01/2028","11/01/2028","OCAF",""
"Van Nuys","7917579173","299","299","Tolga Ayberk","","","Option 3","","","LA LOMOD","","","","","","07/01/2028","11/01/2028","OCAF",""
"Malcolm Towers","90044","226","225","Elliot Kohanbash","","","Option 2","","04/30/2040","NJHMFA","","","","","","08/01/2028","11/01/2028","OCAF",""
"Mohican","75914","146","146","Mike McKee","","","Option 4","","11/17/2034","Connecticut Housing Finance Authority","","","","","","07/18/2028","11/18/2028","OCAF",""
"Washington Square West","79138","132","131","Mike McKee","","","Option 1","","11/22/2029","Pennsylvania Housing Finance Agency","","","","","","07/23/2028","11/23/2028","OCAF",""
"Essex-Phoenix","75497","145","144","Elliot Kohanbash","","","Option 4","","11/24/2033","NJHMFA","","","","","","07/25/2028","11/25/2028","OCAF",""
"Asbury","90047","119","119","Claire Beatty","","","Option 1","","11/30/2044","Assisted Housing Services Corporation","","","","","","09/01/2028","12/01/2028","OCAF",""
"Asbury Park","90048","44","43","Tolga Ayberk","","","Option 1","","11/30/2040","Colorado Housing and Finance Authority","","","","","","08/01/2028","12/01/2028","OCAF",""
"Day Meadows","90058","44","44","Tolga Ayberk","","","Option 4","","11/30/2031","HUD","","","","","","08/01/2028","12/01/2028","OCAF",""
"Elmwood Square","75570","138","6","Matt Kim","","","PBV","","11/30/2042","Buffalo Municipal Housing Authority","","","","","","08/01/2028","12/01/2028","Request",""
"Fairview Housing","90060","124","124","Claire Beatty","","","Option 1","","12/01/2044","Assisted Housing Services Corporation","","","","","","08/01/2028","12/01/2028","OCAF",""
"Highland Square","90070","152","152","Mike McKee","","","Option 1","","11/30/2036","S.C. State Housing Finance and Development Authority","","","","","","08/01/2028","12/01/2028","OCAF",""
"John Crawford","75485","96","95","Matt Kim","","","Option 3","","11/30/2033","CGI Federal","","","","","","08/01/2028","12/01/2028","OCAF",""
"Noble Tower","75543","195","195","Tolga Ayberk","","","Option 1","","11/30/2039","HUD (HAP)","","","","","","08/01/2028","12/01/2028","OCAF",""
"Northcrest Gardens","90085","182","182","Claire Beatty","","","Option 1","","11/30/2044","Ohio Housing Finance Agency","","","","","","09/01/2028","12/01/2028","OCAF",""
"Norwalk North","90086","72","72","Claire Beatty","","","Option 1","","12/01/2044","Assisted Housing Services Corporation","","","","","","09/01/2028","12/01/2028","OCAF",""
"Oak Forest","90089","64","64","Mike McKee","","","Option 1","","11/30/2029","S.C. State Housing Finance and Development Authority","","","","","","08/01/2028","12/01/2028","OCAF",""
"Oxford House","75487","156","156","Matt Kim","","","Option 2","","11/30/2031","National Housing Compliance","","","","","","08/01/2028","12/01/2028","OCAF",""
"Park Place","79611","242","242","Claire Beatty","","","Option 1","","10/21/2041","Missouri Housing Development Commission","","","","","","08/01/2028","12/01/2028","OCAF",""
"Round Barn Manor","79613","156","156","Claire Beatty","","","Option 2","","11/30/2043","National Housing Compliance","","","","","06/01/2028","08/01/2028","12/01/2028","RCS",""
"Trees - Pine","90106","61","61","Claire Beatty","","","Option 1","","11/30/2040","Colorado Housing and Finance Authority","","","","","","09/01/2028","12/01/2028","OCAF",""
"Walnut Hills","79174","198","197","Matt Kim","","","Option 3","","11/30/2033","Assisted Housing Services Corporation","","","","","","08/01/2028","12/01/2028","OCAF",""
"Wyandot Square","90108","62","62","Claire Beatty","","","Option 1","","03/31/2029","Assisted Housing Services Corporation","","","","","","09/01/2028","12/01/2028","OCAF",""
"Luther Towers","90111","362","362","Claire Beatty","","","SPRAC","","11/30/2043","Delaware State Housing Authority","","","","","06/06/2028","09/06/2028","12/06/2028","RCS",""
"Ebony Gardens","75566","144","144","Claire Beatty","","","Option 1","","12/31/2040","CGI","","","","","","08/08/2028","12/08/2028","OCAF",""
"Chestnut Park (Skyview)","75541","489","241","Matt Kim","","","RAD 2","","12/11/2038","HUD","","","","","06/11/2028","08/11/2028","12/11/2028","RCS",""
"Riverhead Village","75583","135","135","Elliot Kohanbash","","","Option 1","","12/31/2043","CGI","","","","","06/14/2028","08/14/2028","12/14/2028","RCS",""
"Cherry Garden","75576","254","252","Elliot Kohanbash","","","Option 1","","12/15/2041","NJHMFA","","","","","","08/16/2028","12/16/2028","OCAF",""
"Olde English Village","75923","200","200","Matt Kim","","","Option 3","","12/17/2035","MassHousing","","","","","","08/18/2028","12/18/2028","OCAF",""
"Westchester Park","90021","201","200","Matt Kim","","","Option 1","","12/27/2043","New York State Housing Trust Fund Corporation","","","","","06/27/2028","08/27/2028","12/27/2028","RCS",""
"Albright","90046","112","112","Claire Beatty","","","Option 1","","12/31/2044","Assisted Housing Services Corporation","","","","","","10/01/2028","01/01/2029","OCAF",""
"Bastrop Oak Grove","90030","48","48","Tolga Ayberk","","","Option 4","","01/01/2039","Southwest Housing Compliance Corporation","","","","","07/01/2028","09/01/2028","01/01/2029","EXPIRES",""
"Bloomingdale Apartments","75932","111","111","Matt Kim","","","Option 1","","12/31/2043","National Housing Compliance","","","","","07/01/2028","09/01/2028","01/01/2029","RCS",""
"Clinton Manor","75830","60","60","Mike McKee","","","Option 1","","12/31/2040","SC Housing","","","","","","09/01/2028","01/01/2029","OCAF",""
"Courthouse Square","90055","171","171","Tolga Ayberk","","","Option 1","","12/31/2039","Colorado Housing and Finance Authority","","","","","","09/01/2028","01/01/2029","OCAF",""
"Crevenna Oaks Apartments","667","50","50","Claire Beatty","","","Option 1","","01/01/2044","Navigate Affordable Housing Partners","","","","","07/01/2028","10/01/2028","01/01/2029","RCS",""
"Faust Landmark Apartments","75532","200","200","Claire Beatty","","","RAD","","07/31/2025","Rockford Housing","","","","","","09/01/2028","01/01/2029","OCAF",""
"Fields Ertel Townhouses","75548","55","55","Matt Kim","","","Option 1","","12/31/2039","Assisted Housing Services Corporation","","","","","","09/01/2028","01/01/2029","OCAF",""
"French Apartments","75116","174","174","Mike McKee","","","Option 1","","12/31/2035","CGI","","","","","","09/01/2028","01/01/2029","OCAF",""
"Friendship Court","75831","80","80","Mike McKee","","","Option 2","","12/31/2040","SC State Housing","","","","","","09/01/2028","01/01/2029","OCAF",""
"Hoffman Homes","90073","81","81","Mike McKee","","","Option 1","","01/01/2046","North Carolina Housing Finance Agency","","","","","","09/01/2028","01/01/2029","OCAF",""
"Hondo Brian Place","90037","40","40","Tolga Ayberk","","","Option 1","","01/01/2039","Southwest Housing Compliance Corporation","","","","","07/01/2028","09/01/2028","01/01/2029","RCS",""
"International House","90076","99","98","Tolga Ayberk","","","Option 1","","12/31/2037","Bremerton Housing Authority","","","","","","09/01/2028","01/01/2029","OCAF",""
"IOOF Tower","90077","28","28","Tolga Ayberk","","","Option 1","","12/31/2040","Bremerton Housing Authority","","","","","","09/01/2028","01/01/2029","OCAF",""
"Kirkwood House","79197","261","260","Matt Kim","","","Option 1","","12/31/2028","MDHCD","","","","","07/01/2028","09/01/2028","01/01/2029","EXPIRES",""
"Loring Towers (MA)","79181","250","140","Matt Kim","","","PBV","","12/31/2042","CTI","","","","","","09/01/2028","01/01/2029","Request",""
"Luther Towers","90111","362","362","Claire Beatty","","","SPRAC","","11/30/2043","Delaware State Housing Authority","","","","","","10/01/2028","01/01/2029","Request",""
"Mad River Manor","90082","74","74","Claire Beatty","","","Option 1","","12/31/2044","Assisted Housing Services Corporation","","","","","","10/01/2029","01/01/2029","OCAF",""
"Newberry Arms","75832","60","60","Mike McKee","","","Option 1","","12/31/2040","SC State Housing","","","","","","09/01/2028","01/01/2029","OCAF",""
"Oaks on North Plaza","75544","62","62","Tolga Ayberk","","","Option 1","","12/31/2039","SWHCC","","","","","","09/01/2028","01/01/2029","OCAF",""
"Orangeburg Manor","90091","100","100","Mike McKee","","","Option 3","","12/27/2031","S.C. State Housing Finance and Development Authority","","","","","","09/01/2028","01/01/2029","OCAF",""
"Pinewood Gardens","90092","80","80","Claire Beatty","","","Option 2","","12/31/2044","Assisted Housing Services Corporation","","","","","","10/01/2028","01/01/2029","OCAF",""
"Riverview Bend","90096","94","94","Claire Beatty","","","Option 1","","12/31/2044","Missouri Housing Development Commission","","","","","","09/01/2028","01/01/2029","OCAF",""
"Shawnee Village","75901","120","120","Matt Kim","","","Option 1","","12/31/2033","Illinois Housing Development Authority","","","","","07/01/2028","09/01/2028","01/01/2029","RCS",""
"Summit Oaks Apartments","670","50","50","Claire Beatty","","","Option 1","","01/01/2044","Navigate Affordable Housing Partners","","","","","07/01/2028","10/01/2028","01/01/2029","RCS",""
"Sycamore Ridge","75912","304","304","Elliot Kohanbash","","","Option 4","","01/01/2033","NJHMFA","","","","","","09/01/2028","01/01/2029","OCAF",""
"Tamarack","90100","100","100","Mike McKee","","","Option 1","","12/31/2046","MSHDA","","","","","","08/01/2028","01/01/2029","OCAF",""
"Westminster Village","75483","432","400","Matt Kim","","","Option 5","","12/31/2043","Massachusetts Housing Finance Agency","","","","","","09/01/2028","01/01/2029","OCAF",""
"Hill Country Villas","HCV1","51","51","Tolga Ayberk","","","Option 1","","02/01/2034","HUD","","","","","","08/01/2028","01/01/2029","OCAF",""
"Treemont Village","4640008","60","60","Elliot Kohanbash","","","Option 2","","01/01/2033","HUD","","","","","","09/02/2028","01/02/2029","OCAF",""
"Halcyon House","90067","197","197","Tolga Ayberk","","","Option 1","","01/03/2036","Colorado Housing and Finance Authority","","","","","","09/04/2028","01/04/2029","OCAF",""
"Arlington Park","90022","130","130","Matt Kim","","","Option 1","","01/31/2037","Massachusetts Housing Finance Agency","","","","","","09/10/2028","01/10/2029","OCAF",""
"Washington Heights","75925","404","366","Matt Kim","","","Option 5","","01/30/2036","Massachusetts Housing Finance Agency","","","","","","09/15/2028","01/15/2029","OCAF",""
"Van Buren Park Apartments","75931","300","299","Matt Kim","","","Option 1","","01/31/2044","National Housing Compliance","","","","","07/17/2028","09/17/2028","01/17/2029","RCS",""
"Fullerton Court","75918","196","195","Matt Kim","","","Option 1","","01/25/2034","National Housing Compliance","","","","","","09/26/2028","01/26/2029","OCAF",""
"Circle Park Apartments","75833","418","239","Claire Beatty","","","Original","","01/31/2041","National Housing Compliance","","","","","","10/01/2028","02/01/2029","OCAF",""
"Clifford House","75577","101","100","Mike McKee","","","Option 1","","08/31/2042","Navigate Affordable Housing Partners","","","","","","11/01/2028","02/01/2029","OCAF",""
"Creekwood Apartments","75903","104","104","Matt Kim","","","Option 1","","01/31/2034","National Housing Compliance","","","","","08/01/2028","10/01/2028","02/01/2029","RCS",""
"Fairview Gardens","90059","160","160","Mike McKee","","","Option 1","","01/31/2038","S.C. State Housing Finance and Development Authority","","","","","","10/01/2028","02/01/2029","OCAF",""
"Ferncliff South","4640005","84","84","Claire Beatty","","","Option 2","","01/31/2038","Navigate Affordable Housing Partners","","","","","","10/01/2028","02/01/2029","OCAF",""
"Sandburg Village","75902","128","128","Matt Kim","","","Option 4","","02/01/2034","National Housing Compliance","","","","","","10/01/2028","02/01/2029","OCAF",""
"Senior World","75500","100","100","Mike McKee","","","Option 2","","02/01/2031","MSHDA","","","","","","10/02/2028","02/01/2029","OCAF",""
"The Woods","75491","57","57","Matt Kim","","","Option 2","","01/31/2034","National Housing Compliance","","","","","08/01/2028","10/01/2028","02/01/2029","RCS",""
"Market Square","75568","76","75","Mike McKee","","","Option 1","","02/03/2041","Navigate Affordable Housing Partners","","","","","","10/04/2028","02/04/2029","OCAF",""
"Alpha Towers","90114","165","165","Claire Beatty","","","Option 1","","02/28/2044","Assisted Housing Services Corporation","","","","","09/01/2028","12/01/2028","03/01/2029","RCS",""
"Country Village","75904","104","104","Matt Kim","","","Option 1","","02/29/2036","National Housing Compliance","","","","","","11/01/2028","03/01/2029","OCAF",""
"Towns at River South","90109","161","75","Claire Beatty","","","RAD","","02/28/2043","Richmond Redevelopment and Housing Authority","","","","","","12/01/2028","03/01/2029","OCAF",""
"Armory Plaza","75582","52","52","Claire Beatty","","","Option 1","","03/20/2044","New York State Housing Trust Fund Corporation","","","","","09/22/2028","11/22/2028","03/22/2029","RCS",""
"Barnum House","75569","84","83","Mike McKee","","","Option 1","","03/31/2041","Navigate Affordable Housing Partners","","","","","","12/01/2028","04/01/2029","OCAF",""
"Bella Vista","79605","100","100","Tolga Ayberk","","","Option 1","","03/31/2041","Southwest Housing Compliance Corporation","","","","","","01/01/2029","04/01/2029","OCAF",""
"Chelsea Square Apartments","82113","","","","","","","","","","","","","","","02/01/2029","04/01/2029","OCAF",""
"Mapleview Towers","75567","101","100","Mike McKee","","","Option 1","","03/31/2041","Navigate Affordable Housing Partners","","","","","","12/01/2028","04/01/2029","OCAF",""
"Marshall Field","75911","628","628","Matt Kim","","","Option 1","","04/30/2035","National Housing Compliance","","","","","","12/01/2028","04/01/2029","OCAF",""
"Montgomery Gateway","90024","190","189","Elliot Kohanbash","","","Option 1","","03/31/2045","NJHMFA","","","","","","12/01/2028","04/01/2029","OCAF",""
"Montview Heights","90084","50","50","Tolga Ayberk","","","Option 1","","03/31/2040","Colorado Housing and Finance Authority","","","","","","12/01/2028","04/01/2029","OCAF",""
"MORH Housing","75927","126","125","Tolga Ayberk","","","Original","","03/31/2036","CAHI","","","","","","12/01/2028","04/01/2029","OCAF",""
"Oak Center","75926","77","77","Tolga Ayberk","","","Option 1","","03/31/2036","CAHI","","","","","","12/01/2028","04/01/2029","OCAF",""
"Park Club Apartments","75835","56","55","Mike McKee","","","Option 1","","03/31/2042","Wisconsin Housing & Economic Development Authority","","","","","","01/01/2029","04/01/2029","OCAF",""
"Riverwood","4640013","83","83","Mike McKee","","","Option 1","","03/31/2035","Navigate Affordable Housing Partners","","","","","","12/01/2028","04/01/2029","OCAF",""
"Riverwoods Apartments","79621","125","125","Claire Beatty","","","Option 2","","12/31/2043","CGI","","","","","10/01/2028","12/01/2028","04/01/2029","RCS",""
"Roosevelt Apartments","90020","114","113","Matt Kim","","","Option 3","","03/31/2026","CGI","","","","","","","04/01/2029","OCAF",""
"Southern Hills/Orlando","75834","212","212","Claire Beatty","","","Option 1","","03/31/2042","National Housing Compliance","","","","","","12/01/2028","04/01/2029","OCAF",""
"Spring Creek","75828","137","137","Matt Kim","","","Option 1","","03/31/2041","National Housing Compliance","","","","","","12/01/2028","04/01/2029","OCAF",""
"St. James Residences","9200045","148","148","Elliot Kohanbash","","","Option 1","","04/01/2045","North Tampa Housing Development Corporation","","","","","","12/01/2028","04/01/2029","OCAF",""
"Brook","90023","98","97","Elliot Kohanbash","","","Option 3","","03/31/2031","CGI","","","","","","12/01/2028","04/01/2029","OCAF",""
"Hazelwood Towers","75146","97","95","Claire Beatty","","","Option 3","","04/14/2025","Pennsylvania Housing Finance Agency","","","","","","12/15/2028","04/15/2029","OCAF",""
"North Park","75478","123","123","Matt Kim","","","Option 1","","04/18/2031","CGI","","","","","","12/19/2028","04/19/2029","OCAF",""
"Arvada House","79619","88","88","Tolga Ayberk","","","Option 1","","04/30/2043","Colorado Housing and Finance Authority","","","","","","01/01/2029","05/01/2029","OCAF",""
"Crossroads of New Brighton","75947","172","172","Mike McKee","","","Option 1","","04/30/2036","Minn Housing","","","","","","01/01/2029","05/01/2029","OCAF",""
"Crossroads of Shoreview","75948","44","44","Mike McKee","","","Option 2","","04/30/2036","Minn Housing","","","","","","01/01/2029","05/01/2029","OCAF",""
"Darby Townhouses","90056","172","168","Claire Beatty","","","Option 2","","12/31/2032","Pennsylvania Housing Finance Agency","","","","","","02/01/2029","05/01/2029","OCAF",""
"Hacienda Del Rio","90120","146","146","Tolga Ayberk","","","Option 1","","05/01/2044","Arizona Department of Housing","","","","","11/01/2028","01/01/2029","05/01/2029","RCS",""
"Park Bluff","75951","186","185","Mike McKee","","","Option 1","","03/31/2035","Wisconsin Housing & Economic Development Authority","","","","","","01/01/2029","05/01/2029","OCAF",""
"Pineview at Grogran's Mill","79606","300","300","Tolga Ayberk","","","Option 1","","04/30/2041","SWHCC","","","","","","01/01/2029","05/01/2029","OCAF",""
"Poplar Grove","90117","130","128","Mike McKee","","","Option 1","","04/30/2044","North Carolina Housing Finance Agency","","","","","11/01/2028","01/01/2029","05/01/2029","RCS",""
"Ridgewood at Panther Creek","79607","300","300","Tolga Ayberk","","","Option 1","","04/30/2041","SWHCC","","","","","","01/01/2029","05/01/2029","OCAF",""
"Shiloh Village","75572","168","168","Tolga Ayberk","","","Option 1","","05/01/2041","SWHCC","","","","","","01/01/2029","05/01/2029","OCAF",""
"Shoreline Plaza Apartments","79604","230","187","Mike McKee","","","Option 1","","04/30/2041","Minnesota Housing Finance Agency","","","","","","01/01/2029","05/01/2029","OCAF",""
"Sumler Terrace","4640014","126","126","Elliot Kohanbash","","","Option 1","","04/30/2037","Virginia Housing Development Authority","","","","","","01/01/2029","05/01/2029","OCAF",""
"Trees - Willow","90107","63","63","Claire Beatty","","","Option 1","","04/30/2040","Colorado Housing and Finance Authority","","","","","11/01/2028","02/01/2029","05/01/2029","RCS",""
"Woodman West","90112","197","196","Elliot Kohanbash","","","Option 1","","03/31/2044","Navigate Affordable Housing Partners","","","","","","02/01/2029","05/01/2029","RCS",""
"Fairview Homes","75920","136","135","Elliot Kohanbash","","","Option 2","","05/07/2035","NJHMFA","","","","","","01/07/2029","05/07/2029","OCAF",""
"Hershey Plaza","75587","216","215","Claire Beatty","","","Option 1","","05/31/2037","Pennsylvania Housing Finance Agency","","","","","","02/28/2029","05/31/2029","OCAF",""
"Bannock Arms","90051","66","66","Tolga Ayberk","","","Option 1","","05/31/2039","Idaho Housing and Finance Association","","","","","12/01/2028","02/01/2029","06/01/2029","RCS",""
"Branford Manor","75930","442","441","Mike McKee","","","Option 1","","06/01/2037","Navigate Affordable Housing Partners","","","","","","02/01/2029","06/01/2029","OCAF",""
"Carriage","90053","72","70","Mike McKee","","","Option 1","","05/31/2030","HUD","","","","","","03/01/2029","06/01/2029","OCAF",""
"Country Club Heights","79612","200","120","Claire Beatty","","","RAD","","04/01/2041","Quincy PHA","","","","","","02/01/2029","06/01/2029","OCAF",""
"Crossroads of Edina","75946","64","26","Mike McKee","","","Option 2","","05/31/2036","Minn Housing","","","","","","02/01/2029","06/01/2029","OCAF",""
"HDR Fund","90080","125","125","Tolga Ayberk","","","Option 2","","05/31/2031","LA LOMOD","","","","","12/01/2028","02/01/2029","06/01/2029","RCS",""
"Hopkins Village","79623","165","164","Matt Kim","","","Option 1","","06/01/2045","MDHCD","","","","","","02/01/2029","06/01/2029","OCAF",""
"Ingram Square","79193","120","120","Tolga Ayberk","","","Option 3","","06/30/2031","HUD (HAP)","","","","","","02/01/2029","06/01/2029","OCAF",""
"Lake Worth Towers","90110","195","195","Elliot Kohanbash","","","PBV","","05/09/2043","Palm Beach County Housing Authority","","","","","","03/01/2029","06/01/2029","Request",""
"Northgate Terrace","75919","201","155","Tolga Ayberk","","","Option 2","","05/31/2035","CAHI","","","","","","02/01/2029","06/01/2029","OCAF",""
"Oaks on Clark","79602","80","80","Tolga Ayberk","","","Option 2","","05/31/2040","SWHCC","","","","","","02/01/2029","06/01/2029","OCAF",""
"Parkside Houses","90017","180","122","Matt Kim","","","RAD","","05/31/2036","HUD","","","","","","02/01/2029","06/01/2029","OCAF",""
"River Trails","79614","220","215","Tolga Ayberk","","","Option 2","","05/31/2042","SWHCC","","","","","","04/01/2029","06/01/2029","OCAF",""
"South Bay Villa","79608","80","80","Tolga Ayberk","","","Option 1","","05/27/2041","LA LOMOD","","","","","","02/01/2029","06/01/2029","OCAF",""
"Walnut Hill","75420","180","","Matt Kim","","","PBV","","","N/A","","","","","","02/01/2029","06/01/2029","Request",""
"Sandwich Manor","75444","90","89","Matt Kim","","","Option 1b","","07/01/2046","NHC","","","","","","02/24/2029","06/24/2029","OCAF",""
"Burt Farms I","75109","51","50","Elliot Kohanbash","","","Option 1","","06/30/2029","CGI","","","","","","02/26/2029","06/26/2029","EXPIRES",""
"Marine Terrace","75922","497","441","Mike McKee","","","Option 1","","06/29/2036","CGI","","","","","","03/01/2029","06/30/2029","OCAF",""
"PJ Housing","75481","51","50","Matt Kim","","","Option 2","","06/29/2031","CGI","","","","","","03/01/2029","06/30/2029","OCAF",""
"333 Holly","75704","332","139","Tolga Ayberk","","","Option 1","","06/30/2040","SWHCC","","","","","","03/01/2029","07/01/2029","OCAF",""
"Butternut Creek","79617","100","198","Mike McKee","","","Option 2","","06/30/2043","MSHDA","","","","","","03/01/2029","07/01/2029","OCAF",""
"Campbell Terrace","75547","249","249","Claire Beatty","","","Option 1","","06/30/2039","National Housing Compliance","","","","","01/01/2029","03/01/2029","07/01/2029","RCS",""
"Crossroads of East Ravenswood","75936","124","124","Claire Beatty","","","Option 1","","06/30/2036","National Housing Compliance","","","","","","03/01/2029","07/01/2029","OCAF",""
"Greenport","75468","366","364","Elliot Kohanbash","","","Option 1","","01/31/2029","CGI","","","","","","03/01/2029","07/01/2029","OCAF",""
"Morningside Court","75573","171","171","Claire Beatty","","","Option 1","","06/30/2041","National Housing Compliance","","","","","","03/01/2029","07/01/2029","OCAF",""
"New Horizons","75474","48","47","Elliot Kohanbash","","","Option 1","","04/30/2030","CGI","","","","","","03/01/2029","07/01/2029","RCS",""
"Northgate Village","75542","168","168","Tolga Ayberk","","","Option 1","","06/30/2039","SWHA","","","","","01/01/2029","03/01/2029","07/01/2029","RCS",""
"Nottingham Towers","90113","165","156","Mike McKee","","","Option 1","","05/31/2044","Navigate Affordable Housing Partners","","","","","","03/01/2029","07/01/2029","OCAF",""
"Oakhaven","90090","35","35","Tolga Ayberk","","","Option 2","","06/30/2033","Idaho Housing and Finance Association","","","","","","03/01/2029","07/01/2029","OCAF",""
"Oceanport Gardens","75563","101","100","Elliot Kohanbash","","","Option 1","","06/27/2039","NJHMFA","","","","","12/28/2028","02/28/2029","07/01/2029","RCS",""
"Rose Tower","90097","168","120","Mike McKee","","","Option 2","","07/01/2034","Kentucky Housing Corporation","","","","","01/01/2029","04/01/2029","07/01/2029","RCS",""
"Shoreview Apartments","79627","156","156","Tolga Ayberk","","","Option 1","","07/01/2044","CAHI","","","","","01/01/2029","03/01/2029","07/01/2029","RCS",""
"State Street","75929","51","51","Mike McKee","","","Option 5","","06/30/2036","Wisconsin Housing & Economic Development Authority","","","","","","03/01/2029","07/01/2029","Request",""
"Talcott Gardens","75145","85","84","Mike McKee","","","Option 3","","06/30/2029","HUD","","","","","01/01/2029","03/01/2029","07/01/2029","EXPIRES",""
"Terrific Tenements","75475","88","88","Elliot Kohanbash","","","Option 1","","07/01/2045","CGI","","","","","","03/01/2029","07/01/2029","OCAF",""
"Terry Manor Apartments","79628","170","170","Tolga Ayberk","","","Option 1","","07/01/2044","LA LOMOD","","","","","01/01/2029","03/01/2029","07/01/2029","RCS",""
"The Pines","75705","152","152","Tolga Ayberk","","","Option 1","","06/30/2040","SWHCC","","","","","","03/01/2029","07/01/2029","OCAF",""
"Tompkins Terrace","79622","193","61","Claire Beatty","","","PBV","","02/01/2040","City of Beacon Housing Authority","","","","","","03/01/2029","07/01/2029","Request",""
"Trees - Maple","90105","83","83","Claire Beatty","","","Option 1","","06/30/2037","Colorado Housing and Finance Authority","","","","","","04/01/2029","07/01/2029","OCAF",""
"Woodland Hills","79610","125","125","Mike McKee","","","Option 1","","06/30/2041","MSHDA","","","","","","03/01/2029","07/01/2029","OCAF",""
"Woodland Towers","75934","104","104","Claire Beatty","","","Option 1","","06/30/2036","National Housing Compliance","","","","","","03/01/2029","07/01/2029","OCAF",""
"Walden","75921","89","89","Elliot Kohanbash","","","Option 1","","07/14/2035","CGI","","","","","","03/15/2029","07/15/2029","OCAF",""
"All Hallows","79624","157","150","Tolga Ayberk","","","Option 1","","01/31/2026","CAHI","","","","","02/01/2029","04/01/2029","08/01/2029","RCS",""
"Beacon Hill","79618","198","198","Mike McKee","","","Option 1","","07/31/2043","MSHDA","","","","","","06/01/2029","08/01/2029","OCAF",""
"Federation Plaza","90062","124","123","Elliot Kohanbash","","","Option 1","","07/31/2045","CGI","","","","","","04/01/2029","08/01/2029","OCAF",""
"Gates Mills Villa","90064","191","175","Claire Beatty","","","Option 1","","08/01/2044","Assisted Housing Services Corporation","","","","","02/01/2029","05/01/2029","08/01/2029","RCS",""
"Golden Link Manor","90065","31","31","Tolga Ayberk","","","Option 4","","07/31/2036","Bremerton Housing Authority","","","","","","04/01/2029","08/01/2029","OCAF",""
"James Court","90078","50","50","Tolga Ayberk","","","Option 1","","07/31/2040","HUD","","","","","","05/01/2029","08/01/2029","OCAF",""
"La Salle","79626","145","142","Tolga Ayberk","","","Option 1","","01/31/2026","CAHI","","","","","02/01/2029","04/01/2029","08/01/2029","RCS",""
"Manhattan Plaza","75425","1689","1689","Claire Beatty","","","Option 1","","07/31/2037","HPD","","","","","","04/01/2029","08/01/2029","OCAF",""
"Northpoint","79603","304","304","Claire Beatty","","","Option 1","","07/31/2040","National Housing Compliance","","","","","","04/01/2029","08/01/2029","OCAF",""
"Squire Village","90099","51","50","Tolga Ayberk","","","Option 4","","07/31/2040","Colorado Housing and Finance Authority","","","","","","04/01/2029","08/01/2029","OCAF",""
"West Haverstraw","75454","100","100","Matt Kim","","","Option 1","","07/31/2025","New York State Housing Trust Fund Corporation","","","","","","04/01/2029","08/01/2029","OCAF",""
"Westwood Village","4640009","","","","","","","","","","","","","","","04/01/2029","08/01/2029","OCAF",""
"529 West 29th Street","75345","139","139","Mike McKee","","","Option 1","","08/31/2034","CGI","","","","","03/01/2029","05/01/2029","09/01/2029","RCS",""
"Augustana Homes","75499","186","180","Mike McKee","","","Option 1","","06/17/2033","Navigate Affordable Housing Partners","","","","","","06/01/2029","09/01/2029","OCAF",""
"Avon Towers","90049","125","125","Mike McKee","","","Option 1","","08/31/2044","MSHDA","","","","","03/01/2029","05/01/2029","09/01/2029","RCS",""
"Bayview","79625","146","113","Tolga Ayberk","","","Option 1","","01/31/2026","CAHI","","","","","03/01/2029","05/01/2029","09/01/2029","RCS",""
"Clarendon Court","75546","152","152","Claire Beatty","","","Option 1","","08/31/2038","National Housing Compliance","","","","","","05/01/2029","09/01/2029","OCAF",""
"Garden House of River Oaks II","75935","145","145","Claire Beatty","","","Option 4","","08/31/2036","HUD","","","","","","05/01/2029","09/01/2029","OCAF",""
"Garden Vista","940001","150","149","Elliot Kohanbash","","","Option 1","","08/31/2034","CGI","","","","","03/01/2029","05/01/2029","09/01/2029","RCS",""
"Gates Manor","75933","51","51","Claire Beatty","","","Option 1","","08/31/2036","National Housing Compliance","","","","","","05/01/2029","09/01/2029","OCAF",""
"Highland Falls","75456","51","51","Matt Kim","","","Option 2","","08/31/2030","CGI","","","","","","05/01/2029","09/01/2029","OCAF",""
"Luther Towers","90111","362","362","Claire Beatty","","","SPRAC","","11/30/2043","Delaware State Housing Authority","","","","","03/01/2029","05/01/2029","09/01/2029","RCS",""
"Midtown Estates","90083","88","87","Claire Beatty","","","Option 1","","08/31/2044","THDA","","","","","03/01/2029","06/01/2029","09/01/2029","RCS",""
"Oaks on Lamar","75539","176","74","Tolga Ayberk","","","Option 1","","08/31/2038","SWHCC","","","","","","05/01/2029","09/01/2029","OCAF",""
"Peterson Plaza","75917","189","189","Mike McKee","","","Option 1","","08/31/2035","National Housing Compliance","","","","","","05/01/2029","09/01/2029","OCAF",""
"Plaza Apartments","90128","191","190","Claire Beatty","","","Option 1","","01/31/2037","Missouri Housing Development Commission","","","","","03/01/2029","06/01/2029","09/01/2029","RCS",""
"River Run","75486","141","140","Mike McKee","","","Option 4","","04/01/2032","Navigate Affordable Housing Partners","","","","","","06/01/2029","09/01/2029","OCAF",""
"Riverside Townhomes","75540","128","128","Tolga Ayberk","","","Option 1","","08/31/2038","SWHCC","","","","","","05/01/2029","09/01/2029","OCAF",""
"Sheridan Park","75498","102","10","Matt Kim","","","Section 811","","08/31/2038","NHC","","","","","","05/01/2029","09/01/2029","Request",""
"Somers Point Apartments","75578","225","224","Elliot Kohanbash","","","Option 1","","08/31/2045","NJHMFA","","","","","","05/01/2029","09/01/2029","OCAF",""
"South Shore Apartments","7962079615","446","446","Mike McKee","","","Option 1","","06/30/2043","National Housing Compliance","","","","","","04/01/2029","09/01/2029","OCAF",""
"St. Andrews Residences","940005","177","177","Elliot Kohanbash","","","PBV","","08/31/2041","West Palm Beach Housing Authority","","","","","","05/01/2029","09/01/2029","Request",""
"The Biltmore Towers","79601","230","230","Matt Kim","","","Option 3","","08/31/2040","Assisted Housing Services Corporation","","","","","","05/01/2029","09/01/2029","OCAF",""
"The Greenhouse","90119","80","79","Matt Kim","","","","","08/31/2043","MassHousing","","","","","","06/01/2029","09/01/2029","OCAF",""
"Trees - Holly","90104","94","94","Claire Beatty","","","Option 2","","08/31/2035","Colorado Housing and Finance Authority","","","","","","06/01/2029","09/01/2029","OCAF",""
"Willow Woods","4640010","144","100","Mike McKee","","","Option 2","","08/31/2032","Navigate Affordable Housing Partners","","","","","","05/01/2029","09/01/2029","OCAF",""
"Parkway Gardens","75479","694","694","Matt Kim","","","Option 2","","06/20/2031","National Housing Compliance","","","","","03/21/2029","05/21/2029","09/21/2029","RCS",""
"Holly House","75564","42","42","Elliot Kohanbash","","","Option 1","","09/23/2040","NJHMFA","","","","","","05/24/2029","09/24/2029","OCAF",""
"Alaska House","90045","105","105","Tolga Ayberk","","","Option 1","","09/30/2040","Bremerton Housing Authority","","","","","","06/01/2029","10/01/2029","OCAF",""
"Ashley Oaks","4640003","250","250","Matt Kim","","","RAD","","09/30/2036","HUD","","","","","","06/01/2029","10/01/2029","OCAF",""
"Brewster Mews","90016","216","215","Matt Kim","","","","","09/30/2041","HUD","","","","","","06/01/2029","10/01/2029","OCAF",""
"Canal Lock Apartments","75139","52","51","Elliot Kohanbash","","","Option 3","","09/30/2034","CGI","","","","","","06/01/2029","10/01/2029","OCAF",""
"Charter Village","90054","250","220","Claire Beatty","","","Option 1","","09/30/2043","THDA","","","","","","06/01/2029","10/01/2029","OCAF",""
"Colonial Village","75708","66","66","Matt Kim","","","Option 1","","09/30/2041","HUD","","","","","","06/01/2029","10/01/2029","OCAF",""
"Dawson Square","90057","36","36","Tolga Ayberk","","","Option 1","","09/30/2040","Colorado Housing and Finance Authority","","","","","","06/01/2029","10/01/2029","OCAF",""
"Ferncliff North","4640012","144","144","Claire Beatty","","","Option 1","","09/30/2034","Navigate Affordable Housing Partners","","","","","04/01/2029","06/01/2029","10/01/2029","RCS",""
"Hampshire House","75495","116","115","Elliot Kohanbash","","","Option 1","","09/30/2029","NJHMFA","","","","","","06/01/2029","10/01/2029","EXPIRES",""
"Helios Station","90069","30","30","Tolga Ayberk","","","Option 1","","09/30/2040","Colorado Housing and Finance Authority","","","","","","06/01/2029","10/01/2029","OCAF",""
"Hilltop","90072","77","77","Tolga Ayberk","","","Option 1","","03/31/2024","Colorado Housing and Finance Authority","","","","","10/01/2028","12/01/2028","10/01/2029","OCAF",""
"Horizon Square","90074","92","92","Claire Beatty","","","Option 1","","09/30/2037","THDA","","","","","04/01/2029","07/01/2029","10/01/2029","RCS",""
"Lathrop Homes IA","75545","414","151","Mike McKee","","","PBV","","09/30/2037","Chicago Housing Authority","","","","","","08/01/2029","10/01/2029","Request",""
"New Baltimore Place","79616","101","100","Mike McKee","","","Option 1","","05/31/2043","MSHDA","","","","","","06/01/2029","10/01/2029","OCAF",""
"Newman Village","4640002","99","99","Mike McKee","","","RAD","","09/30/2036","HUD","","","","","","06/01/2029","10/01/2029","OCAF",""
"Northcross Townhomes","2640001","99","99","Mike McKee","","","Option 1","","09/30/2039","North Carolina Housing Finance Agency","","","","","04/01/2029","06/01/2029","10/01/2029","RCS",""
"Overlook","75458","100","99","Elliot Kohanbash","","","Option 3","","09/30/2034","CGI","","","","","","06/01/2029","10/01/2029","OCAF",""
"Princeton Court Apartments","90019","304","144","Matt Kim","","","Option 1","","09/30/2041","NYS Housing Trust Fund","","","","","","06/01/2029","10/01/2029","OCAF",""
"Southport Mews","75433","65","64","Matt Kim","","","Option 2","","10/31/2029","HUD","","","","","04/01/2029","06/01/2028","10/01/2029","EXPIRES",""
"Terrace Ridge","90101","168","167","Claire Beatty","","","Option 1","","09/30/2029","Assisted Housing Services Corporation","","","","","","07/01/2029","10/01/2029","Request",""
"Tiffany Square","90102","52","52","Tolga Ayberk","","","Option 2","","09/30/2040","Colorado Housing and Finance Authority","","","","","","07/01/2029","10/01/2029","OCAF",""
"Trees - Ash","90103","53","53","Claire Beatty","","","Option 1","","09/30/2039","Colorado Housing and Finance Authority","","","","","04/01/2029","07/01/2029","10/01/2029","RCS",""
"Universal City","75565","160","159","Claire Beatty","","","Option 3","","09/30/2037","National Housing Compliance","","","","","","06/01/2029","10/01/2029","OCAF",""
"Village Park","75431","200","167","Matt Kim","","","Option 5","","09/30/2037","Massachusetts Housing Finance Agency","","","","","","06/01/2029","10/01/2029","OCAF",""
"Walker Mews","75290","167","166","Matt Kim","","","Option 1","","09/30/2044","Maryland Department of Housing and Community Development","","","","","04/01/2029","06/01/2029","10/01/2029","RCS",""
"Winter Garden","79609","112","112","Claire Beatty","","","Option 1","","10/21/2041","Missouri Housing Development Commission","","","","","","07/01/2029","10/01/2029","OCAF",""
"Tyler House","90006","284","284","Mike McKee","","","Option 2","","09/30/2031","Assisted Housing Services Corporation","","","","","","06/01/2029","10/01/2029","OCAF",""
"Geneseo","75477","89","88","Matt Kim","","","Option 1","","10/03/2029","CGI","","","","","04/04/2029","06/04/2029","10/04/2029","EXPIRES",""
"Burt Farms II","75480","50","50","Elliot Kohanbash","","","Option 2","","07/31/2031","CGI","","","","","","06/16/2029","10/16/2029","OCAF",""
"McCarthy Manor","75469","176","176","Matt Kim","","","Option 2","","10/26/2030","New York State Housing Trust Fund Corporation","","","","","","06/27/2029","10/27/2029","OCAF",""
"Augustana Homes of Fairfield","75537","15","15","Mike McKee","","","Option 1","","11/01/2037","Navigate Affordable Housing Partners","","","","","","07/01/2029","10/31/2029","OCAF",""
"Augustana Homes of Greenwich","75535","31","31","Mike McKee","","","Option 1","","10/31/2037","Navigate Affordable Housing Partners","","","","","","07/01/2029","10/31/2029","OCAF",""
"Woodlake Apartments","75584","148","147","Elliot Kohanbash","","","Option 1","","10/31/2044","NJHMFA","","","","","","07/31/2029","10/31/2029","RCS",""
"Allenhurst Apartments","90015","316","316","Matt Kim","","","RAD","","10/31/2039","HUD","","","","","","07/01/2029","11/01/2029","OCAF",""
"Alms Hill","75924","200","200","Matt Kim","","","Option 1","","10/31/2038","HUD","","","","","","07/01/2029","11/01/2029","OCAF",""
"Garden House of Park Forest","75937","145","145","Claire Beatty","","","Option 4","","10/31/2036","National Housing Compliance","","","","","","07/01/2029","11/01/2029","OCAF",""
"Harmon","75955","210","209","Matt Kim","","","Option 1","","10/31/2038","Assisted Housing Services Corporation","","","","","","07/01/2029","11/01/2029","OCAF",""
"Hostmark Village Cove","90075","120","120","Tolga Ayberk","","","Option 1","","10/31/2039","Bremerton Housing Authority","","","","","05/01/2029","07/01/2029","11/01/2029","RCS",""
"Linwood Square","75953","200","200","Tolga Ayberk","","","Option 1","","10/31/2037","SWHCC","","","","","","07/01/2029","11/01/2029","OCAF",""
"Peppertree Heights","90018","101","100","Matt Kim","","","Option 1","","10/31/2030","NYSHFA","","","","","","07/01/2029","11/01/2029","OCAF",""
"Phoenix Towers","75489","158","158","Claire Beatty","","","Option 1","","10/31/2033","National Housing Compliance","","","","","","07/01/2029","11/01/2029","OCAF",""
"Riverview II","75464","343","114","Elliot Kohanbash","","","PBV","","11/15/2043","MHACY","","","","","","08/11/2029","11/01/2029","Request",""
"Stephenville Crossing","75952","86","86","Tolga Ayberk","","","Option 1","","10/31/2037","SWHCC","","","","","","07/01/2029","11/01/2029","OCAF",""
"The Magnolia","75954","65","65","Tolga Ayberk","","","Option 2","","11/01/2037","TDHCA","","","","","","07/01/2029","11/01/2029","OCAF",""
"Van Nuys","7917579173","299","299","Tolga Ayberk","","","Option 3","","","LA LOMOD","","","","","","07/01/2029","11/01/2029","OCAF",""
"Malcolm Towers","90044","226","225","Elliot Kohanbash","","","Option 2","","04/30/2040","NJHMFA","","","","","","08/01/2029","11/01/2029","OCAF",""
"Mohican","75914","146","146","Mike McKee","","","Option 4","","11/17/2034","Connecticut Housing Finance Authority","","","","","","07/18/2029","11/18/2029","OCAF",""
"Washington Square West","79138","132","131","Mike McKee","","","Option 1","","11/22/2029","Pennsylvania Housing Finance Agency","","","","","05/23/2029","07/23/2029","11/23/2029","EXPIRES",""
"Essex-Phoenix","75497","145","144","Elliot Kohanbash","","","Option 4","","11/24/2033","NJHMFA","","","","","","07/25/2029","11/25/2029","OCAF",""
"Asbury","90047","119","119","Claire Beatty","","","Option 1","","11/30/2044","Assisted Housing Services Corporation","","","","","06/01/2029","09/01/2029","12/01/2029","RCS",""
"Asbury Park","90048","44","43","Tolga Ayberk","","","Option 1","","11/30/2040","Colorado Housing and Finance Authority","","","","","","08/01/2029","12/01/2029","OCAF",""
"Day Meadows","90058","44","44","Tolga Ayberk","","","Option 4","","11/30/2031","HUD","","","","","","08/01/2029","12/01/2029","OCAF",""
"Elmwood Square","75570","138","6","Matt Kim","","","PBV","","11/30/2042","Buffalo Municipal Housing Authority","","","","","","08/01/2029","12/01/2029","Request",""
"Fairview Housing","90060","124","124","Claire Beatty","","","Option 1","","12/01/2044","Assisted Housing Services Corporation","","","","","06/01/2029","08/01/2029","12/01/2029","RCS",""
"Highland Square","90070","152","152","Mike McKee","","","Option 1","","11/30/2036","S.C. State Housing Finance and Development Authority","","","","","","08/01/2029","12/01/2029","OCAF",""
"John Crawford","75485","96","95","Matt Kim","","","Option 3","","11/30/2033","CGI Federal","","","","","","08/01/2029","12/01/2029","OCAF",""
"Noble Tower","75543","195","195","Tolga Ayberk","","","Option 1","","11/30/2039","HUD (HAP)","","","","","06/01/2029","08/01/2029","12/01/2029","RCS",""
"Northcrest Gardens","90085","182","182","Claire Beatty","","","Option 1","","11/30/2044","Ohio Housing Finance Agency","","","","","06/01/2029","09/01/2029","12/01/2029","RCS",""
"Norwalk North","90086","72","72","Claire Beatty","","","Option 1","","12/01/2044","Assisted Housing Services Corporation","","","","","06/01/2029","09/01/2029","12/01/2029","RCS",""
"Oak Forest","90089","64","64","Mike McKee","","","Option 1","","11/30/2029","S.C. State Housing Finance and Development Authority","","","","","06/01/2029","08/01/2029","12/01/2029","EXPIRES",""
"Oxford House","75487","156","156","Matt Kim","","","Option 2","","11/30/2031","National Housing Compliance","","","","","","08/01/2029","12/01/2029","OCAF",""
"Park Place","79611","242","242","Claire Beatty","","","Option 1","","10/21/2041","Missouri Housing Development Commission","","","","","","08/01/2029","12/01/2029","OCAF",""
"Round Barn Manor","79613","156","156","Claire Beatty","","","Option 2","","11/30/2043","National Housing Compliance","","","","","","08/01/2029","12/01/2029","OCAF",""
"Trees - Pine","90106","61","61","Claire Beatty","","","Option 1","","11/30/2040","Colorado Housing and Finance Authority","","","","","06/01/2029","09/01/2029","12/01/2029","RCS",""
"Walnut Hills","79174","198","197","Matt Kim","","","Option 3","","11/30/2033","Assisted Housing Services Corporation","","","","","","08/01/2029","12/01/2029","OCAF",""
"Wyandot Square","90108","62","62","Claire Beatty","","","Option 1","","03/31/2029","Assisted Housing Services Corporation","","","","","06/01/2029","09/01/2029","12/01/2029","RCS",""
"Luther Towers","90111","362","362","Claire Beatty","","","SPRAC","","11/30/2043","Delaware State Housing Authority","","","","","","09/06/2029","12/06/2029","OCAF",""
"Ebony Gardens","75566","144","144","Claire Beatty","","","Option 1","","12/31/2040","CGI","","","","","","08/08/2029","12/08/2029","OCAF",""
"Chestnut Park (Skyview)","75541","489","241","Matt Kim","","","RAD 2","","12/11/2038","HUD","","","","","","08/11/2029","12/11/2029","OCAF",""
"Riverhead Village","75583","135","135","Elliot Kohanbash","","","Option 1","","12/31/2043","CGI","","","","","","08/14/2029","12/14/2029","OCAF",""
"Cherry Garden","75576","254","252","Elliot Kohanbash","","","Option 1","","12/15/2041","NJHMFA","","","","","","08/16/2029","12/16/2029","OCAF",""
"Olde English Village","75923","200","200","Matt Kim","","","Option 3","","12/17/2035","MassHousing","","","","","","08/18/2029","12/18/2029","OCAF",""
"Westchester Park","90021","201","200","Matt Kim","","","Option 1","","12/27/2043","New York State Housing Trust Fund Corporation","","","","","","08/27/2029","12/27/2029","OCAF",""
"Albright","90046","112","112","Claire Beatty","","","Option 1","","12/31/2044","Assisted Housing Services Corporation","","","","","07/01/2029","10/01/2029","01/01/2030","RCS",""
"Bastrop Oak Grove","90030","48","48","Tolga Ayberk","","","Option 4","","01/01/2039","Southwest Housing Compliance Corporation","","","","","","09/01/2029","01/01/2030","OCAF",""
"Bloomingdale Apartments","75932","111","111","Matt Kim","","","Option 1","","12/31/2043","National Housing Compliance","","","","","","09/01/2029","01/01/2030","OCAF",""
"Clinton Manor","75830","60","60","Mike McKee","","","Option 1","","12/31/2040","SC Housing","","","","","","09/01/2029","01/01/2030","OCAF",""
"Courthouse Square","90055","171","171","Tolga Ayberk","","","Option 1","","12/31/2039","Colorado Housing and Finance Authority","","","","","","09/01/2029","01/01/2030","OCAF",""
"Crevenna Oaks Apartments","667","50","50","Claire Beatty","","","Option 1","","01/01/2044","Navigate Affordable Housing Partners","","","","","","10/01/2029","01/01/2030","OCAF",""
"Faust Landmark Apartments","75532","200","200","Claire Beatty","","","RAD","","07/31/2025","Rockford Housing","","","","","","09/01/2029","01/01/2030","OCAF",""
"Fields Ertel Townhouses","75548","55","55","Matt Kim","","","Option 1","","12/31/2039","Assisted Housing Services Corporation","","","","","07/01/2029","09/01/2029","01/01/2030","RCS",""
"French Apartments","75116","174","174","Mike McKee","","","Option 1","","12/31/2035","CGI","","","","","","09/01/2029","01/01/2030","OCAF",""
"Friendship Court","75831","80","80","Mike McKee","","","Option 2","","12/31/2040","SC State Housing","","","","","","09/01/2029","01/01/2030","OCAF",""
"Hoffman Homes","90073","81","81","Mike McKee","","","Option 1","","01/01/2046","North Carolina Housing Finance Agency","","","","","","09/01/2029","01/01/2030","OCAF",""
"Hondo Brian Place","90037","40","40","Tolga Ayberk","","","Option 1","","01/01/2039","Southwest Housing Compliance Corporation","","","","","","09/01/2029","01/01/2030","OCAF",""
"International House","90076","99","98","Tolga Ayberk","","","Option 1","","12/31/2037","Bremerton Housing Authority","","","","","","09/01/2029","01/01/2030","OCAF",""
"IOOF Tower","90077","28","28","Tolga Ayberk","","","Option 1","","12/31/2040","Bremerton Housing Authority","","","","","","09/01/2029","01/01/2030","OCAF",""
"Loring Towers (MA)","79181","250","140","Matt Kim","","","PBV","","12/31/2042","CTI","","","","","","09/01/2029","01/01/2030","Request",""
"Luther Towers","90111","362","362","Claire Beatty","","","SPRAC","","11/30/2043","Delaware State Housing Authority","","","","","","10/01/2029","01/01/2030","Request",""
"Mad River Manor","90082","74","74","Claire Beatty","","","Option 1","","12/31/2044","Assisted Housing Services Corporation","","","","","07/01/2029","10/01/2030","01/01/2030","RCS",""
"Newberry Arms","75832","60","60","Mike McKee","","","Option 1","","12/31/2040","SC State Housing","","","","","","09/01/2029","01/01/2030","OCAF",""
"Oaks on North Plaza","75544","62","62","Tolga Ayberk","","","Option 1","","12/31/2039","SWHCC","","","","","07/01/2029","09/01/2029","01/01/2030","RCS",""
"Orangeburg Manor","90091","100","100","Mike McKee","","","Option 3","","12/27/2031","S.C. State Housing Finance and Development Authority","","","","","","09/01/2029","01/01/2030","OCAF",""
"Pinewood Gardens","90092","80","80","Claire Beatty","","","Option 2","","12/31/2044","Assisted Housing Services Corporation","","","","","07/01/2029","10/01/2029","01/01/2030","RCS",""
"Riverview Bend","90096","94","94","Claire Beatty","","","Option 1","","12/31/2044","Missouri Housing Development Commission","","","","","07/01/2029","09/01/2029","01/01/2030","RCS",""
"Shawnee Village","75901","120","120","Matt Kim","","","Option 1","","12/31/2033","Illinois Housing Development Authority","","","","","","09/01/2029","01/01/2030","OCAF",""
"Summit Oaks Apartments","670","50","50","Claire Beatty","","","Option 1","","01/01/2044","Navigate Affordable Housing Partners","","","","","","10/01/2029","01/01/2030","OCAF",""
"Sycamore Ridge","75912","304","304","Elliot Kohanbash","","","Option 4","","01/01/2033","NJHMFA","","","","","","09/01/2029","01/01/2030","OCAF",""
"Tamarack","90100","100","100","Mike McKee","","","Option 1","","12/31/2046","MSHDA","","","","","","08/01/2029","01/01/2030","OCAF",""
"Westminster Village","75483","432","400","Matt Kim","","","Option 5","","12/31/2043","Massachusetts Housing Finance Agency","","","","","","09/01/2029","01/01/2030","OCAF",""
"Hill Country Villas","HCV1","51","51","Tolga Ayberk","","","Option 1","","02/01/2034","HUD","","","","","","08/01/2029","01/01/2030","OCAF",""
"Treemont Village","4640008","60","60","Elliot Kohanbash","","","Option 2","","01/01/2033","HUD","","","","","","09/02/2029","01/02/2030","OCAF",""
"Halcyon House","90067","197","197","Tolga Ayberk","","","Option 1","","01/03/2036","Colorado Housing and Finance Authority","","","","","","09/04/2029","01/04/2030","OCAF",""
"Arlington Park","90022","130","130","Matt Kim","","","Option 1","","01/31/2037","Massachusetts Housing Finance Agency","","","","","","09/10/2029","01/10/2030","OCAF",""
"Washington Heights","75925","404","366","Matt Kim","","","Option 5","","01/30/2036","Massachusetts Housing Finance Agency","","","","","","09/15/2029","01/15/2030","OCAF",""
"Van Buren Park Apartments","75931","300","299","Matt Kim","","","Option 1","","01/31/2044","National Housing Compliance","","","","","","09/17/2029","01/17/2030","OCAF",""
"Fullerton Court","75918","196","195","Matt Kim","","","Option 1","","01/25/2034","National Housing Compliance","","","","","07/26/2029","09/26/2029","01/26/2030","RCS",""
"Circle Park Apartments","75833","418","239","Claire Beatty","","","Original","","01/31/2041","National Housing Compliance","","","","","","10/01/2029","02/01/2030","OCAF",""
"Clifford House","75577","101","100","Mike McKee","","","Option 1","","08/31/2042","Navigate Affordable Housing Partners","","","","","","11/01/2029","02/01/2030","OCAF",""
"Creekwood Apartments","75903","104","104","Matt Kim","","","Option 1","","01/31/2034","National Housing Compliance","","","","","","10/01/2029","02/01/2030","OCAF",""
"Fairview Gardens","90059","160","160","Mike McKee","","","Option 1","","01/31/2038","S.C. State Housing Finance and Development Authority","","","","","","10/01/2029","02/01/2030","OCAF",""
"Ferncliff South","4640005","84","84","Claire Beatty","","","Option 2","","01/31/2038","Navigate Affordable Housing Partners","","","","","","10/01/2029","02/01/2030","OCAF",""
"Sandburg Village","75902","128","128","Matt Kim","","","Option 4","","02/01/2034","National Housing Compliance","","","","","","10/01/2029","02/01/2030","OCAF",""
"Senior World","75500","100","100","Mike McKee","","","Option 2","","02/01/2031","MSHDA","","","","","","10/02/2029","02/01/2030","OCAF",""
"The Woods","75491","57","57","Matt Kim","","","Option 2","","01/31/2034","National Housing Compliance","","","","","","10/01/2029","02/01/2030","OCAF",""
"Market Square","75568","76","75","Mike McKee","","","Option 1","","02/03/2041","Navigate Affordable Housing Partners","","","","","","10/04/2029","02/04/2030","OCAF",""
"Alpha Towers","90114","165","165","Claire Beatty","","","Option 1","","02/28/2044","Assisted Housing Services Corporation","","","","","","12/01/2029","03/01/2030","OCAF",""
"Country Village","75904","104","104","Matt Kim","","","Option 1","","02/29/2036","National Housing Compliance","","","","","","11/01/2029","03/01/2030","OCAF",""
"Towns at River South","90109","161","75","Claire Beatty","","","RAD","","02/28/2043","Richmond Redevelopment and Housing Authority","","","","","","12/01/2029","03/01/2030","OCAF",""
"Armory Plaza","75582","52","52","Claire Beatty","","","Option 1","","03/20/2044","New York State Housing Trust Fund Corporation","","","","","","11/22/2029","03/22/2030","OCAF",""
"Barnum House","75569","84","83","Mike McKee","","","Option 1","","03/31/2041","Navigate Affordable Housing Partners","","","","","","12/01/2029","04/01/2030","OCAF",""
"Bella Vista","79605","100","100","Tolga Ayberk","","","Option 1","","03/31/2041","Southwest Housing Compliance Corporation","","","","","","01/01/2030","04/01/2030","OCAF",""
"Chelsea Square Apartments","82113","","","","","","","","","","","","","","11/01/2029","02/01/2030","04/01/2030","RCS",""
"Mapleview Towers","75567","101","100","Mike McKee","","","Option 1","","03/31/2041","Navigate Affordable Housing Partners","","","","","","12/01/2029","04/01/2030","OCAF",""
"Marshall Field","75911","628","628","Matt Kim","","","Option 1","","04/30/2035","National Housing Compliance","","","","","10/01/2029","12/01/2029","04/01/2030","RCS",""
"Montgomery Gateway","90024","190","189","Elliot Kohanbash","","","Option 1","","03/31/2045","NJHMFA","","","","","10/01/2029","12/01/2029","04/01/2030","RCS",""
"Montview Heights","90084","50","50","Tolga Ayberk","","","Option 1","","03/31/2040","Colorado Housing and Finance Authority","","","","","10/01/2029","12/01/2029","04/01/2030","RCS",""
"MORH Housing","75927","126","125","Tolga Ayberk","","","Original","","03/31/2036","CAHI","","","","","","12/01/2029","04/01/2030","OCAF",""
"Oak Center","75926","77","77","Tolga Ayberk","","","Option 1","","03/31/2036","CAHI","","","","","","12/01/2029","04/01/2030","OCAF",""
"Park Club Apartments","75835","56","55","Mike McKee","","","Option 1","","03/31/2042","Wisconsin Housing & Economic Development Authority","","","","","","01/01/2030","04/01/2030","OCAF",""
"Riverwood","4640013","83","83","Mike McKee","","","Option 1","","03/31/2035","Navigate Affordable Housing Partners","","","","","10/01/2029","12/01/2029","04/01/2030","RCS",""
"Riverwoods Apartments","79621","125","125","Claire Beatty","","","Option 2","","12/31/2043","CGI","","","","","","12/01/2029","04/01/2030","OCAF",""
"Roosevelt Apartments","90020","114","113","Matt Kim","","","Option 3","","03/31/2026","CGI","","","","","","","04/01/2030","OCAF",""
"Southern Hills/Orlando","75834","212","212","Claire Beatty","","","Option 1","","03/31/2042","National Housing Compliance","","","","","","12/01/2029","04/01/2030","OCAF",""
"Spring Creek","75828","137","137","Matt Kim","","","Option 1","","03/31/2041","National Housing Compliance","","","","","","12/01/2029","04/01/2030","OCAF",""
"St. James Residences","9200045","148","148","Elliot Kohanbash","","","Option 1","","04/01/2045","North Tampa Housing Development Corporation","","","","","10/01/2029","12/01/2029","04/01/2030","RCS",""
"Brook","90023","98","97","Elliot Kohanbash","","","Option 3","","03/31/2031","CGI","","","","","","12/01/2029","04/01/2030","OCAF",""
"Hazelwood Towers","75146","97","95","Claire Beatty","","","Option 3","","04/14/2025","Pennsylvania Housing Finance Agency","","","","","","12/15/2029","04/15/2030","OCAF",""
"North Park","75478","123","123","Matt Kim","","","Option 1","","04/18/2031","CGI","","","","","10/19/2029","12/19/2029","04/19/2030","RCS",""
"New Horizons","75474","48","47","Elliot Kohanbash","","","Option 1","","04/30/2030","CGI","","","","","","01/01/2030","04/30/2030","EXPIRES",""
"Arvada House","79619","88","88","Tolga Ayberk","","","Option 1","","04/30/2043","Colorado Housing and Finance Authority","","","","","","01/01/2030","05/01/2030","OCAF",""
"Crossroads of New Brighton","75947","172","172","Mike McKee","","","Option 1","","04/30/2036","Minn Housing","","","","","","01/01/2030","05/01/2030","OCAF",""
"Crossroads of Shoreview","75948","44","44","Mike McKee","","","Option 2","","04/30/2036","Minn Housing","","","","","","01/01/2030","05/01/2030","OCAF",""
"Darby Townhouses","90056","172","168","Claire Beatty","","","Option 2","","12/31/2032","Pennsylvania Housing Finance Agency","","","","","05/01/2030","02/01/2031","05/01/2030","RCS",""
"Hacienda Del Rio","90120","146","146","Tolga Ayberk","","","Option 1","","05/01/2044","Arizona Department of Housing","","","","","","01/01/2030","05/01/2030","OCAF",""
"Park Bluff","75951","186","185","Mike McKee","","","Option 1","","03/31/2035","Wisconsin Housing & Economic Development Authority","","","","","11/01/2029","01/01/2030","05/01/2030","RCS",""
"Pineview at Grogran's Mill","79606","300","300","Tolga Ayberk","","","Option 1","","04/30/2041","SWHCC","","","","","","01/01/2030","05/01/2030","OCAF",""
"Poplar Grove","90117","130","128","Mike McKee","","","Option 1","","04/30/2044","North Carolina Housing Finance Agency","","","","","","01/01/2030","05/01/2030","OCAF",""
"Ridgewood at Panther Creek","79607","300","300","Tolga Ayberk","","","Option 1","","04/30/2041","SWHCC","","","","","","01/01/2030","05/01/2030","OCAF",""
"Shiloh Village","75572","168","168","Tolga Ayberk","","","Option 1","","05/01/2041","SWHCC","","","","","","01/01/2030","05/01/2030","OCAF",""
"Shoreline Plaza Apartments","79604","230","187","Mike McKee","","","Option 1","","04/30/2041","Minnesota Housing Finance Agency","","","","","","01/01/2030","05/01/2030","OCAF",""
"Sumler Terrace","4640014","126","126","Elliot Kohanbash","","","Option 1","","04/30/2037","Virginia Housing Development Authority","","","","","","01/01/2030","05/01/2030","OCAF",""
"Trees - Willow","90107","63","63","Claire Beatty","","","Option 1","","04/30/2040","Colorado Housing and Finance Authority","","","","","","02/01/2030","05/01/2030","OCAF",""
"Woodman West","90112","197","196","Elliot Kohanbash","","","Option 1","","03/31/2044","Navigate Affordable Housing Partners","","","","","","02/01/2030","05/01/2030","OCAF",""
"Fairview Homes","75920","136","135","Elliot Kohanbash","","","Option 2","","05/07/2035","NJHMFA","","","","","11/07/2029","01/07/2030","05/07/2030","RCS",""
"Hershey Plaza","75587","216","215","Claire Beatty","","","Option 1","","05/31/2037","Pennsylvania Housing Finance Agency","","","","","","02/28/2030","05/31/2030","OCAF",""
"Bannock Arms","90051","66","66","Tolga Ayberk","","","Option 1","","05/31/2039","Idaho Housing and Finance Association","","","","","","02/01/2030","06/01/2030","OCAF",""
"Branford Manor","75930","442","441","Mike McKee","","","Option 1","","06/01/2037","Navigate Affordable Housing Partners","","","","","","02/01/2030","06/01/2030","OCAF",""
"Carriage","90053","72","70","Mike McKee","","","Option 1","","05/31/2030","HUD","","","","","12/01/2029","03/01/2030","06/01/2030","EXPIRES",""
"Country Club Heights","79612","200","120","Claire Beatty","","","RAD","","04/01/2041","Quincy PHA","","","","","","02/01/2030","06/01/2030","OCAF",""
"Crossroads of Edina","75946","64","26","Mike McKee","","","Option 2","","05/31/2036","Minn Housing","","","","","","02/01/2030","06/01/2030","OCAF",""
"HDR Fund","90080","125","125","Tolga Ayberk","","","Option 2","","05/31/2031","LA LOMOD","","","","","","02/01/2030","06/01/2030","OCAF",""
"Hopkins Village","79623","165","164","Matt Kim","","","Option 1","","06/01/2045","MDHCD","","","","","12/01/2029","02/01/2030","06/01/2030","RCS",""
"Ingram Square","79193","120","120","Tolga Ayberk","","","Option 3","","06/30/2031","HUD (HAP)","","","","","","02/01/2030","06/01/2030","OCAF",""
"Lake Worth Towers","90110","195","195","Elliot Kohanbash","","","PBV","","05/09/2043","Palm Beach County Housing Authority","","","","","","03/01/2030","06/01/2030","Request",""
"Northgate Terrace","75919","201","155","Tolga Ayberk","","","Option 2","","05/31/2035","CAHI","","","","","12/01/2029","02/01/2030","06/01/2030","RCS",""
"Oaks on Clark","79602","80","80","Tolga Ayberk","","","Option 2","","05/31/2040","SWHCC","","","","","12/01/2029","02/01/2030","06/01/2030","RCS",""
"Parkside Houses","90017","180","122","Matt Kim","","","RAD","","05/31/2036","HUD","","","","","","02/01/2030","06/01/2030","OCAF",""
"River Trails","79614","220","215","Tolga Ayberk","","","Option 2","","05/31/2042","SWHCC","","","","","","04/01/2030","06/01/2030","OCAF",""
"South Bay Villa","79608","80","80","Tolga Ayberk","","","Option 1","","05/27/2041","LA LOMOD","","","","","","02/01/2030","06/01/2030","OCAF",""
"Walnut Hill","75420","180","","Matt Kim","","","PBV","","","N/A","","","","","","02/01/2030","06/01/2030","Request",""
"Sandwich Manor","75444","90","89","Matt Kim","","","Option 1b","","07/01/2046","NHC","","","","","12/24/2029","02/24/2030","06/24/2030","EXPIRES",""
"Oceanport Gardens","75563","101","100","Elliot Kohanbash","","","Option 1","","06/27/2039","NJHMFA","","","","","","02/28/2030","06/28/2030","OCAF",""
"Marine Terrace","75922","497","441","Mike McKee","","","Option 1","","06/29/2036","CGI","","","","","","03/01/2030","06/30/2030","OCAF",""
"PJ Housing","75481","51","50","Matt Kim","","","Option 2","","06/29/2031","CGI","","","","","","03/01/2030","06/30/2030","OCAF",""
"333 Holly","75704","332","139","Tolga Ayberk","","","Option 1","","06/30/2040","SWHCC","","","","","01/01/2030","03/01/2030","07/01/2030","RCS",""
"Butternut Creek","79617","100","198","Mike McKee","","","Option 2","","06/30/2043","MSHDA","","","","","","03/01/2030","07/01/2030","OCAF",""
"Campbell Terrace","75547","249","249","Claire Beatty","","","Option 1","","06/30/2039","National Housing Compliance","","","","","","03/01/2030","07/01/2030","OCAF",""
"Crossroads of East Ravenswood","75936","124","124","Claire Beatty","","","Option 1","","06/30/2036","National Housing Compliance","","","","","","03/01/2030","07/01/2030","OCAF",""
"Greenport","75468","366","364","Elliot Kohanbash","","","Option 1","","01/31/2029","CGI","","","","","","03/01/2030","07/01/2030","OCAF",""
"Morningside Court","75573","171","171","Claire Beatty","","","Option 1","","06/30/2041","National Housing Compliance","","","","","","03/01/2030","07/01/2030","OCAF",""
"Northgate Village","75542","168","168","Tolga Ayberk","","","Option 1","","06/30/2039","SWHA","","","","","","03/01/2030","07/01/2030","OCAF",""
"Nottingham Towers","90113","165","156","Mike McKee","","","Option 1","","05/31/2044","Navigate Affordable Housing Partners","","","","","01/01/2030","03/01/2030","07/01/2030","RCS",""
"Oakhaven","90090","35","35","Tolga Ayberk","","","Option 2","","06/30/2033","Idaho Housing and Finance Association","","","","","","03/01/2030","07/01/2030","OCAF",""
"Rose Tower","90097","168","120","Mike McKee","","","Option 2","","07/01/2034","Kentucky Housing Corporation","","","","","","04/01/2030","07/01/2030","OCAF",""
"Shoreview Apartments","79627","156","156","Tolga Ayberk","","","Option 1","","07/01/2044","CAHI","","","","","","03/01/2030","07/01/2030","OCAF",""
"State Street","75929","51","51","Mike McKee","","","Option 5","","06/30/2036","Wisconsin Housing & Economic Development Authority","","","","","","03/01/2030","07/01/2030","Request",""
"Terrific Tenements","75475","88","88","Elliot Kohanbash","","","Option 1","","07/01/2045","CGI","","","","","01/01/2030","03/01/2030","07/01/2030","RCS",""
"Terry Manor Apartments","79628","170","170","Tolga Ayberk","","","Option 1","","07/01/2044","LA LOMOD","","","","","","03/01/2030","07/01/2030","OCAF",""
"The Pines","75705","152","152","Tolga Ayberk","","","Option 1","","06/30/2040","SWHCC","","","","","01/01/2030","03/01/2030","07/01/2030","RCS",""
"Tompkins Terrace","79622","193","61","Claire Beatty","","","PBV","","02/01/2040","City of Beacon Housing Authority","","","","","","03/01/2030","07/01/2030","Request",""
"Trees - Maple","90105","83","83","Claire Beatty","","","Option 1","","06/30/2037","Colorado Housing and Finance Authority","","","","","","04/01/2030","07/01/2030","OCAF",""
"Woodland Hills","79610","125","125","Mike McKee","","","Option 1","","06/30/2041","MSHDA","","","","","","03/01/2030","07/01/2030","OCAF",""
"Woodland Towers","75934","104","104","Claire Beatty","","","Option 1","","06/30/2036","National Housing Compliance","","","","","","03/01/2030","07/01/2030","OCAF",""
"Walden","75921","89","89","Elliot Kohanbash","","","Option 1","","07/14/2035","CGI","","","","","01/15/2030","03/15/2030","07/15/2030","RCS",""
"All Hallows","79624","157","150","Tolga Ayberk","","","Option 1","","01/31/2026","CAHI","","","","","","04/01/2030","08/01/2030","OCAF",""
"Beacon Hill","79618","198","198","Mike McKee","","","Option 1","","07/31/2043","MSHDA","","","","","","06/01/2030","08/01/2030","OCAF",""
"Federation Plaza","90062","124","123","Elliot Kohanbash","","","Option 1","","07/31/2045","CGI","","","","","02/01/2030","04/01/2030","08/01/2030","RCS",""
"Gates Mills Villa","90064","191","175","Claire Beatty","","","Option 1","","08/01/2044","Assisted Housing Services Corporation","","","","","","05/01/2030","08/01/2030","OCAF",""
"Golden Link Manor","90065","31","31","Tolga Ayberk","","","Option 4","","07/31/2036","Bremerton Housing Authority","","","","","","04/01/2030","08/01/2030","OCAF",""
"James Court","90078","50","50","Tolga Ayberk","","","Option 1","","07/31/2040","HUD","","","","","","05/01/2030","08/01/2030","RCS",""
"La Salle","79626","145","142","Tolga Ayberk","","","Option 1","","01/31/2026","CAHI","","","","","","04/01/2030","08/01/2030","OCAF",""
"Manhattan Plaza","75425","1689","1689","Claire Beatty","","","Option 1","","07/31/2037","HPD","","","","","","04/01/2030","08/01/2030","OCAF",""
"Northpoint","79603","304","304","Claire Beatty","","","Option 1","","07/31/2040","National Housing Compliance","","","","","02/01/2030","04/01/2030","08/01/2030","RCS",""
"Squire Village","90099","51","50","Tolga Ayberk","","","Option 4","","07/31/2040","Colorado Housing and Finance Authority","","","","","02/01/2030","04/01/2030","08/01/2030","RCS",""
"West Haverstraw","75454","100","100","Matt Kim","","","Option 1","","07/31/2025","New York State Housing Trust Fund Corporation","","","","","02/01/2030","04/01/2030","08/01/2030","EXPIRES",""
"Westwood Village","4640009","","","","","","","","","","","","","","02/01/2030","04/01/2030","08/01/2030","EXPIRES",""
"529 West 29th Street","75345","139","139","Mike McKee","","","Option 1","","08/31/2034","CGI","","","","","","05/01/2030","09/01/2030","OCAF",""
"Augustana Homes","75499","186","180","Mike McKee","","","Option 1","","06/17/2033","Navigate Affordable Housing Partners","","","","","03/01/2030","06/01/2030","09/01/2030","RCS",""
"Avon Towers","90049","125","125","Mike McKee","","","Option 1","","08/31/2044","MSHDA","","","","","","05/01/2030","09/01/2030","OCAF",""
"Bayview","79625","146","113","Tolga Ayberk","","","Option 1","","01/31/2026","CAHI","","","","","","05/01/2030","09/01/2030","OCAF",""
"Clarendon Court","75546","152","152","Claire Beatty","","","Option 1","","08/31/2038","National Housing Compliance","","","","","","05/01/2030","09/01/2030","OCAF",""
"Garden House of River Oaks II","75935","145","145","Claire Beatty","","","Option 4","","08/31/2036","HUD","","","","","","05/01/2030","09/01/2030","OCAF",""
"Garden Vista","940001","150","149","Elliot Kohanbash","","","Option 1","","08/31/2034","CGI","","","","","","05/01/2030","09/01/2030","OCAF",""
"Gates Manor","75933","51","51","Claire Beatty","","","Option 1","","08/31/2036","National Housing Compliance","","","","","","05/01/2030","09/01/2030","OCAF",""
"Highland Falls","75456","51","51","Matt Kim","","","Option 2","","08/31/2030","CGI","","","","","03/01/2030","05/01/2030","09/01/2030","EXPIRES",""
"Luther Towers","90111","362","362","Claire Beatty","","","SPRAC","","11/30/2043","Delaware State Housing Authority","","","","","","05/01/2030","09/01/2030","OCAF",""
"Midtown Estates","90083","88","87","Claire Beatty","","","Option 1","","08/31/2044","THDA","","","","","","06/01/2030","09/01/2030","OCAF",""
"Oaks on Lamar","75539","176","74","Tolga Ayberk","","","Option 1","","08/31/2038","SWHCC","","","","","","05/01/2030","09/01/2030","OCAF",""
"Peterson Plaza","75917","189","189","Mike McKee","","","Option 1","","08/31/2035","National Housing Compliance","","","","","03/01/2030","05/01/2030","09/01/2030","RCS",""
"Plaza Apartments","90128","191","190","Claire Beatty","","","Option 1","","01/31/2037","Missouri Housing Development Commission","","","","","","06/01/2030","09/01/2030","OCAF",""
"River Run","75486","141","140","Mike McKee","","","Option 4","","04/01/2032","Navigate Affordable Housing Partners","","","","","03/01/2030","06/01/2030","09/01/2030","RCS",""
"Riverside Townhomes","75540","128","128","Tolga Ayberk","","","Option 1","","08/31/2038","SWHCC","","","","","","05/01/2030","09/01/2030","OCAF",""
"Sheridan Park","75498","102","10","Matt Kim","","","Section 811","","08/31/2038","NHC","","","","","","05/01/2030","09/01/2030","Request",""
"Somers Point Apartments","75578","225","224","Elliot Kohanbash","","","Option 1","","08/31/2045","NJHMFA","","","","","09/01/2030","05/01/2030","09/01/2030","RCS",""
"South Shore Apartments","7962079615","446","446","Mike McKee","","","Option 1","","06/30/2043","National Housing Compliance","","","","","03/01/2030","04/01/2030","09/01/2030","RCS",""
"St. Andrews Residences","940005","177","177","Elliot Kohanbash","","","PBV","","08/31/2041","West Palm Beach Housing Authority","","","","","","05/01/2030","09/01/2030","Request",""
"The Biltmore Towers","79601","230","230","Matt Kim","","","Option 3","","08/31/2040","Assisted Housing Services Corporation","","","","","","05/01/2030","09/01/2030","OCAF",""
"The Greenhouse","90119","80","79","Matt Kim","","","","","08/31/2043","MassHousing","","","","","","06/01/2030","09/01/2030","OCAF",""
"Trees - Holly","90104","94","94","Claire Beatty","","","Option 2","","08/31/2035","Colorado Housing and Finance Authority","","","","","03/01/2030","06/01/2030","09/01/2030","RCS",""
"Willow Woods","4640010","144","100","Mike McKee","","","Option 2","","08/31/2032","Navigate Affordable Housing Partners","","","","","","05/01/2030","09/01/2030","OCAF",""
"Parkway Gardens","75479","694","694","Matt Kim","","","Option 2","","06/20/2031","National Housing Compliance","","","","","","05/21/2030","09/21/2030","OCAF",""
"Holly House","75564","42","42","Elliot Kohanbash","","","Option 1","","09/23/2040","NJHMFA","","","","","03/24/2030","05/24/2030","09/24/2030","RCS",""
"Alaska House","90045","105","105","Tolga Ayberk","","","Option 1","","09/30/2040","Bremerton Housing Authority","","","","","04/01/2030","06/01/2030","10/01/2030","RCS",""
"Ashley Oaks","4640003","250","250","Matt Kim","","","RAD","","09/30/2036","HUD","","","","","","06/01/2030","10/01/2030","OCAF",""
"Brewster Mews","90016","216","215","Matt Kim","","","","","09/30/2041","HUD","","","","","","06/01/2030","10/01/2030","OCAF",""
"Canal Lock Apartments","75139","52","51","Elliot Kohanbash","","","Option 3","","09/30/2034","CGI","","","","","","06/01/2030","10/01/2030","OCAF",""
"Charter Village","90054","250","220","Claire Beatty","","","Option 1","","09/30/2043","THDA","","","","","","06/01/2030","10/01/2030","OCAF",""
"Colonial Village","75708","66","66","Matt Kim","","","Option 1","","09/30/2041","HUD","","","","","","06/01/2030","10/01/2030","OCAF",""
"Dawson Square","90057","36","36","Tolga Ayberk","","","Option 1","","09/30/2040","Colorado Housing and Finance Authority","","","","","04/01/2030","06/01/2030","10/01/2030","RCS",""
"Ferncliff North","4640012","144","144","Claire Beatty","","","Option 1","","09/30/2034","Navigate Affordable Housing Partners","","","","","","06/01/2030","10/01/2030","OCAF",""
"Helios Station","90069","30","30","Tolga Ayberk","","","Option 1","","09/30/2040","Colorado Housing and Finance Authority","","","","","04/01/2030","06/01/2030","10/01/2030","RCS",""
"Horizon Square","90074","92","92","Claire Beatty","","","Option 1","","09/30/2037","THDA","","","","","","07/01/2030","10/01/2030","OCAF",""
"Lathrop Homes IA","75545","414","151","Mike McKee","","","PBV","","09/30/2037","Chicago Housing Authority","","","","","","08/01/2030","10/01/2030","Request",""
"New Baltimore Place","79616","101","100","Mike McKee","","","Option 1","","05/31/2043","MSHDA","","","","","","06/01/2030","10/01/2030","OCAF",""
"Newman Village","4640002","99","99","Mike McKee","","","RAD","","09/30/2036","HUD","","","","","","06/01/2030","10/01/2030","OCAF",""
"Northcross Townhomes","2640001","99","99","Mike McKee","","","Option 1","","09/30/2039","North Carolina Housing Finance Agency","","","","","","06/01/2030","10/01/2030","OCAF",""
"Overlook","75458","100","99","Elliot Kohanbash","","","Option 3","","09/30/2034","CGI","","","","","","06/01/2030","10/01/2030","OCAF",""
"Princeton Court Apartments","90019","304","144","Matt Kim","","","Option 1","","09/30/2041","NYS Housing Trust Fund","","","","","","06/01/2030","10/01/2030","OCAF",""
"Tiffany Square","90102","52","52","Tolga Ayberk","","","Option 2","","09/30/2040","Colorado Housing and Finance Authority","","","","","","07/01/2030","10/01/2030","OCAF",""
"Trees - Ash","90103","53","53","Claire Beatty","","","Option 1","","09/30/2039","Colorado Housing and Finance Authority","","","","","","07/01/2030","10/01/2030","OCAF",""
"Universal City","75565","160","159","Claire Beatty","","","Option 3","","09/30/2037","National Housing Compliance","","","","","","06/01/2030","10/01/2030","OCAF",""
"Village Park","75431","200","167","Matt Kim","","","Option 5","","09/30/2037","Massachusetts Housing Finance Agency","","","","","","06/01/2030","10/01/2030","OCAF",""
"Walker Mews","75290","167","166","Matt Kim","","","Option 1","","09/30/2044","Maryland Department of Housing and Community Development","","","","","","06/01/2030","10/01/2030","OCAF",""
"Winter Garden","79609","112","112","Claire Beatty","","","Option 1","","10/21/2041","Missouri Housing Development Commission","","","","","","07/01/2030","10/01/2030","OCAF",""
"Tyler House","90006","284","284","Mike McKee","","","Option 2","","09/30/2031","Assisted Housing Services Corporation","","","","","","06/01/2030","10/01/2030","OCAF",""
"Burt Farms II","75480","50","50","Elliot Kohanbash","","","Option 2","","07/31/2031","CGI","","","","","","06/16/2030","10/16/2030","OCAF",""
"McCarthy Manor","75469","176","176","Matt Kim","","","Option 2","","10/26/2030","New York State Housing Trust Fund Corporation","","","","","04/27/2030","06/27/2030","10/27/2030","EXPIRES",""
"Augustana Homes of Fairfield","75537","15","15","Mike McKee","","","Option 1","","11/01/2037","Navigate Affordable Housing Partners","","","","","","07/01/2030","10/31/2030","OCAF",""
"Augustana Homes of Greenwich","75535","31","31","Mike McKee","","","Option 1","","10/31/2037","Navigate Affordable Housing Partners","","","","","","07/01/2030","10/31/2030","OCAF",""
"Woodlake Apartments","75584","148","147","Elliot Kohanbash","","","Option 1","","10/31/2044","NJHMFA","","","","","","","10/31/2030","OCAF",""
"Allenhurst Apartments","90015","316","316","Matt Kim","","","RAD","","10/31/2039","HUD","","","","","","07/01/2030","11/01/2030","OCAF",""
"Alms Hill","75924","200","200","Matt Kim","","","Option 1","","10/31/2038","HUD","","","","","","07/01/2030","11/01/2030","OCAF",""
"Garden House of Park Forest","75937","145","145","Claire Beatty","","","Option 4","","10/31/2036","National Housing Compliance","","","","","","07/01/2030","11/01/2030","OCAF",""
"Harmon","75955","210","209","Matt Kim","","","Option 1","","10/31/2038","Assisted Housing Services Corporation","","","","","","07/01/2030","11/01/2030","OCAF",""
"Hostmark Village Cove","90075","120","120","Tolga Ayberk","","","Option 1","","10/31/2039","Bremerton Housing Authority","","","","","","07/01/2030","11/01/2030","OCAF",""
"Linwood Square","75953","200","200","Tolga Ayberk","","","Option 1","","10/31/2037","SWHCC","","","","","","07/01/2030","11/01/2030","OCAF",""
"Peppertree Heights","90018","101","100","Matt Kim","","","Option 1","","10/31/2030","NYSHFA","","","","","05/01/2030","07/01/2030","11/01/2030","EXPIRES",""
"Phoenix Towers","75489","158","158","Claire Beatty","","","Option 1","","10/31/2033","National Housing Compliance","","","","","","07/01/2030","11/01/2030","OCAF",""
"Riverview II","75464","343","114","Elliot Kohanbash","","","PBV","","11/15/2043","MHACY","","","","","","08/11/2030","11/01/2030","Request",""
"Stephenville Crossing","75952","86","86","Tolga Ayberk","","","Option 1","","10/31/2037","SWHCC","","","","","","07/01/2030","11/01/2030","OCAF",""
"The Magnolia","75954","65","65","Tolga Ayberk","","","Option 2","","11/01/2037","TDHCA","","","","","","07/01/2030","11/01/2030","OCAF",""
"Van Nuys","7917579173","299","299","Tolga Ayberk","","","Option 3","","","LA LOMOD","","","","","","07/01/2030","11/01/2030","OCAF",""
"Malcolm Towers","90044","226","225","Elliot Kohanbash","","","Option 2","","04/30/2040","NJHMFA","","","","","10/28/2029","08/01/2030","11/01/2030","RCS",""
"Mohican","75914","146","146","Mike McKee","","","Option 4","","11/17/2034","Connecticut Housing Finance Authority","","","","","","07/18/2030","11/18/2030","OCAF",""
"Essex-Phoenix","75497","145","144","Elliot Kohanbash","","","Option 4","","11/24/2033","NJHMFA","","","","","","07/25/2030","11/25/2030","OCAF",""
"Asbury","90047","119","119","Claire Beatty","","","Option 1","","11/30/2044","Assisted Housing Services Corporation","","","","","","09/01/2030","12/01/2030","OCAF",""
"Asbury Park","90048","44","43","Tolga Ayberk","","","Option 1","","11/30/2040","Colorado Housing and Finance Authority","","","","","06/01/2030","08/01/2030","12/01/2030","RCS",""
"Day Meadows","90058","44","44","Tolga Ayberk","","","Option 4","","11/30/2031","HUD","","","","","","08/01/2030","12/01/2030","OCAF",""
"Elmwood Square","75570","138","6","Matt Kim","","","PBV","","11/30/2042","Buffalo Municipal Housing Authority","","","","","","08/01/2030","12/01/2030","Request",""
"Fairview Housing","90060","124","124","Claire Beatty","","","Option 1","","12/01/2044","Assisted Housing Services Corporation","","","","","","08/01/2030","12/01/2030","OCAF",""
"Highland Square","90070","152","152","Mike McKee","","","Option 1","","11/30/2036","S.C. State Housing Finance and Development Authority","","","","","","08/01/2030","12/01/2030","OCAF",""
"John Crawford","75485","96","95","Matt Kim","","","Option 3","","11/30/2033","CGI Federal","","","","","","08/01/2030","12/01/2030","OCAF",""
"Noble Tower","75543","195","195","Tolga Ayberk","","","Option 1","","11/30/2039","HUD (HAP)","","","","","","08/01/2030","12/01/2030","OCAF",""
"Northcrest Gardens","90085","182","182","Claire Beatty","","","Option 1","","11/30/2044","Ohio Housing Finance Agency","","","","","","09/01/2030","12/01/2030","OCAF",""
"Norwalk North","90086","72","72","Claire Beatty","","","Option 1","","12/01/2044","Assisted Housing Services Corporation","","","","","","09/01/2030","12/01/2030","OCAF",""
"Oxford House","75487","156","156","Matt Kim","","","Option 2","","11/30/2031","National Housing Compliance","","","","","","08/01/2030","12/01/2030","OCAF",""
"Park Place","79611","242","242","Claire Beatty","","","Option 1","","10/21/2041","Missouri Housing Development Commission","","","","","","08/01/2030","12/01/2030","OCAF",""
"Round Barn Manor","79613","156","156","Claire Beatty","","","Option 2","","11/30/2043","National Housing Compliance","","","","","","08/01/2030","12/01/2030","OCAF",""
"Trees - Pine","90106","61","61","Claire Beatty","","","Option 1","","11/30/2040","Colorado Housing and Finance Authority","","","","","","09/01/2030","12/01/2030","OCAF",""
"Walnut Hills","79174","198","197","Matt Kim","","","Option 3","","11/30/2033","Assisted Housing Services Corporation","","","","","","08/01/2030","12/01/2030","OCAF",""
"Wyandot Square","90108","62","62","Claire Beatty","","","Option 1","","03/31/2029","Assisted Housing Services Corporation","","","","","","09/01/2030","12/01/2030","OCAF",""
"Luther Towers","90111","362","362","Claire Beatty","","","SPRAC","","11/30/2043","Delaware State Housing Authority","","","","","","09/06/2030","12/06/2030","OCAF",""
"Ebony Gardens","75566","144","144","Claire Beatty","","","Option 1","","12/31/2040","CGI","","","","","06/08/2030","08/08/2030","12/08/2030","RCS",""
"Chestnut Park (Skyview)","75541","489","241","Matt Kim","","","RAD 2","","12/11/2038","HUD","","","","","","08/11/2030","12/11/2030","OCAF",""
"Riverhead Village","75583","135","135","Elliot Kohanbash","","","Option 1","","12/31/2043","CGI","","","","","","08/14/2030","12/14/2030","OCAF",""
"Cherry Garden","75576","254","252","Elliot Kohanbash","","","Option 1","","12/15/2041","NJHMFA","","","","","","08/16/2030","12/16/2030","OCAF",""
"Olde English Village","75923","200","200","Matt Kim","","","Option 3","","12/17/2035","MassHousing","","","","","","08/18/2030","12/18/2030","OCAF",""
"Westchester Park","90021","201","200","Matt Kim","","","Option 1","","12/27/2043","New York State Housing Trust Fund Corporation","","","","","","08/27/2030","12/27/2030","OCAF",""
"Albright","90046","112","112","Claire Beatty","","","Option 1","","12/31/2044","Assisted Housing Services Corporation","","","","","","10/01/2030","01/01/2031","OCAF",""
"Bastrop Oak Grove","90030","48","48","Tolga Ayberk","","","Option 4","","01/01/2039","Southwest Housing Compliance Corporation","","","","","","09/01/2030","01/01/2031","OCAF",""
"Bloomingdale Apartments","75932","111","111","Matt Kim","","","Option 1","","12/31/2043","National Housing Compliance","","","","","","09/01/2030","01/01/2031","OCAF",""
"Clinton Manor","75830","60","60","Mike McKee","","","Option 1","","12/31/2040","SC Housing","","","","","07/01/2030","09/01/2030","01/01/2031","RCS",""
"Courthouse Square","90055","171","171","Tolga Ayberk","","","Option 1","","12/31/2039","Colorado Housing and Finance Authority","","","","","07/01/2030","09/01/2030","01/01/2031","RCS",""
"Crevenna Oaks Apartments","667","50","50","Claire Beatty","","","Option 1","","01/01/2044","Navigate Affordable Housing Partners","","","","","","10/01/2030","01/01/2031","OCAF",""
"Faust Landmark Apartments","75532","200","200","Claire Beatty","","","RAD","","07/31/2025","Rockford Housing","","","","","","09/01/2030","01/01/2031","OCAF",""
"Fields Ertel Townhouses","75548","55","55","Matt Kim","","","Option 1","","12/31/2039","Assisted Housing Services Corporation","","","","","","09/01/2030","01/01/2031","OCAF",""
"French Apartments","75116","174","174","Mike McKee","","","Option 1","","12/31/2035","CGI","","","","","07/01/2030","09/01/2030","01/01/2031","RCS",""
"Friendship Court","75831","80","80","Mike McKee","","","Option 2","","12/31/2040","SC State Housing","","","","","07/01/2030","09/01/2030","01/01/2031","RCS",""
"Hoffman Homes","90073","81","81","Mike McKee","","","Option 1","","01/01/2046","North Carolina Housing Finance Agency","","","","","","09/01/2030","01/01/2031","RCS",""
"Hondo Brian Place","90037","40","40","Tolga Ayberk","","","Option 1","","01/01/2039","Southwest Housing Compliance Corporation","","","","","","09/01/2030","01/01/2031","OCAF",""
"International House","90076","99","98","Tolga Ayberk","","","Option 1","","12/31/2037","Bremerton Housing Authority","","","","","","09/01/2030","01/01/2031","OCAF",""
"IOOF Tower","90077","28","28","Tolga Ayberk","","","Option 1","","12/31/2040","Bremerton Housing Authority","","","","","07/01/2030","09/01/2030","01/01/2031","RCS",""
"Loring Towers (MA)","79181","250","140","Matt Kim","","","PBV","","12/31/2042","CTI","","","","","","09/01/2030","01/01/2031","Request",""
"Luther Towers","90111","362","362","Claire Beatty","","","SPRAC","","11/30/2043","Delaware State Housing Authority","","","","","","10/01/2030","01/01/2031","Request",""
"Mad River Manor","90082","74","74","Claire Beatty","","","Option 1","","12/31/2044","Assisted Housing Services Corporation","","","","","","10/01/2031","01/01/2031","OCAF",""
"Newberry Arms","75832","60","60","Mike McKee","","","Option 1","","12/31/2040","SC State Housing","","","","","07/01/2030","09/01/2030","01/01/2031","RCS",""
"Oaks on North Plaza","75544","62","62","Tolga Ayberk","","","Option 1","","12/31/2039","SWHCC","","","","","","09/01/2030","01/01/2031","OCAF",""
"Orangeburg Manor","90091","100","100","Mike McKee","","","Option 3","","12/27/2031","S.C. State Housing Finance and Development Authority","","","","","","09/01/2030","01/01/2031","OCAF",""
"Pinewood Gardens","90092","80","80","Claire Beatty","","","Option 2","","12/31/2044","Assisted Housing Services Corporation","","","","","","10/01/2030","01/01/2031","OCAF",""
"Riverview Bend","90096","94","94","Claire Beatty","","","Option 1","","12/31/2044","Missouri Housing Development Commission","","","","","","09/01/2030","01/01/2031","OCAF",""
"Shawnee Village","75901","120","120","Matt Kim","","","Option 1","","12/31/2033","Illinois Housing Development Authority","","","","","","09/01/2030","01/01/2031","OCAF",""
"Summit Oaks Apartments","670","50","50","Claire Beatty","","","Option 1","","01/01/2044","Navigate Affordable Housing Partners","","","","","","10/01/2030","01/01/2031","OCAF",""
"Sycamore Ridge","75912","304","304","Elliot Kohanbash","","","Option 4","","01/01/2033","NJHMFA","","","","","","09/01/2030","01/01/2031","OCAF",""
"Tamarack","90100","100","100","Mike McKee","","","Option 1","","12/31/2046","MSHDA","","","","","","08/01/2030","01/01/2031","RCS",""
"Westminster Village","75483","432","400","Matt Kim","","","Option 5","","12/31/2043","Massachusetts Housing Finance Agency","","","","","","09/01/2030","01/01/2031","OCAF",""
"Hill Country Villas","HCV1","51","51","Tolga Ayberk","","","Option 1","","02/01/2034","HUD","","","","","","08/01/2030","01/01/2031","OCAF",""
"Treemont Village","4640008","60","60","Elliot Kohanbash","","","Option 2","","01/01/2033","HUD","","","","","","09/02/2030","01/02/2031","OCAF",""
"Halcyon House","90067","197","197","Tolga Ayberk","","","Option 1","","01/03/2036","Colorado Housing and Finance Authority","","","","","07/04/2030","09/04/2030","01/04/2031","RCS",""
"Arlington Park","90022","130","130","Matt Kim","","","Option 1","","01/31/2037","Massachusetts Housing Finance Agency","","","","","","09/10/2030","01/10/2031","OCAF",""
"Washington Heights","75925","404","366","Matt Kim","","","Option 5","","01/30/2036","Massachusetts Housing Finance Agency","","","","","","09/15/2030","01/15/2031","OCAF",""
"Van Buren Park Apartments","75931","300","299","Matt Kim","","","Option 1","","01/31/2044","National Housing Compliance","","","","","","09/17/2030","01/17/2031","OCAF",""
"Fullerton Court","75918","196","195","Matt Kim","","","Option 1","","01/25/2034","National Housing Compliance","","","","","","09/26/2030","01/26/2031","OCAF",""
"Circle Park Apartments","75833","418","239","Claire Beatty","","","Original","","01/31/2041","National Housing Compliance","","","","","08/01/2030","10/01/2030","02/01/2031","RCS",""
"Clifford House","75577","101","100","Mike McKee","","","Option 1","","08/31/2042","Navigate Affordable Housing Partners","","","","","08/01/2030","11/01/2030","02/01/2031","RCS",""
"Creekwood Apartments","75903","104","104","Matt Kim","","","Option 1","","01/31/2034","National Housing Compliance","","","","","","10/01/2030","02/01/2031","OCAF",""
"Fairview Gardens","90059","160","160","Mike McKee","","","Option 1","","01/31/2038","S.C. State Housing Finance and Development Authority","","","","","","10/01/2030","02/01/2031","OCAF",""
"Ferncliff South","4640005","84","84","Claire Beatty","","","Option 2","","01/31/2038","Navigate Affordable Housing Partners","","","","","","10/01/2030","02/01/2031","OCAF",""
"Sandburg Village","75902","128","128","Matt Kim","","","Option 4","","02/01/2034","National Housing Compliance","","","","","","10/01/2030","02/01/2031","OCAF",""
"Senior World","75500","100","100","Mike McKee","","","Option 2","","02/01/2031","MSHDA","","","","","08/01/2030","10/02/2030","02/01/2031","EXPIRES",""
"The Woods","75491","57","57","Matt Kim","","","Option 2","","01/31/2034","National Housing Compliance","","","","","","10/01/2030","02/01/2031","OCAF",""
"Market Square","75568","76","75","Mike McKee","","","Option 1","","02/03/2041","Navigate Affordable Housing Partners","","","","","08/04/2030","10/04/2030","02/04/2031","RCS",""
"Alpha Towers","90114","165","165","Claire Beatty","","","Option 1","","02/28/2044","Assisted Housing Services Corporation","","","","","","12/01/2030","03/01/2031","OCAF",""
"Country Village","75904","104","104","Matt Kim","","","Option 1","","02/29/2036","National Housing Compliance","","","","","09/01/2030","11/01/2030","03/01/2031","RCS",""
"Towns at River South","90109","161","75","Claire Beatty","","","RAD","","02/28/2043","Richmond Redevelopment and Housing Authority","","","","","","12/01/2030","03/01/2031","OCAF",""
"Armory Plaza","75582","52","52","Claire Beatty","","","Option 1","","03/20/2044","New York State Housing Trust Fund Corporation","","","","","","11/22/2030","03/22/2031","OCAF",""
"Barnum House","75569","84","83","Mike McKee","","","Option 1","","03/31/2041","Navigate Affordable Housing Partners","","","","","10/01/2030","12/01/2030","04/01/2031","RCS",""
"Bella Vista","79605","100","100","Tolga Ayberk","","","Option 1","","03/31/2041","Southwest Housing Compliance Corporation","","","","","10/01/2030","01/01/2031","04/01/2031","RCS",""
"Chelsea Square Apartments","82113","","","","","","","","","","","","","","","02/01/2031","04/01/2031","OCAF",""
"Mapleview Towers","75567","101","100","Mike McKee","","","Option 1","","03/31/2041","Navigate Affordable Housing Partners","","","","","10/01/2030","12/01/2030","04/01/2031","RCS",""
"Marshall Field","75911","628","628","Matt Kim","","","Option 1","","04/30/2035","National Housing Compliance","","","","","","12/01/2030","04/01/2031","OCAF",""
"Montgomery Gateway","90024","190","189","Elliot Kohanbash","","","Option 1","","03/31/2045","NJHMFA","","","","","","12/01/2030","04/01/2031","OCAF",""
"Montview Heights","90084","50","50","Tolga Ayberk","","","Option 1","","03/31/2040","Colorado Housing and Finance Authority","","","","","","12/01/2030","04/01/2031","OCAF",""
"MORH Housing","75927","126","125","Tolga Ayberk","","","Original","","03/31/2036","CAHI","","","","","10/01/2030","12/01/2030","04/01/2031","RCS",""
"Oak Center","75926","77","77","Tolga Ayberk","","","Option 1","","03/31/2036","CAHI","","","","","10/01/2030","12/01/2030","04/01/2031","RCS",""
"Park Club Apartments","75835","56","55","Mike McKee","","","Option 1","","03/31/2042","Wisconsin Housing & Economic Development Authority","","","","","","01/01/2031","04/01/2031","OCAF",""
"Riverwood","4640013","83","83","Mike McKee","","","Option 1","","03/31/2035","Navigate Affordable Housing Partners","","","","","","12/01/2030","04/01/2031","OCAF",""
"Riverwoods Apartments","79621","125","125","Claire Beatty","","","Option 2","","12/31/2043","CGI","","","","","","12/01/2030","04/01/2031","OCAF",""
"Roosevelt Apartments","90020","114","113","Matt Kim","","","Option 3","","03/31/2026","CGI","","","","","","","04/01/2031","OCAF",""
"Southern Hills/Orlando","75834","212","212","Claire Beatty","","","Option 1","","03/31/2042","National Housing Compliance","","","","","","12/01/2030","04/01/2031","OCAF",""
"Spring Creek","75828","137","137","Matt Kim","","","Option 1","","03/31/2041","National Housing Compliance","","","","","10/01/2030","12/01/2030","04/01/2031","RCS",""
"St. James Residences","9200045","148","148","Elliot Kohanbash","","","Option 1","","04/01/2045","North Tampa Housing Development Corporation","","","","","","12/01/2030","04/01/2031","OCAF",""
"Brook","90023","98","97","Elliot Kohanbash","","","Option 3","","03/31/2031","CGI","","","","","10/01/2030","12/01/2030","04/01/2031","EXPIRES",""
"Hazelwood Towers","75146","97","95","Claire Beatty","","","Option 3","","04/14/2025","Pennsylvania Housing Finance Agency","","","","","","12/15/2030","04/15/2031","OCAF",""
"North Park","75478","123","123","Matt Kim","","","Option 1","","04/18/2031","CGI","","","","","10/19/2030","12/19/2030","04/19/2031","EXPIRES",""
"Malcolm Towers","90044","226","225","Elliot Kohanbash","","","Option 2","","04/30/2040","NJHMFA","","","","","","12/28/2030","04/28/2031","OCAF",""
"Arvada House","79619","88","88","Tolga Ayberk","","","Option 1","","04/30/2043","Colorado Housing and Finance Authority","","","","","","01/01/2031","05/01/2031","OCAF",""
"Crossroads of New Brighton","75947","172","172","Mike McKee","","","Option 1","","04/30/2036","Minn Housing","","","","","11/01/2030","01/01/2031","05/01/2031","RCS",""
"Crossroads of Shoreview","75948","44","44","Mike McKee","","","Option 2","","04/30/2036","Minn Housing","","","","","11/01/2030","01/01/2031","05/01/2031","RCS",""
"Darby Townhouses","90056","172","168","Claire Beatty","","","Option 2","","12/31/2032","Pennsylvania Housing Finance Agency","","","","","","02/01/2031","05/01/2031","OCAF",""
"Hacienda Del Rio","90120","146","146","Tolga Ayberk","","","Option 1","","05/01/2044","Arizona Department of Housing","","","","","","01/01/2031","05/01/2031","OCAF",""
"Park Bluff","75951","186","185","Mike McKee","","","Option 1","","03/31/2035","Wisconsin Housing & Economic Development Authority","","","","","","01/01/2031","05/01/2031","OCAF",""
"Pineview at Grogran's Mill","79606","300","300","Tolga Ayberk","","","Option 1","","04/30/2041","SWHCC","","","","","11/01/2030","01/01/2031","05/01/2031","RCS",""
"Poplar Grove","90117","130","128","Mike McKee","","","Option 1","","04/30/2044","North Carolina Housing Finance Agency","","","","","","01/01/2031","05/01/2031","OCAF",""
"Ridgewood at Panther Creek","79607","300","300","Tolga Ayberk","","","Option 1","","04/30/2041","SWHCC","","","","","11/01/2030","01/01/2031","05/01/2031","RCS",""
"Shiloh Village","75572","168","168","Tolga Ayberk","","","Option 1","","05/01/2041","SWHCC","","","","","11/01/2030","01/01/2031","05/01/2031","RCS",""
"Shoreline Plaza Apartments","79604","230","187","Mike McKee","","","Option 1","","04/30/2041","Minnesota Housing Finance Agency","","","","","11/01/2030","01/01/2031","05/01/2031","RCS",""
"Sumler Terrace","4640014","126","126","Elliot Kohanbash","","","Option 1","","04/30/2037","Virginia Housing Development Authority","","","","","","01/01/2031","05/01/2031","OCAF",""
"Trees - Willow","90107","63","63","Claire Beatty","","","Option 1","","04/30/2040","Colorado Housing and Finance Authority","","","","","","02/01/2031","05/01/2031","OCAF",""
"Woodman West","90112","197","196","Elliot Kohanbash","","","Option 1","","03/31/2044","Navigate Affordable Housing Partners","","","","","","02/01/2031","05/01/2031","OCAF",""
"Fairview Homes","75920","136","135","Elliot Kohanbash","","","Option 2","","05/07/2035","NJHMFA","","","","","","01/07/2031","05/07/2031","OCAF",""
"Hershey Plaza","75587","216","215","Claire Beatty","","","Option 1","","05/31/2037","Pennsylvania Housing Finance Agency","","","","","","02/28/2031","05/31/2031","OCAF",""
"Bannock Arms","90051","66","66","Tolga Ayberk","","","Option 1","","05/31/2039","Idaho Housing and Finance Association","","","","","","02/01/2031","06/01/2031","OCAF",""
"Branford Manor","75930","442","441","Mike McKee","","","Option 1","","06/01/2037","Navigate Affordable Housing Partners","","","","","","02/01/2031","06/01/2031","OCAF",""
"Country Club Heights","79612","200","120","Claire Beatty","","","RAD","","04/01/2041","Quincy PHA","","","","","","02/01/2031","06/01/2031","OCAF",""
"Crossroads of Edina","75946","64","26","Mike McKee","","","Option 2","","05/31/2036","Minn Housing","","","","","12/01/2030","02/01/2031","06/01/2031","RCS",""
"HDR Fund","90080","125","125","Tolga Ayberk","","","Option 2","","05/31/2031","LA LOMOD","","","","","","02/01/2031","06/01/2031","EXPIRES",""
"Hopkins Village","79623","165","164","Matt Kim","","","Option 1","","06/01/2045","MDHCD","","","","","","02/01/2031","06/01/2031","OCAF",""
"Lake Worth Towers","90110","195","195","Elliot Kohanbash","","","PBV","","05/09/2043","Palm Beach County Housing Authority","","","","","","03/01/2031","06/01/2031","Request",""
"Northgate Terrace","75919","201","155","Tolga Ayberk","","","Option 2","","05/31/2035","CAHI","","","","","","02/01/2031","06/01/2031","OCAF",""
"Oaks on Clark","79602","80","80","Tolga Ayberk","","","Option 2","","05/31/2040","SWHCC","","","","","","02/01/2031","06/01/2031","OCAF",""
"Parkside Houses","90017","180","122","Matt Kim","","","RAD","","05/31/2036","HUD","","","","","","02/01/2031","06/01/2031","OCAF",""
"River Trails","79614","220","215","Tolga Ayberk","","","Option 2","","05/31/2042","SWHCC","","","","","","04/01/2031","06/01/2031","OCAF",""
"South Bay Villa","79608","80","80","Tolga Ayberk","","","Option 1","","05/27/2041","LA LOMOD","","","","","12/01/2030","02/01/2031","06/01/2031","RCS",""
"Walnut Hill","75420","180","","Matt Kim","","","PBV","","","N/A","","","","","","02/01/2031","06/01/2031","Request",""
"Oceanport Gardens","75563","101","100","Elliot Kohanbash","","","Option 1","","06/27/2039","NJHMFA","","","","","","02/28/2031","06/28/2031","OCAF",""
"Marine Terrace","75922","497","441","Mike McKee","","","Option 1","","06/29/2036","CGI","","","","","12/30/2030","03/01/2031","06/30/2031","RCS",""
"Parkway Gardens","75479","694","694","Matt Kim","","","Option 2","","06/20/2031","National Housing Compliance","","","","","","02/28/2031","06/30/2031","EXPIRES",""
"PJ Housing","75481","51","50","Matt Kim","","","Option 2","","06/29/2031","CGI","","","","","12/30/2030","03/01/2031","06/30/2031","EXPIRES",""
"333 Holly","75704","332","139","Tolga Ayberk","","","Option 1","","06/30/2040","SWHCC","","","","","","03/01/2031","07/01/2031","OCAF",""
"Butternut Creek","79617","100","198","Mike McKee","","","Option 2","","06/30/2043","MSHDA","","","","","","03/01/2031","07/01/2031","OCAF",""
"Campbell Terrace","75547","249","249","Claire Beatty","","","Option 1","","06/30/2039","National Housing Compliance","","","","","","03/01/2031","07/01/2031","OCAF",""
"Crossroads of East Ravenswood","75936","124","124","Claire Beatty","","","Option 1","","06/30/2036","National Housing Compliance","","","","","01/01/2031","03/01/2031","07/01/2031","RCS",""
"Greenport","75468","366","364","Elliot Kohanbash","","","Option 1","","01/31/2029","CGI","","","","","","03/01/2031","07/01/2031","RCS",""
"Ingram Square","79193","120","120","Tolga Ayberk","","","Option 3","","06/30/2031","HUD (HAP)","","","","","","02/01/2031","07/01/2031","EXPIRES",""
"Morningside Court","75573","171","171","Claire Beatty","","","Option 1","","06/30/2041","National Housing Compliance","","","","","01/01/2031","03/01/2031","07/01/2031","RCS",""
"Northgate Village","75542","168","168","Tolga Ayberk","","","Option 1","","06/30/2039","SWHA","","","","","","03/01/2031","07/01/2031","OCAF",""
"Nottingham Towers","90113","165","156","Mike McKee","","","Option 1","","05/31/2044","Navigate Affordable Housing Partners","","","","","","03/01/2031","07/01/2031","OCAF",""
"Oakhaven","90090","35","35","Tolga Ayberk","","","Option 2","","06/30/2033","Idaho Housing and Finance Association","","","","","","03/01/2031","07/01/2031","OCAF",""
"Rose Tower","90097","168","120","Mike McKee","","","Option 2","","07/01/2034","Kentucky Housing Corporation","","","","","","04/01/2031","07/01/2031","OCAF",""
"Shoreview Apartments","79627","156","156","Tolga Ayberk","","","Option 1","","07/01/2044","CAHI","","","","","","03/01/2031","07/01/2031","OCAF",""
"State Street","75929","51","51","Mike McKee","","","Option 5","","06/30/2036","Wisconsin Housing & Economic Development Authority","","","","","","03/01/2031","07/01/2031","Request",""
"Terrific Tenements","75475","88","88","Elliot Kohanbash","","","Option 1","","07/01/2045","CGI","","","","","","03/01/2031","07/01/2031","OCAF",""
"Terry Manor Apartments","79628","170","170","Tolga Ayberk","","","Option 1","","07/01/2044","LA LOMOD","","","","","","03/01/2031","07/01/2031","OCAF",""
"The Pines","75705","152","152","Tolga Ayberk","","","Option 1","","06/30/2040","SWHCC","","","","","","03/01/2031","07/01/2031","OCAF",""
"Tompkins Terrace","79622","193","61","Claire Beatty","","","PBV","","02/01/2040","City of Beacon Housing Authority","","","","","","03/01/2031","07/01/2031","Request",""
"Trees - Maple","90105","83","83","Claire Beatty","","","Option 1","","06/30/2037","Colorado Housing and Finance Authority","","","","","","04/01/2031","07/01/2031","OCAF",""
"Woodland Hills","79610","125","125","Mike McKee","","","Option 1","","06/30/2041","MSHDA","","","","","01/01/2031","03/01/2031","07/01/2031","RCS",""
"Woodland Towers","75934","104","104","Claire Beatty","","","Option 1","","06/30/2036","National Housing Compliance","","","","","01/01/2031","03/01/2031","07/01/2031","RCS",""
"Walden","75921","89","89","Elliot Kohanbash","","","Option 1","","07/14/2035","CGI","","","","","","03/15/2031","07/15/2031","OCAF",""
"All Hallows","79624","157","150","Tolga Ayberk","","","Option 1","","01/31/2026","CAHI","","","","","","04/01/2031","08/01/2031","OCAF",""
"Beacon Hill","79618","198","198","Mike McKee","","","Option 1","","07/31/2043","MSHDA","","","","","","06/01/2031","08/01/2031","OCAF",""
"Federation Plaza","90062","124","123","Elliot Kohanbash","","","Option 1","","07/31/2045","CGI","","","","","","04/01/2031","08/01/2031","OCAF",""
"Gates Mills Villa","90064","191","175","Claire Beatty","","","Option 1","","08/01/2044","Assisted Housing Services Corporation","","","","","","05/01/2031","08/01/2031","OCAF",""
"Golden Link Manor","90065","31","31","Tolga Ayberk","","","Option 4","","07/31/2036","Bremerton Housing Authority","","","","","","04/01/2031","08/01/2031","OCAF",""
"James Court","90078","50","50","Tolga Ayberk","","","Option 1","","07/31/2040","HUD","","","","","","05/01/2031","08/01/2031","OCAF",""
"La Salle","79626","145","142","Tolga Ayberk","","","Option 1","","01/31/2026","CAHI","","","","","","04/01/2031","08/01/2031","OCAF",""
"Manhattan Plaza","75425","1689","1689","Claire Beatty","","","Option 1","","07/31/2037","HPD","","","","","","04/01/2031","08/01/2031","OCAF",""
"Northpoint","79603","304","304","Claire Beatty","","","Option 1","","07/31/2040","National Housing Compliance","","","","","","04/01/2031","08/01/2031","OCAF",""
"Squire Village","90099","51","50","Tolga Ayberk","","","Option 4","","07/31/2040","Colorado Housing and Finance Authority","","","","","","04/01/2031","08/01/2031","OCAF",""
"529 West 29th Street","75345","139","139","Mike McKee","","","Option 1","","08/31/2034","CGI","","","","","","05/01/2031","09/01/2031","OCAF",""
"Augustana Homes","75499","186","180","Mike McKee","","","Option 1","","06/17/2033","Navigate Affordable Housing Partners","","","","","","06/01/2031","09/01/2031","OCAF",""
"Avon Towers","90049","125","125","Mike McKee","","","Option 1","","08/31/2044","MSHDA","","","","","","05/01/2031","09/01/2031","OCAF",""
"Bayview","79625","146","113","Tolga Ayberk","","","Option 1","","01/31/2026","CAHI","","","","","","05/01/2031","09/01/2031","OCAF",""
"Clarendon Court","75546","152","152","Claire Beatty","","","Option 1","","08/31/2038","National Housing Compliance","","","","","","05/01/2031","09/01/2031","OCAF",""
"Garden House of River Oaks II","75935","145","145","Claire Beatty","","","Option 4","","08/31/2036","HUD","","","","","","05/01/2031","09/01/2031","OCAF",""
"Garden Vista","940001","150","149","Elliot Kohanbash","","","Option 1","","08/31/2034","CGI","","","","","","05/01/2031","09/01/2031","OCAF",""
"Gates Manor","75933","51","51","Claire Beatty","","","Option 1","","08/31/2036","National Housing Compliance","","","","","03/01/2031","05/01/2031","09/01/2031","RCS",""
"Luther Towers","90111","362","362","Claire Beatty","","","SPRAC","","11/30/2043","Delaware State Housing Authority","","","","","","05/01/2031","09/01/2031","OCAF",""
"Midtown Estates","90083","88","87","Claire Beatty","","","Option 1","","08/31/2044","THDA","","","","","","06/01/2031","09/01/2031","OCAF",""
"Oaks on Lamar","75539","176","74","Tolga Ayberk","","","Option 1","","08/31/2038","SWHCC","","","","","","05/01/2031","09/01/2031","OCAF",""
"Peterson Plaza","75917","189","189","Mike McKee","","","Option 1","","08/31/2035","National Housing Compliance","","","","","","05/01/2031","09/01/2031","OCAF",""
"Plaza Apartments","90128","191","190","Claire Beatty","","","Option 1","","01/31/2037","Missouri Housing Development Commission","","","","","","06/01/2031","09/01/2031","OCAF",""
"River Run","75486","141","140","Mike McKee","","","Option 4","","04/01/2032","Navigate Affordable Housing Partners","","","","","","06/01/2031","09/01/2031","OCAF",""
"Riverside Townhomes","75540","128","128","Tolga Ayberk","","","Option 1","","08/31/2038","SWHCC","","","","","","05/01/2031","09/01/2031","OCAF",""
"Sheridan Park","75498","102","10","Matt Kim","","","Section 811","","08/31/2038","NHC","","","","","","05/01/2031","09/01/2031","Request",""
"Somers Point Apartments","75578","225","224","Elliot Kohanbash","","","Option 1","","08/31/2045","NJHMFA","","","","","","05/01/2031","09/01/2031","OCAF",""
"South Shore Apartments","7962079615","446","446","Mike McKee","","","Option 1","","06/30/2043","National Housing Compliance","","","","","","04/01/2031","09/01/2031","OCAF",""
"St. Andrews Residences","940005","177","177","Elliot Kohanbash","","","PBV","","08/31/2041","West Palm Beach Housing Authority","","","","","","05/01/2031","09/01/2031","Request",""
"The Biltmore Towers","79601","230","230","Matt Kim","","","Option 3","","08/31/2040","Assisted Housing Services Corporation","","","","","","05/01/2031","09/01/2031","OCAF",""
"The Greenhouse","90119","80","79","Matt Kim","","","","","08/31/2043","MassHousing","","","","","","06/01/2031","09/01/2031","OCAF",""
"Trees - Holly","90104","94","94","Claire Beatty","","","Option 2","","08/31/2035","Colorado Housing and Finance Authority","","","","","","06/01/2031","09/01/2031","OCAF",""
"Willow Woods","4640010","144","100","Mike McKee","","","Option 2","","08/31/2032","Navigate Affordable Housing Partners","","","","","","05/01/2031","09/01/2031","OCAF",""
"Holly House","75564","42","42","Elliot Kohanbash","","","Option 1","","09/23/2040","NJHMFA","","","","","","05/24/2031","09/24/2031","OCAF",""
"Alaska House","90045","105","105","Tolga Ayberk","","","Option 1","","09/30/2040","Bremerton Housing Authority","","","","","","06/01/2031","10/01/2031","OCAF",""
"Ashley Oaks","4640003","250","250","Matt Kim","","","RAD","","09/30/2036","HUD","","","","","","06/01/2031","10/01/2031","OCAF",""
"Brewster Mews","90016","216","215","Matt Kim","","","","","09/30/2041","HUD","","","","","04/01/2031","06/01/2031","10/01/2031","RCS",""
"Canal Lock Apartments","75139","52","51","Elliot Kohanbash","","","Option 3","","09/30/2034","CGI","","","","","","06/01/2031","10/01/2031","OCAF",""
"Charter Village","90054","250","220","Claire Beatty","","","Option 1","","09/30/2043","THDA","","","","","","06/01/2031","10/01/2031","OCAF",""
"Colonial Village","75708","66","66","Matt Kim","","","Option 1","","09/30/2041","HUD","","","","","04/01/2031","06/01/2031","10/01/2031","RCS",""
"Dawson Square","90057","36","36","Tolga Ayberk","","","Option 1","","09/30/2040","Colorado Housing and Finance Authority","","","","","","06/01/2031","10/01/2031","OCAF",""
"Ferncliff North","4640012","144","144","Claire Beatty","","","Option 1","","09/30/2034","Navigate Affordable Housing Partners","","","","","","06/01/2031","10/01/2031","OCAF",""
"Helios Station","90069","30","30","Tolga Ayberk","","","Option 1","","09/30/2040","Colorado Housing and Finance Authority","","","","","","06/01/2031","10/01/2031","OCAF",""
"Horizon Square","90074","92","92","Claire Beatty","","","Option 1","","09/30/2037","THDA","","","","","","07/01/2031","10/01/2031","OCAF",""
"Lathrop Homes IA","75545","414","151","Mike McKee","","","PBV","","09/30/2037","Chicago Housing Authority","","","","","","08/01/2031","10/01/2031","Request",""
"New Baltimore Place","79616","101","100","Mike McKee","","","Option 1","","05/31/2043","MSHDA","","","","","","06/01/2031","10/01/2031","RCS",""
"Newman Village","4640002","99","99","Mike McKee","","","RAD","","09/30/2036","HUD","","","","","","06/01/2031","10/01/2031","OCAF",""
"Northcross Townhomes","2640001","99","99","Mike McKee","","","Option 1","","09/30/2039","North Carolina Housing Finance Agency","","","","","","06/01/2031","10/01/2031","OCAF",""
"Overlook","75458","100","99","Elliot Kohanbash","","","Option 3","","09/30/2034","CGI","","","","","","06/01/2031","10/01/2031","OCAF",""
"Princeton Court Apartments","90019","304","144","Matt Kim","","","Option 1","","09/30/2041","NYS Housing Trust Fund","","","","","04/01/2031","06/01/2031","10/01/2031","RCS",""
"Tiffany Square","90102","52","52","Tolga Ayberk","","","Option 2","","09/30/2040","Colorado Housing and Finance Authority","","","","","","07/01/2031","10/01/2031","OCAF",""
"Trees - Ash","90103","53","53","Claire Beatty","","","Option 1","","09/30/2039","Colorado Housing and Finance Authority","","","","","","07/01/2031","10/01/2031","OCAF",""
"Universal City","75565","160","159","Claire Beatty","","","Option 3","","09/30/2037","National Housing Compliance","","","","","","06/01/2031","10/01/2031","OCAF",""
"Village Park","75431","200","167","Matt Kim","","","Option 5","","09/30/2037","Massachusetts Housing Finance Agency","","","","","","06/01/2031","10/01/2031","OCAF",""
"Walker Mews","75290","167","166","Matt Kim","","","Option 1","","09/30/2044","Maryland Department of Housing and Community Development","","","","","","06/01/2031","10/01/2031","OCAF",""
"Winter Garden","79609","112","112","Claire Beatty","","","Option 1","","10/21/2041","Missouri Housing Development Commission","","","","","04/01/2031","07/01/2031","10/01/2031","RCS",""
"Tyler House","90006","284","284","Mike McKee","","","Option 2","","09/30/2031","Assisted Housing Services Corporation","","","","","04/01/2031","06/01/2031","10/01/2031","EXPIRES",""
"Burt Farms II","75480","50","50","Elliot Kohanbash","","","Option 2","","07/31/2031","CGI","","","","","","06/16/2031","10/16/2031","EXPIRES",""
"Augustana Homes of Fairfield","75537","15","15","Mike McKee","","","Option 1","","11/01/2037","Navigate Affordable Housing Partners","","","","","","07/01/2031","10/31/2031","OCAF",""
"Augustana Homes of Greenwich","75535","31","31","Mike McKee","","","Option 1","","10/31/2037","Navigate Affordable Housing Partners","","","","","","07/01/2031","10/31/2031","OCAF",""
"Woodlake Apartments","75584","148","147","Elliot Kohanbash","","","Option 1","","10/31/2044","NJHMFA","","","","","","","10/31/2031","OCAF",""
"Allenhurst Apartments","90015","316","316","Matt Kim","","","RAD","","10/31/2039","HUD","","","","","","07/01/2031","11/01/2031","OCAF",""
"Alms Hill","75924","200","200","Matt Kim","","","Option 1","","10/31/2038","HUD","","","","","","07/01/2031","11/01/2031","OCAF",""
"Garden House of Park Forest","75937","145","145","Claire Beatty","","","Option 4","","10/31/2036","National Housing Compliance","","","","","","07/01/2031","11/01/2031","OCAF",""
"Harmon","75955","210","209","Matt Kim","","","Option 1","","10/31/2038","Assisted Housing Services Corporation","","","","","","07/01/2031","11/01/2031","OCAF",""
"Hostmark Village Cove","90075","120","120","Tolga Ayberk","","","Option 1","","10/31/2039","Bremerton Housing Authority","","","","","","07/01/2031","11/01/2031","OCAF",""
"Linwood Square","75953","200","200","Tolga Ayberk","","","Option 1","","10/31/2037","SWHCC","","","","","","07/01/2031","11/01/2031","OCAF",""
"Phoenix Towers","75489","158","158","Claire Beatty","","","Option 1","","10/31/2033","National Housing Compliance","","","","","","07/01/2031","11/01/2031","OCAF",""
"Riverview II","75464","343","114","Elliot Kohanbash","","","PBV","","11/15/2043","MHACY","","","","","","08/11/2031","11/01/2031","Request",""
"Stephenville Crossing","75952","86","86","Tolga Ayberk","","","Option 1","","10/31/2037","SWHCC","","","","","","07/01/2031","11/01/2031","OCAF",""
"The Magnolia","75954","65","65","Tolga Ayberk","","","Option 2","","11/01/2037","TDHCA","","","","","","07/01/2031","11/01/2031","OCAF",""
"Van Nuys","7917579173","299","299","Tolga Ayberk","","","Option 3","","","LA LOMOD","","","","","","07/01/2031","11/01/2031","OCAF",""
"Mohican","75914","146","146","Mike McKee","","","Option 4","","11/17/2034","Connecticut Housing Finance Authority","","","","","","07/18/2031","11/18/2031","OCAF",""
"Essex-Phoenix","75497","145","144","Elliot Kohanbash","","","Option 4","","11/24/2033","NJHMFA","","","","","","07/25/2031","11/25/2031","OCAF",""
"Asbury","90047","119","119","Claire Beatty","","","Option 1","","11/30/2044","Assisted Housing Services Corporation","","","","","","09/01/2031","12/01/2031","OCAF",""
"Asbury Park","90048","44","43","Tolga Ayberk","","","Option 1","","11/30/2040","Colorado Housing and Finance Authority","","","","","","08/01/2031","12/01/2031","OCAF",""
"Day Meadows","90058","44","44","Tolga Ayberk","","","Option 4","","11/30/2031","HUD","","","","","","08/01/2031","12/01/2031","EXPIRES",""
"Elmwood Square","75570","138","6","Matt Kim","","","PBV","","11/30/2042","Buffalo Municipal Housing Authority","","","","","","08/01/2031","12/01/2031","Request",""
"Fairview Housing","90060","124","124","Claire Beatty","","","Option 1","","12/01/2044","Assisted Housing Services Corporation","","","","","","08/01/2031","12/01/2031","OCAF",""
"Highland Square","90070","152","152","Mike McKee","","","Option 1","","11/30/2036","S.C. State Housing Finance and Development Authority","","","","","06/01/2031","08/01/2031","12/01/2031","RCS",""
"John Crawford","75485","96","95","Matt Kim","","","Option 3","","11/30/2033","CGI Federal","","","","","","08/01/2031","12/01/2031","OCAF",""
"Noble Tower","75543","195","195","Tolga Ayberk","","","Option 1","","11/30/2039","HUD (HAP)","","","","","","08/01/2031","12/01/2031","OCAF",""
"Northcrest Gardens","90085","182","182","Claire Beatty","","","Option 1","","11/30/2044","Ohio Housing Finance Agency","","","","","","09/01/2031","12/01/2031","OCAF",""
"Norwalk North","90086","72","72","Claire Beatty","","","Option 1","","12/01/2044","Assisted Housing Services Corporation","","","","","","09/01/2031","12/01/2031","OCAF",""
"Oxford House","75487","156","156","Matt Kim","","","Option 2","","11/30/2031","National Housing Compliance","","","","","","08/01/2031","12/01/2031","EXPIRES",""
"Park Place","79611","242","242","Claire Beatty","","","Option 1","","10/21/2041","Missouri Housing Development Commission","","","","","06/01/2031","08/01/2031","12/01/2031","RCS",""
"Round Barn Manor","79613","156","156","Claire Beatty","","","Option 2","","11/30/2043","National Housing Compliance","","","","","","08/01/2031","12/01/2031","OCAF",""
"Trees - Pine","90106","61","61","Claire Beatty","","","Option 1","","11/30/2040","Colorado Housing and Finance Authority","","","","","","09/01/2031","12/01/2031","OCAF",""
"Walnut Hills","79174","198","197","Matt Kim","","","Option 3","","11/30/2033","Assisted Housing Services Corporation","","","","","","08/01/2031","12/01/2031","OCAF",""
"Wyandot Square","90108","62","62","Claire Beatty","","","Option 1","","03/31/2029","Assisted Housing Services Corporation","","","","","","09/01/2031","12/01/2031","OCAF",""
"Luther Towers","90111","362","362","Claire Beatty","","","SPRAC","","11/30/2043","Delaware State Housing Authority","","","","","","09/06/2031","12/06/2031","OCAF",""
"Ebony Gardens","75566","144","144","Claire Beatty","","","Option 1","","12/31/2040","CGI","","","","","","08/08/2031","12/08/2031","OCAF",""
"Chestnut Park (Skyview)","75541","489","241","Matt Kim","","","RAD 2","","12/11/2038","HUD","","","","","","08/11/2031","12/11/2031","OCAF",""
"Riverhead Village","75583","135","135","Elliot Kohanbash","","","Option 1","","12/31/2043","CGI","","","","","","08/14/2031","12/14/2031","OCAF",""
"Cherry Garden","75576","254","252","Elliot Kohanbash","","","Option 1","","12/15/2041","NJHMFA","","","","","06/16/2031","08/16/2031","12/16/2031","RCS",""
"Olde English Village","75923","200","200","Matt Kim","","","Option 3","","12/17/2035","MassHousing","","","","","","08/18/2031","12/18/2031","OCAF",""
"Westchester Park","90021","201","200","Matt Kim","","","Option 1","","12/27/2043","New York State Housing Trust Fund Corporation","","","","","","08/27/2031","12/27/2031","OCAF",""
"Albright","90046","112","112","Claire Beatty","","","Option 1","","12/31/2044","Assisted Housing Services Corporation","","","","","","10/01/2031","01/01/2032","OCAF",""
"Bastrop Oak Grove","90030","48","48","Tolga Ayberk","","","Option 4","","01/01/2039","Southwest Housing Compliance Corporation","","","","","","09/01/2031","01/01/2032","OCAF",""
"Bloomingdale Apartments","75932","111","111","Matt Kim","","","Option 1","","12/31/2043","National Housing Compliance","","","","","","09/01/2031","01/01/2032","OCAF",""
"Clinton Manor","75830","60","60","Mike McKee","","","Option 1","","12/31/2040","SC Housing","","","","","","09/01/2031","01/01/2032","OCAF",""
"Courthouse Square","90055","171","171","Tolga Ayberk","","","Option 1","","12/31/2039","Colorado Housing and Finance Authority","","","","","","09/01/2031","01/01/2032","OCAF",""
"Crevenna Oaks Apartments","667","50","50","Claire Beatty","","","Option 1","","01/01/2044","Navigate Affordable Housing Partners","","","","","","10/01/2031","01/01/2032","OCAF",""
"Faust Landmark Apartments","75532","200","200","Claire Beatty","","","RAD","","07/31/2025","Rockford Housing","","","","","","09/01/2031","01/01/2032","OCAF",""
"Fields Ertel Townhouses","75548","55","55","Matt Kim","","","Option 1","","12/31/2039","Assisted Housing Services Corporation","","","","","","09/01/2031","01/01/2032","OCAF",""
"French Apartments","75116","174","174","Mike McKee","","","Option 1","","12/31/2035","CGI","","","","","","09/01/2031","01/01/2032","OCAF",""
"Friendship Court","75831","80","80","Mike McKee","","","Option 2","","12/31/2040","SC State Housing","","","","","","09/01/2031","01/01/2032","OCAF",""
"Hoffman Homes","90073","81","81","Mike McKee","","","Option 1","","01/01/2046","North Carolina Housing Finance Agency","","","","","","09/01/2031","01/01/2032","OCAF",""
"Hondo Brian Place","90037","40","40","Tolga Ayberk","","","Option 1","","01/01/2039","Southwest Housing Compliance Corporation","","","","","","09/01/2031","01/01/2032","OCAF",""
"International House","90076","99","98","Tolga Ayberk","","","Option 1","","12/31/2037","Bremerton Housing Authority","","","","","","09/01/2031","01/01/2032","OCAF",""
"IOOF Tower","90077","28","28","Tolga Ayberk","","","Option 1","","12/31/2040","Bremerton Housing Authority","","","","","","09/01/2031","01/01/2032","OCAF",""
"Loring Towers (MA)","79181","250","140","Matt Kim","","","PBV","","12/31/2042","CTI","","","","","","09/01/2031","01/01/2032","Request",""
"Luther Towers","90111","362","362","Claire Beatty","","","SPRAC","","11/30/2043","Delaware State Housing Authority","","","","","","10/01/2032","01/01/2032","Request",""
"Mad River Manor","90082","74","74","Claire Beatty","","","Option 1","","12/31/2044","Assisted Housing Services Corporation","","","","","","10/01/2032","01/01/2032","OCAF",""
"Newberry Arms","75832","60","60","Mike McKee","","","Option 1","","12/31/2040","SC State Housing","","","","","","09/01/2031","01/01/2032","OCAF",""
"Oaks on North Plaza","75544","62","62","Tolga Ayberk","","","Option 1","","12/31/2039","SWHCC","","","","","","09/01/2031","01/01/2032","OCAF",""
"Orangeburg Manor","90091","100","100","Mike McKee","","","Option 3","","12/27/2031","S.C. State Housing Finance and Development Authority","","","","","07/01/2031","09/01/2031","01/01/2032","EXPIRES",""
"Pinewood Gardens","90092","80","80","Claire Beatty","","","Option 2","","12/31/2044","Assisted Housing Services Corporation","","","","","","10/01/2031","01/01/2032","OCAF",""
"Riverview Bend","90096","94","94","Claire Beatty","","","Option 1","","12/31/2044","Missouri Housing Development Commission","","","","","","09/01/2031","01/01/2032","OCAF",""
"Shawnee Village","75901","120","120","Matt Kim","","","Option 1","","12/31/2033","Illinois Housing Development Authority","","","","","","09/01/2031","01/01/2032","OCAF",""
"Summit Oaks Apartments","670","50","50","Claire Beatty","","","Option 1","","01/01/2044","Navigate Affordable Housing Partners","","","","","","10/01/2031","01/01/2032","OCAF",""
"Sycamore Ridge","75912","304","304","Elliot Kohanbash","","","Option 4","","01/01/2033","NJHMFA","","","","","","09/01/2031","01/01/2032","OCAF",""
"Tamarack","90100","100","100","Mike McKee","","","Option 1","","12/31/2046","MSHDA","","","","","","08/01/2031","01/01/2032","OCAF",""
"Westminster Village","75483","432","400","Matt Kim","","","Option 5","","12/31/2043","Massachusetts Housing Finance Agency","","","","","","09/01/2031","01/01/2032","OCAF",""
"Hill Country Villas","HCV1","51","51","Tolga Ayberk","","","Option 1","","02/01/2034","HUD","","","","","07/01/2031","08/01/2031","01/01/2032","RCS",""
"Treemont Village","4640008","60","60","Elliot Kohanbash","","","Option 2","","01/01/2033","HUD","","","","","","09/02/2031","01/02/2032","OCAF",""
"Halcyon House","90067","197","197","Tolga Ayberk","","","Option 1","","01/03/2036","Colorado Housing and Finance Authority","","","","","","09/04/2031","01/04/2032","OCAF",""
"Arlington Park","90022","130","130","Matt Kim","","","Option 1","","01/31/2037","Massachusetts Housing Finance Agency","","","","","07/10/2031","09/10/2031","01/10/2032","RCS",""
"Washington Heights","75925","404","366","Matt Kim","","","Option 5","","01/30/2036","Massachusetts Housing Finance Agency","","","","","","09/15/2031","01/15/2032","OCAF",""
"Van Buren Park Apartments","75931","300","299","Matt Kim","","","Option 1","","01/31/2044","National Housing Compliance","","","","","","09/17/2031","01/17/2032","OCAF",""
"Fullerton Court","75918","196","195","Matt Kim","","","Option 1","","01/25/2034","National Housing Compliance","","","","","","09/26/2031","01/26/2032","OCAF",""
"Circle Park Apartments","75833","418","239","Claire Beatty","","","Original","","01/31/2041","National Housing Compliance","","","","","","10/01/2031","02/01/2032","OCAF",""
"Clifford House","75577","101","100","Mike McKee","","","Option 1","","08/31/2042","Navigate Affordable Housing Partners","","","","","","11/01/2031","02/01/2032","OCAF",""
"Creekwood Apartments","75903","104","104","Matt Kim","","","Option 1","","01/31/2034","National Housing Compliance","","","","","","10/01/2031","02/01/2032","OCAF",""
"Fairview Gardens","90059","160","160","Mike McKee","","","Option 1","","01/31/2038","S.C. State Housing Finance and Development Authority","","","","","","10/01/2031","02/01/2032","OCAF",""
"Ferncliff South","4640005","84","84","Claire Beatty","","","Option 2","","01/31/2038","Navigate Affordable Housing Partners","","","","","","10/01/2031","02/01/2032","OCAF",""
"Sandburg Village","75902","128","128","Matt Kim","","","Option 4","","02/01/2034","National Housing Compliance","","","","","","10/01/2031","02/01/2032","OCAF",""
"The Woods","75491","57","57","Matt Kim","","","Option 2","","01/31/2034","National Housing Compliance","","","","","","10/01/2031","02/01/2032","OCAF",""
"Market Square","75568","76","75","Mike McKee","","","Option 1","","02/03/2041","Navigate Affordable Housing Partners","","","","","","10/04/2031","02/04/2032","OCAF",""
"Alpha Towers","90114","165","165","Claire Beatty","","","Option 1","","02/28/2044","Assisted Housing Services Corporation","","","","","","12/01/2031","03/01/2032","OCAF",""
"Country Village","75904","104","104","Matt Kim","","","Option 1","","02/29/2036","National Housing Compliance","","","","","","11/01/2031","03/01/2032","OCAF",""
"Towns at River South","90109","161","75","Claire Beatty","","","RAD","","02/28/2043","Richmond Redevelopment and Housing Authority","","","","","","12/01/2031","03/01/2032","OCAF",""
"Armory Plaza","75582","52","52","Claire Beatty","","","Option 1","","03/20/2044","New York State Housing Trust Fund Corporation","","","","","","11/22/2031","03/22/2032","OCAF",""
"Barnum House","75569","84","83","Mike McKee","","","Option 1","","03/31/2041","Navigate Affordable Housing Partners","","","","","","12/01/2031","04/01/2032","OCAF",""
"Bella Vista","79605","100","100","Tolga Ayberk","","","Option 1","","03/31/2041","Southwest Housing Compliance Corporation","","","","","","01/01/2032","04/01/2032","OCAF",""
"Chelsea Square Apartments","82113","","","","","","","","","","","","","","","02/01/2032","04/01/2032","OCAF",""
"Mapleview Towers","75567","101","100","Mike McKee","","","Option 1","","03/31/2041","Navigate Affordable Housing Partners","","","","","","12/01/2031","04/01/2032","OCAF",""
"Marshall Field","75911","628","628","Matt Kim","","","Option 1","","04/30/2035","National Housing Compliance","","","","","","12/01/2031","04/01/2032","OCAF",""
"Montgomery Gateway","90024","190","189","Elliot Kohanbash","","","Option 1","","03/31/2045","NJHMFA","","","","","","12/01/2031","04/01/2032","OCAF",""
"Montview Heights","90084","50","50","Tolga Ayberk","","","Option 1","","03/31/2040","Colorado Housing and Finance Authority","","","","","","12/01/2031","04/01/2032","OCAF",""
"MORH Housing","75927","126","125","Tolga Ayberk","","","Original","","03/31/2036","CAHI","","","","","","12/01/2031","04/01/2032","OCAF",""
"Oak Center","75926","77","77","Tolga Ayberk","","","Option 1","","03/31/2036","CAHI","","","","","","12/01/2031","04/01/2032","OCAF",""
"Park Club Apartments","75835","56","55","Mike McKee","","","Option 1","","03/31/2042","Wisconsin Housing & Economic Development Authority","","","","","10/01/2031","01/01/2032","04/01/2032","RCS",""
"Riverwood","4640013","83","83","Mike McKee","","","Option 1","","03/31/2035","Navigate Affordable Housing Partners","","","","","","12/01/2031","04/01/2032","OCAF",""
"Riverwoods Apartments","79621","125","125","Claire Beatty","","","Option 2","","12/31/2043","CGI","","","","","","12/01/2031","04/01/2032","OCAF",""
"Roosevelt Apartments","90020","114","113","Matt Kim","","","Option 3","","03/31/2026","CGI","","","","","","","04/01/2032","OCAF",""
"Southern Hills/Orlando","75834","212","212","Claire Beatty","","","Option 1","","03/31/2042","National Housing Compliance","","","","","","12/01/2031","04/01/2032","OCAF",""
"Spring Creek","75828","137","137","Matt Kim","","","Option 1","","03/31/2041","National Housing Compliance","","","","","","12/01/2031","04/01/2032","OCAF",""
"St. James Residences","9200045","148","148","Elliot Kohanbash","","","Option 1","","04/01/2045","North Tampa Housing Development Corporation","","","","","","12/01/2031","04/01/2032","OCAF",""
"Hazelwood Towers","75146","97","95","Claire Beatty","","","Option 3","","04/14/2025","Pennsylvania Housing Finance Agency","","","","","","12/15/2031","04/15/2032","OCAF",""
"Malcolm Towers","90044","226","225","Elliot Kohanbash","","","Option 2","","04/30/2040","NJHMFA","","","","","","12/28/2031","04/28/2032","OCAF",""
"Arvada House","79619","88","88","Tolga Ayberk","","","Option 1","","04/30/2043","Colorado Housing and Finance Authority","","","","","","01/01/2032","05/01/2032","OCAF",""
"Crossroads of New Brighton","75947","172","172","Mike McKee","","","Option 1","","04/30/2036","Minn Housing","","","","","","01/01/2032","05/01/2032","OCAF",""
"Crossroads of Shoreview","75948","44","44","Mike McKee","","","Option 2","","04/30/2036","Minn Housing","","","","","","01/01/2032","05/01/2032","OCAF",""
"Darby Townhouses","90056","172","168","Claire Beatty","","","Option 2","","12/31/2032","Pennsylvania Housing Finance Agency","","","","","","02/01/2032","05/01/2032","OCAF",""
"Hacienda Del Rio","90120","146","146","Tolga Ayberk","","","Option 1","","05/01/2044","Arizona Department of Housing","","","","","","01/01/2032","05/01/2032","OCAF",""
"Park Bluff","75951","186","185","Mike McKee","","","Option 1","","03/31/2035","Wisconsin Housing & Economic Development Authority","","","","","","01/01/2032","05/01/2032","OCAF",""
"Pineview at Grogran's Mill","79606","300","300","Tolga Ayberk","","","Option 1","","04/30/2041","SWHCC","","","","","","01/01/2032","05/01/2032","OCAF",""
"Poplar Grove","90117","130","128","Mike McKee","","","Option 1","","04/30/2044","North Carolina Housing Finance Agency","","","","","","01/01/2032","05/01/2032","OCAF",""
"Ridgewood at Panther Creek","79607","300","300","Tolga Ayberk","","","Option 1","","04/30/2041","SWHCC","","","","","","01/01/2032","05/01/2032","OCAF",""
"Shiloh Village","75572","168","168","Tolga Ayberk","","","Option 1","","05/01/2041","SWHCC","","","","","","01/01/2032","05/01/2032","OCAF",""
"Shoreline Plaza Apartments","79604","230","187","Mike McKee","","","Option 1","","04/30/2041","Minnesota Housing Finance Agency","","","","","","01/01/2032","05/01/2032","OCAF",""
"Sumler Terrace","4640014","126","126","Elliot Kohanbash","","","Option 1","","04/30/2037","Virginia Housing Development Authority","","","","","11/01/2031","01/01/2032","05/01/2032","RCS",""
"Trees - Willow","90107","63","63","Claire Beatty","","","Option 1","","04/30/2040","Colorado Housing and Finance Authority","","","","","","02/01/2032","05/01/2032","OCAF",""
"Woodman West","90112","197","196","Elliot Kohanbash","","","Option 1","","03/31/2044","Navigate Affordable Housing Partners","","","","","","02/01/2032","05/01/2032","OCAF",""
"Fairview Homes","75920","136","135","Elliot Kohanbash","","","Option 2","","05/07/2035","NJHMFA","","","","","","01/07/2032","05/07/2032","OCAF",""
"Hershey Plaza","75587","216","215","Claire Beatty","","","Option 1","","05/31/2037","Pennsylvania Housing Finance Agency","","","","","05/31/2032","02/28/2032","05/31/2032","RCS",""
"Bannock Arms","90051","66","66","Tolga Ayberk","","","Option 1","","05/31/2039","Idaho Housing and Finance Association","","","","","","02/01/2032","06/01/2032","OCAF",""
"Branford Manor","75930","442","441","Mike McKee","","","Option 1","","06/01/2037","Navigate Affordable Housing Partners","","","","","12/01/2031","02/01/2032","06/01/2032","RCS",""
"Country Club Heights","79612","200","120","Claire Beatty","","","RAD","","04/01/2041","Quincy PHA","","","","","","02/01/2032","06/01/2032","OCAF",""
"Crossroads of Edina","75946","64","26","Mike McKee","","","Option 2","","05/31/2036","Minn Housing","","","","","","02/01/2032","06/01/2032","OCAF",""
"Hopkins Village","79623","165","164","Matt Kim","","","Option 1","","06/01/2045","MDHCD","","","","","","02/01/2032","06/01/2032","OCAF",""
"Lake Worth Towers","90110","195","195","Elliot Kohanbash","","","PBV","","05/09/2043","Palm Beach County Housing Authority","","","","","","03/01/2032","06/01/2032","Request",""
"Northgate Terrace","75919","201","155","Tolga Ayberk","","","Option 2","","05/31/2035","CAHI","","","","","","02/01/2032","06/01/2032","OCAF",""
"Oaks on Clark","79602","80","80","Tolga Ayberk","","","Option 2","","05/31/2040","SWHCC","","","","","","02/01/2032","06/01/2032","OCAF",""
"Parkside Houses","90017","180","122","Matt Kim","","","RAD","","05/31/2036","HUD","","","","","","02/01/2032","06/01/2032","OCAF",""
"River Trails","79614","220","215","Tolga Ayberk","","","Option 2","","05/31/2042","SWHCC","","","","","","04/01/2032","06/01/2032","OCAF",""
"South Bay Villa","79608","80","80","Tolga Ayberk","","","Option 1","","05/27/2041","LA LOMOD","","","","","","02/01/2032","06/01/2032","OCAF",""
"Walnut Hill","75420","180","","Matt Kim","","","PBV","","","N/A","","","","","","02/01/2032","06/01/2032","Request",""
"Oceanport Gardens","75563","101","100","Elliot Kohanbash","","","Option 1","","06/27/2039","NJHMFA","","","","","","02/28/2032","06/28/2032","OCAF",""
"Marine Terrace","75922","497","441","Mike McKee","","","Option 1","","06/29/2036","CGI","","","","","","03/01/2032","06/30/2032","OCAF",""
"333 Holly","75704","332","139","Tolga Ayberk","","","Option 1","","06/30/2040","SWHCC","","","","","","03/01/2032","07/01/2032","OCAF",""
"Butternut Creek","79617","100","198","Mike McKee","","","Option 2","","06/30/2043","MSHDA","","","","","","03/01/2032","07/01/2032","OCAF",""
"Campbell Terrace","75547","249","249","Claire Beatty","","","Option 1","","06/30/2039","National Housing Compliance","","","","","","03/01/2032","07/01/2032","OCAF",""
"Crossroads of East Ravenswood","75936","124","124","Claire Beatty","","","Option 1","","06/30/2036","National Housing Compliance","","","","","","03/01/2032","07/01/2032","OCAF",""
"Greenport","75468","366","364","Elliot Kohanbash","","","Option 1","","01/31/2029","CGI","","","","","","03/01/2032","07/01/2032","OCAF",""
"Morningside Court","75573","171","171","Claire Beatty","","","Option 1","","06/30/2041","National Housing Compliance","","","","","","03/01/2032","07/01/2032","OCAF",""
"Northgate Village","75542","168","168","Tolga Ayberk","","","Option 1","","06/30/2039","SWHA","","","","","","03/01/2032","07/01/2032","OCAF",""
"Nottingham Towers","90113","165","156","Mike McKee","","","Option 1","","05/31/2044","Navigate Affordable Housing Partners","","","","","","03/01/2032","07/01/2032","OCAF",""
"Oakhaven","90090","35","35","Tolga Ayberk","","","Option 2","","06/30/2033","Idaho Housing and Finance Association","","","","","","03/01/2032","07/01/2032","OCAF",""
"Rose Tower","90097","168","120","Mike McKee","","","Option 2","","07/01/2034","Kentucky Housing Corporation","","","","","","04/01/2032","07/01/2032","OCAF",""
"Shoreview Apartments","79627","156","156","Tolga Ayberk","","","Option 1","","07/01/2044","CAHI","","","","","","03/01/2032","07/01/2032","OCAF",""
"State Street","75929","51","51","Mike McKee","","","Option 5","","06/30/2036","Wisconsin Housing & Economic Development Authority","","","","","","03/01/2032","07/01/2032","Request",""
"Terrific Tenements","75475","88","88","Elliot Kohanbash","","","Option 1","","07/01/2045","CGI","","","","","","03/01/2032","07/01/2032","OCAF",""
"Terry Manor Apartments","79628","170","170","Tolga Ayberk","","","Option 1","","07/01/2044","LA LOMOD","","","","","","03/01/2032","07/01/2032","OCAF",""
"The Pines","75705","152","152","Tolga Ayberk","","","Option 1","","06/30/2040","SWHCC","","","","","","03/01/2032","07/01/2032","OCAF",""
"Tompkins Terrace","79622","193","61","Claire Beatty","","","PBV","","02/01/2040","City of Beacon Housing Authority","","","","","","03/01/2032","07/01/2032","Request",""
"Trees - Maple","90105","83","83","Claire Beatty","","","Option 1","","06/30/2037","Colorado Housing and Finance Authority","","","","","01/01/2032","04/01/2032","07/01/2032","RCS",""
"Woodland Hills","79610","125","125","Mike McKee","","","Option 1","","06/30/2041","MSHDA","","","","","","03/01/2032","07/01/2032","OCAF",""
"Woodland Towers","75934","104","104","Claire Beatty","","","Option 1","","06/30/2036","National Housing Compliance","","","","","","03/01/2032","07/01/2032","OCAF",""
"Walden","75921","89","89","Elliot Kohanbash","","","Option 1","","07/14/2035","CGI","","","","","","03/15/2032","07/15/2032","OCAF",""
"All Hallows","79624","157","150","Tolga Ayberk","","","Option 1","","01/31/2026","CAHI","","","","","","04/01/2032","08/01/2032","OCAF",""
"Beacon Hill","79618","198","198","Mike McKee","","","Option 1","","07/31/2043","MSHDA","","","","","","06/01/2032","08/01/2032","OCAF",""
"Federation Plaza","90062","124","123","Elliot Kohanbash","","","Option 1","","07/31/2045","CGI","","","","","","04/01/2032","08/01/2032","OCAF",""
"Gates Mills Villa","90064","191","175","Claire Beatty","","","Option 1","","08/01/2044","Assisted Housing Services Corporation","","","","","","05/01/2032","08/01/2032","OCAF",""
"Golden Link Manor","90065","31","31","Tolga Ayberk","","","Option 4","","07/31/2036","Bremerton Housing Authority","","","","","","04/01/2032","08/01/2032","OCAF",""
"James Court","90078","50","50","Tolga Ayberk","","","Option 1","","07/31/2040","HUD","","","","","","05/01/2032","08/01/2032","OCAF",""
"La Salle","79626","145","142","Tolga Ayberk","","","Option 1","","01/31/2026","CAHI","","","","","","04/01/2032","08/01/2032","OCAF",""
"Manhattan Plaza","75425","1689","1689","Claire Beatty","","","Option 1","","07/31/2037","HPD","","","","","02/01/2032","04/01/2032","08/01/2032","RCS",""
"Northpoint","79603","304","304","Claire Beatty","","","Option 1","","07/31/2040","National Housing Compliance","","","","","","04/01/2032","08/01/2032","OCAF",""
"Squire Village","90099","51","50","Tolga Ayberk","","","Option 4","","07/31/2040","Colorado Housing and Finance Authority","","","","","","04/01/2032","08/01/2032","OCAF",""
"529 West 29th Street","75345","139","139","Mike McKee","","","Option 1","","08/31/2034","CGI","","","","","","05/01/2032","09/01/2032","OCAF",""
"Augustana Homes","75499","186","180","Mike McKee","","","Option 1","","06/17/2033","Navigate Affordable Housing Partners","","","","","","06/01/2032","09/01/2032","OCAF",""
"Avon Towers","90049","125","125","Mike McKee","","","Option 1","","08/31/2044","MSHDA","","","","","","05/01/2032","09/01/2032","OCAF",""
"Bayview","79625","146","113","Tolga Ayberk","","","Option 1","","01/31/2026","CAHI","","","","","","05/01/2032","09/01/2032","OCAF",""
"Clarendon Court","75546","152","152","Claire Beatty","","","Option 1","","08/31/2038","National Housing Compliance","","","","","","05/01/2032","09/01/2032","OCAF",""
"Garden House of River Oaks II","75935","145","145","Claire Beatty","","","Option 4","","08/31/2036","HUD","","","","","","05/01/2032","09/01/2032","OCAF",""
"Garden Vista","940001","150","149","Elliot Kohanbash","","","Option 1","","08/31/2034","CGI","","","","","","05/01/2032","09/01/2032","OCAF",""
"Gates Manor","75933","51","51","Claire Beatty","","","Option 1","","08/31/2036","National Housing Compliance","","","","","","05/01/2032","09/01/2032","OCAF",""
"Luther Towers","90111","362","362","Claire Beatty","","","SPRAC","","11/30/2043","Delaware State Housing Authority","","","","","","05/01/2032","09/01/2032","OCAF",""
"Midtown Estates","90083","88","87","Claire Beatty","","","Option 1","","08/31/2044","THDA","","","","","","06/01/2032","09/01/2032","OCAF",""
"Oaks on Lamar","75539","176","74","Tolga Ayberk","","","Option 1","","08/31/2038","SWHCC","","","","","","05/01/2032","09/01/2032","OCAF",""
"Peterson Plaza","75917","189","189","Mike McKee","","","Option 1","","08/31/2035","National Housing Compliance","","","","","","05/01/2032","09/01/2032","OCAF",""
"Plaza Apartments","90128","191","190","Claire Beatty","","","Option 1","","01/31/2037","Missouri Housing Development Commission","","","","","","06/01/2032","09/01/2032","OCAF",""
"River Run","75486","141","140","Mike McKee","","","Option 4","","04/01/2032","Navigate Affordable Housing Partners","","","","","","06/01/2032","09/01/2032","OCAF",""
"Riverside Townhomes","75540","128","128","Tolga Ayberk","","","Option 1","","08/31/2038","SWHCC","","","","","","05/01/2032","09/01/2032","OCAF",""
"Sheridan Park","75498","102","10","Matt Kim","","","Section 811","","08/31/2038","NHC","","","","","","05/01/2032","09/01/2032","Request",""
"Somers Point Apartments","75578","225","224","Elliot Kohanbash","","","Option 1","","08/31/2045","NJHMFA","","","","","","05/01/2032","09/01/2032","OCAF",""
"South Shore Apartments","7962079615","446","446","Mike McKee","","","Option 1","","06/30/2043","National Housing Compliance","","","","","","04/01/2032","09/01/2032","OCAF",""
"St. Andrews Residences","940005","177","177","Elliot Kohanbash","","","PBV","","08/31/2041","West Palm Beach Housing Authority","","","","","","05/01/2032","09/01/2032","Request",""
"The Biltmore Towers","79601","230","230","Matt Kim","","","Option 3","","08/31/2040","Assisted Housing Services Corporation","","","","","","05/01/2032","09/01/2032","OCAF",""
"The Greenhouse","90119","80","79","Matt Kim","","","","","08/31/2043","MassHousing","","","","","","06/01/2032","09/01/2032","OCAF",""
"Trees - Holly","90104","94","94","Claire Beatty","","","Option 2","","08/31/2035","Colorado Housing and Finance Authority","","","","","","06/01/2032","09/01/2032","OCAF",""
"Willow Woods","4640010","144","100","Mike McKee","","","Option 2","","08/31/2032","Navigate Affordable Housing Partners","","","","","03/01/2032","05/01/2032","09/01/2032","EXPIRES",""
"Holly House","75564","42","42","Elliot Kohanbash","","","Option 1","","09/23/2040","NJHMFA","","","","","","05/24/2032","09/24/2032","OCAF",""
"Alaska House","90045","105","105","Tolga Ayberk","","","Option 1","","09/30/2040","Bremerton Housing Authority","","","","","","06/01/2032","10/01/2032","OCAF",""
"Ashley Oaks","4640003","250","250","Matt Kim","","","RAD","","09/30/2036","HUD","","","","","","06/01/2032","10/01/2032","OCAF",""
"Brewster Mews","90016","216","215","Matt Kim","","","","","09/30/2041","HUD","","","","","","06/01/2032","10/01/2032","OCAF",""
"Canal Lock Apartments","75139","52","51","Elliot Kohanbash","","","Option 3","","09/30/2034","CGI","","","","","","06/01/2032","10/01/2032","OCAF",""
"Charter Village","90054","250","220","Claire Beatty","","","Option 1","","09/30/2043","THDA","","","","","","06/01/2032","10/01/2032","OCAF",""
"Colonial Village","75708","66","66","Matt Kim","","","Option 1","","09/30/2041","HUD","","","","","","06/01/2032","10/01/2032","OCAF",""
"Dawson Square","90057","36","36","Tolga Ayberk","","","Option 1","","09/30/2040","Colorado Housing and Finance Authority","","","","","","06/01/2032","10/01/2032","OCAF",""
"Ferncliff North","4640012","144","144","Claire Beatty","","","Option 1","","09/30/2034","Navigate Affordable Housing Partners","","","","","","06/01/2032","10/01/2032","OCAF",""
"Helios Station","90069","30","30","Tolga Ayberk","","","Option 1","","09/30/2040","Colorado Housing and Finance Authority","","","","","","06/01/2032","10/01/2032","OCAF",""
"Horizon Square","90074","92","92","Claire Beatty","","","Option 1","","09/30/2037","THDA","","","","","","07/01/2032","10/01/2032","OCAF",""
"Lathrop Homes IA","75545","414","151","Mike McKee","","","PBV","","09/30/2037","Chicago Housing Authority","","","","","","08/01/2032","10/01/2032","Request",""
"New Baltimore Place","79616","101","100","Mike McKee","","","Option 1","","05/31/2043","MSHDA","","","","","","06/01/2032","10/01/2032","OCAF",""
"Newman Village","4640002","99","99","Mike McKee","","","RAD","","09/30/2036","HUD","","","","","","06/01/2032","10/01/2032","OCAF",""
"Northcross Townhomes","2640001","99","99","Mike McKee","","","Option 1","","09/30/2039","North Carolina Housing Finance Agency","","","","","","06/01/2032","10/01/2032","OCAF",""
"Overlook","75458","100","99","Elliot Kohanbash","","","Option 3","","09/30/2034","CGI","","","","","","06/01/2032","10/01/2032","OCAF",""
"Princeton Court Apartments","90019","304","144","Matt Kim","","","Option 1","","09/30/2041","NYS Housing Trust Fund","","","","","","06/01/2032","10/01/2032","OCAF",""
"Tiffany Square","90102","52","52","Tolga Ayberk","","","Option 2","","09/30/2040","Colorado Housing and Finance Authority","","","","","","07/01/2032","10/01/2032","OCAF",""
"Trees - Ash","90103","53","53","Claire Beatty","","","Option 1","","09/30/2039","Colorado Housing and Finance Authority","","","","","","07/01/2032","10/01/2032","OCAF",""
"Universal City","75565","160","159","Claire Beatty","","","Option 3","","09/30/2037","National Housing Compliance","","","","","","06/01/2032","10/01/2032","OCAF",""
"Village Park","75431","200","167","Matt Kim","","","Option 5","","09/30/2037","Massachusetts Housing Finance Agency","","","","","","06/01/2032","10/01/2032","OCAF",""
"Walker Mews","75290","167","166","Matt Kim","","","Option 1","","09/30/2044","Maryland Department of Housing and Community Development","","","","","","06/01/2032","10/01/2032","OCAF",""
"Winter Garden","79609","112","112","Claire Beatty","","","Option 1","","10/21/2041","Missouri Housing Development Commission","","","","","","07/01/2032","10/01/2032","OCAF",""
"Augustana Homes of Fairfield","75537","15","15","Mike McKee","","","Option 1","","11/01/2037","Navigate Affordable Housing Partners","","","","","04/30/2032","07/01/2032","10/31/2032","RCS",""
"Augustana Homes of Greenwich","75535","31","31","Mike McKee","","","Option 1","","10/31/2037","Navigate Affordable Housing Partners","","","","","04/30/2032","07/01/2032","10/31/2032","RCS",""
"Woodlake Apartments","75584","148","147","Elliot Kohanbash","","","Option 1","","10/31/2044","NJHMFA","","","","","","","10/31/2032","OCAF",""
"Allenhurst Apartments","90015","316","316","Matt Kim","","","RAD","","10/31/2039","HUD","","","","","","07/01/2032","11/01/2032","OCAF",""
"Alms Hill","75924","200","200","Matt Kim","","","Option 1","","10/31/2038","HUD","","","","","","07/01/2032","11/01/2032","OCAF",""
"Garden House of Park Forest","75937","145","145","Claire Beatty","","","Option 4","","10/31/2036","National Housing Compliance","","","","","","07/01/2032","11/01/2032","OCAF",""
"Harmon","75955","210","209","Matt Kim","","","Option 1","","10/31/2038","Assisted Housing Services Corporation","","","","","","02/01/2032","11/01/2032","OCAF",""
"Hostmark Village Cove","90075","120","120","Tolga Ayberk","","","Option 1","","10/31/2039","Bremerton Housing Authority","","","","","","07/01/2032","11/01/2032","OCAF",""
"Linwood Square","75953","200","200","Tolga Ayberk","","","Option 1","","10/31/2037","SWHCC","","","","","05/01/2032","07/01/2032","11/01/2032","RCS",""
"Phoenix Towers","75489","158","158","Claire Beatty","","","Option 1","","10/31/2033","National Housing Compliance","","","","","05/01/2032","07/01/2032","11/01/2032","EXPIRES",""
"Riverview II","75464","343","114","Elliot Kohanbash","","","PBV","","11/15/2043","MHACY","","","","","","08/11/2032","11/01/2032","Request",""
"Stephenville Crossing","75952","86","86","Tolga Ayberk","","","Option 1","","10/31/2037","SWHCC","","","","","05/01/2032","07/01/2032","11/01/2032","RCS",""
"The Magnolia","75954","65","65","Tolga Ayberk","","","Option 2","","11/01/2037","TDHCA","","","","","05/01/2032","07/01/2032","11/01/2032","RCS",""
"Van Nuys","7917579173","299","299","Tolga Ayberk","","","Option 3","","","LA LOMOD","","","","","","07/01/2032","11/01/2032","OCAF",""
"Mohican","75914","146","146","Mike McKee","","","Option 4","","11/17/2034","Connecticut Housing Finance Authority","","","","","","07/18/2032","11/18/2032","OCAF",""
"Essex-Phoenix","75497","145","144","Elliot Kohanbash","","","Option 4","","11/24/2033","NJHMFA","","","","","","07/25/2032","11/25/2032","OCAF",""
"Asbury","90047","119","119","Claire Beatty","","","Option 1","","11/30/2044","Assisted Housing Services Corporation","","","","","","09/01/2032","12/01/2032","OCAF",""
"Asbury Park","90048","44","43","Tolga Ayberk","","","Option 1","","11/30/2040","Colorado Housing and Finance Authority","","","","","","08/01/2032","12/01/2032","OCAF",""
"Elmwood Square","75570","138","6","Matt Kim","","","PBV","","11/30/2042","Buffalo Municipal Housing Authority","","","","","","08/01/2032","12/01/2032","Request",""
"Fairview Housing","90060","124","124","Claire Beatty","","","Option 1","","12/01/2044","Assisted Housing Services Corporation","","","","","","08/01/2032","12/01/2032","OCAF",""
"Highland Square","90070","152","152","Mike McKee","","","Option 1","","11/30/2036","S.C. State Housing Finance and Development Authority","","","","","","08/01/2032","12/01/2032","OCAF",""
"John Crawford","75485","96","95","Matt Kim","","","Option 3","","11/30/2033","CGI Federal","","","","","","08/01/2032","12/01/2032","OCAF",""
"Noble Tower","75543","195","195","Tolga Ayberk","","","Option 1","","11/30/2039","HUD (HAP)","","","","","","08/01/2032","12/01/2032","OCAF",""
"Northcrest Gardens","90085","182","182","Claire Beatty","","","Option 1","","11/30/2044","Ohio Housing Finance Agency","","","","","","09/01/2032","12/01/2032","OCAF",""
"Norwalk North","90086","72","72","Claire Beatty","","","Option 1","","12/01/2044","Assisted Housing Services Corporation","","","","","","09/01/2032","12/01/2032","OCAF",""
"Park Place","79611","242","242","Claire Beatty","","","Option 1","","10/21/2041","Missouri Housing Development Commission","","","","","","08/01/2032","12/01/2032","OCAF",""
"Round Barn Manor","79613","156","156","Claire Beatty","","","Option 2","","11/30/2043","National Housing Compliance","","","","","","08/01/2032","12/01/2032","OCAF",""
"Trees - Pine","90106","61","61","Claire Beatty","","","Option 1","","11/30/2040","Colorado Housing and Finance Authority","","","","","","09/01/2032","12/01/2032","OCAF",""
"Walnut Hills","79174","198","197","Matt Kim","","","Option 3","","11/30/2033","Assisted Housing Services Corporation","","","","","","08/01/2032","12/01/2032","OCAF",""
"Wyandot Square","90108","62","62","Claire Beatty","","","Option 1","","03/31/2029","Assisted Housing Services Corporation","","","","","","09/01/2032","12/01/2032","OCAF",""
"Luther Towers","90111","362","362","Claire Beatty","","","SPRAC","","11/30/2043","Delaware State Housing Authority","","","","","","09/06/2032","12/06/2032","OCAF",""
"Ebony Gardens","75566","144","144","Claire Beatty","","","Option 1","","12/31/2040","CGI","","","","","","08/08/2032","12/08/2032","OCAF",""
"Chestnut Park (Skyview)","75541","489","241","Matt Kim","","","RAD 2","","12/11/2038","HUD","","","","","","08/11/2032","12/11/2032","OCAF",""
"Riverhead Village","75583","135","135","Elliot Kohanbash","","","Option 1","","12/31/2043","CGI","","","","","","08/14/2032","12/14/2032","OCAF",""
"Cherry Garden","75576","254","252","Elliot Kohanbash","","","Option 1","","12/15/2041","NJHMFA","","","","","","08/16/2032","12/16/2032","OCAF",""
"Olde English Village","75923","200","200","Matt Kim","","","Option 3","","12/17/2035","MassHousing","","","","","","08/18/2032","12/18/2032","OCAF",""
"Westchester Park","90021","201","200","Matt Kim","","","Option 1","","12/27/2043","New York State Housing Trust Fund Corporation","","","","","","08/27/2032","12/27/2032","OCAF",""
"Albright","90046","112","112","Claire Beatty","","","Option 1","","12/31/2044","Assisted Housing Services Corporation","","","","","","10/01/2032","01/01/2033","OCAF",""
"Bastrop Oak Grove","90030","48","48","Tolga Ayberk","","","Option 4","","01/01/2039","Southwest Housing Compliance Corporation","","","","","","09/01/2032","01/01/2033","OCAF",""
"Bloomingdale Apartments","75932","111","111","Matt Kim","","","Option 1","","12/31/2043","National Housing Compliance","","","","","","09/01/2032","01/01/2033","OCAF",""
"Clinton Manor","75830","60","60","Mike McKee","","","Option 1","","12/31/2040","SC Housing","","","","","","09/01/2032","01/01/2033","OCAF",""
"Courthouse Square","90055","171","171","Tolga Ayberk","","","Option 1","","12/31/2039","Colorado Housing and Finance Authority","","","","","","09/01/2032","01/01/2033","OCAF",""
"Crevenna Oaks Apartments","667","50","50","Claire Beatty","","","Option 1","","01/01/2044","Navigate Affordable Housing Partners","","","","","","10/01/2032","01/01/2033","OCAF",""
"Faust Landmark Apartments","75532","200","200","Claire Beatty","","","RAD","","07/31/2025","Rockford Housing","","","","","","09/01/2032","01/01/2033","OCAF",""
"Fields Ertel Townhouses","75548","55","55","Matt Kim","","","Option 1","","12/31/2039","Assisted Housing Services Corporation","","","","","","09/01/2032","01/01/2033","OCAF",""
"French Apartments","75116","174","174","Mike McKee","","","Option 1","","12/31/2035","CGI","","","","","","09/01/2032","01/01/2033","OCAF",""
"Friendship Court","75831","80","80","Mike McKee","","","Option 2","","12/31/2040","SC State Housing","","","","","","09/01/2032","01/01/2033","OCAF",""
"Hoffman Homes","90073","81","81","Mike McKee","","","Option 1","","01/01/2046","North Carolina Housing Finance Agency","","","","","","09/01/2032","01/01/2033","OCAF",""
"Hondo Brian Place","90037","40","40","Tolga Ayberk","","","Option 1","","01/01/2039","Southwest Housing Compliance Corporation","","","","","","09/01/2032","01/01/2033","OCAF",""
"International House","90076","99","98","Tolga Ayberk","","","Option 1","","12/31/2037","Bremerton Housing Authority","","","","","07/01/2032","09/01/2032","01/01/2033","RCS",""
"IOOF Tower","90077","28","28","Tolga Ayberk","","","Option 1","","12/31/2040","Bremerton Housing Authority","","","","","","09/01/2032","01/01/2033","OCAF",""
"Loring Towers (MA)","79181","250","140","Matt Kim","","","PBV","","12/31/2042","CTI","","","","","","09/01/2032","01/01/2033","Request",""
"Luther Towers","90111","362","362","Claire Beatty","","","SPRAC","","11/30/2043","Delaware State Housing Authority","","","","","","10/01/2032","01/01/2033","Request",""
"Mad River Manor","90082","74","74","Claire Beatty","","","Option 1","","12/31/2044","Assisted Housing Services Corporation","","","","","","10/01/2033","01/01/2033","OCAF",""
"Newberry Arms","75832","60","60","Mike McKee","","","Option 1","","12/31/2040","SC State Housing","","","","","","09/01/2032","01/01/2033","OCAF",""
"Oaks on North Plaza","75544","62","62","Tolga Ayberk","","","Option 1","","12/31/2039","SWHCC","","","","","","09/01/2032","01/01/2033","OCAF",""
"Pinewood Gardens","90092","80","80","Claire Beatty","","","Option 2","","12/31/2044","Assisted Housing Services Corporation","","","","","","10/01/2032","01/01/2033","OCAF",""
"Riverview Bend","90096","94","94","Claire Beatty","","","Option 1","","12/31/2044","Missouri Housing Development Commission","","","","","","09/01/2032","01/01/2033","OCAF",""
"Shawnee Village","75901","120","120","Matt Kim","","","Option 1","","12/31/2033","Illinois Housing Development Authority","","","","","","09/01/2032","01/01/2033","OCAF",""
"Summit Oaks Apartments","670","50","50","Claire Beatty","","","Option 1","","01/01/2044","Navigate Affordable Housing Partners","","","","","","10/01/2032","01/01/2033","OCAF",""
"Sycamore Ridge","75912","304","304","Elliot Kohanbash","","","Option 4","","01/01/2033","NJHMFA","","","","","07/01/2032","09/01/2032","01/01/2033","EXPIRES",""
"Tamarack","90100","100","100","Mike McKee","","","Option 1","","12/31/2046","MSHDA","","","","","","08/01/2032","01/01/2033","OCAF",""
"Westminster Village","75483","432","400","Matt Kim","","","Option 5","","12/31/2043","Massachusetts Housing Finance Agency","","","","","","09/01/2032","01/01/2033","OCAF",""
"Hill Country Villas","HCV1","51","51","Tolga Ayberk","","","Option 1","","02/01/2034","HUD","","","","","","08/01/2032","01/01/2033","OCAF",""
"Treemont Village","4640008","60","60","Elliot Kohanbash","","","Option 2","","01/01/2033","HUD","","","","","07/02/2032","09/02/2032","01/02/2033","EXPIRES",""
"Halcyon House","90067","197","197","Tolga Ayberk","","","Option 1","","01/03/2036","Colorado Housing and Finance Authority","","","","","","09/04/2032","01/04/2033","OCAF",""
"Arlington Park","90022","130","130","Matt Kim","","","Option 1","","01/31/2037","Massachusetts Housing Finance Agency","","","","","","09/10/2032","01/10/2033","OCAF",""
"Washington Heights","75925","404","366","Matt Kim","","","Option 5","","01/30/2036","Massachusetts Housing Finance Agency","","","","","","09/15/2032","01/15/2033","OCAF",""
"Van Buren Park Apartments","75931","300","299","Matt Kim","","","Option 1","","01/31/2044","National Housing Compliance","","","","","","09/17/2032","01/17/2033","OCAF",""
"Fullerton Court","75918","196","195","Matt Kim","","","Option 1","","01/25/2034","National Housing Compliance","","","","","","09/26/2032","01/26/2033","OCAF",""
"Circle Park Apartments","75833","418","239","Claire Beatty","","","Original","","01/31/2041","National Housing Compliance","","","","","","10/01/2032","02/01/2033","OCAF",""
"Clifford House","75577","101","100","Mike McKee","","","Option 1","","08/31/2042","Navigate Affordable Housing Partners","","","","","","11/01/2032","02/01/2033","OCAF",""
"Creekwood Apartments","75903","104","104","Matt Kim","","","Option 1","","01/31/2034","National Housing Compliance","","","","","","10/01/2032","02/01/2033","OCAF",""
"Fairview Gardens","90059","160","160","Mike McKee","","","Option 1","","01/31/2038","S.C. State Housing Finance and Development Authority","","","","","08/01/2032","10/01/2032","02/01/2033","RCS",""
"Ferncliff South","4640005","84","84","Claire Beatty","","","Option 2","","01/31/2038","Navigate Affordable Housing Partners","","","","","08/01/2032","10/01/2032","02/01/2033","RCS",""
"Sandburg Village","75902","128","128","Matt Kim","","","Option 4","","02/01/2034","National Housing Compliance","","","","","","10/01/2032","02/01/2033","OCAF",""
"The Woods","75491","57","57","Matt Kim","","","Option 2","","01/31/2034","National Housing Compliance","","","","","","10/01/2032","02/01/2033","OCAF",""
"Market Square","75568","76","75","Mike McKee","","","Option 1","","02/03/2041","Navigate Affordable Housing Partners","","","","","","10/04/2032","02/04/2033","OCAF",""
"Alpha Towers","90114","165","165","Claire Beatty","","","Option 1","","02/28/2044","Assisted Housing Services Corporation","","","","","","12/01/2032","03/01/2033","OCAF",""
"Country Village","75904","104","104","Matt Kim","","","Option 1","","02/29/2036","National Housing Compliance","","","","","","11/01/2032","03/01/2033","OCAF",""
"Towns at River South","90109","161","75","Claire Beatty","","","RAD","","02/28/2043","Richmond Redevelopment and Housing Authority","","","","","09/01/2032","12/01/2032","03/01/2033","RCS",""
"Armory Plaza","75582","52","52","Claire Beatty","","","Option 1","","03/20/2044","New York State Housing Trust Fund Corporation","","","","","","11/22/2032","03/22/2033","OCAF",""
"Barnum House","75569","84","83","Mike McKee","","","Option 1","","03/31/2041","Navigate Affordable Housing Partners","","","","","","12/01/2032","04/01/2033","OCAF",""
"Bella Vista","79605","100","100","Tolga Ayberk","","","Option 1","","03/31/2041","Southwest Housing Compliance Corporation","","","","","","01/01/2033","04/01/2033","OCAF",""
"Chelsea Square Apartments","82113","","","","","","","","","","","","","","","02/01/2033","04/01/2033","OCAF",""
"Mapleview Towers","75567","101","100","Mike McKee","","","Option 1","","03/31/2041","Navigate Affordable Housing Partners","","","","","","12/01/2032","04/01/2033","OCAF",""
"Marshall Field","75911","628","628","Matt Kim","","","Option 1","","04/30/2035","National Housing Compliance","","","","","","12/01/2032","04/01/2033","OCAF",""
"Montgomery Gateway","90024","190","189","Elliot Kohanbash","","","Option 1","","03/31/2045","NJHMFA","","","","","","12/01/2032","04/01/2033","OCAF",""
"Montview Heights","90084","50","50","Tolga Ayberk","","","Option 1","","03/31/2040","Colorado Housing and Finance Authority","","","","","","12/01/2032","04/01/2033","OCAF",""
"MORH Housing","75927","126","125","Tolga Ayberk","","","Original","","03/31/2036","CAHI","","","","","","12/01/2032","04/01/2033","OCAF",""
"Oak Center","75926","77","77","Tolga Ayberk","","","Option 1","","03/31/2036","CAHI","","","","","","12/01/2032","04/01/2033","OCAF",""
"Park Club Apartments","75835","56","55","Mike McKee","","","Option 1","","03/31/2042","Wisconsin Housing & Economic Development Authority","","","","","","01/01/2033","04/01/2033","OCAF",""
"Riverwood","4640013","83","83","Mike McKee","","","Option 1","","03/31/2035","Navigate Affordable Housing Partners","","","","","","12/01/2032","04/01/2033","OCAF",""
"Riverwoods Apartments","79621","125","125","Claire Beatty","","","Option 2","","12/31/2043","CGI","","","","","","12/01/2032","04/01/2033","OCAF",""
"Roosevelt Apartments","90020","114","113","Matt Kim","","","Option 3","","03/31/2026","CGI","","","","","","","04/01/2033","OCAF",""
"Southern Hills/Orlando","75834","212","212","Claire Beatty","","","Option 1","","03/31/2042","National Housing Compliance","","","","","","12/01/2032","04/01/2033","OCAF",""
"Spring Creek","75828","137","137","Matt Kim","","","Option 1","","03/31/2041","National Housing Compliance","","","","","","12/01/2032","04/01/2033","OCAF",""
"St. James Residences","9200045","148","148","Elliot Kohanbash","","","Option 1","","04/01/2045","North Tampa Housing Development Corporation","","","","","","12/01/2032","04/01/2033","OCAF",""
"Hazelwood Towers","75146","97","95","Claire Beatty","","","Option 3","","04/14/2025","Pennsylvania Housing Finance Agency","","","","","","12/15/2032","04/15/2033","OCAF",""
"Malcolm Towers","90044","226","225","Elliot Kohanbash","","","Option 2","","04/30/2040","NJHMFA","","","","","","12/28/2032","04/28/2033","OCAF",""
"Arvada House","79619","88","88","Tolga Ayberk","","","Option 1","","04/30/2043","Colorado Housing and Finance Authority","","","","","11/01/2032","01/01/2033","05/01/2033","RCS",""
"Crossroads of New Brighton","75947","172","172","Mike McKee","","","Option 1","","04/30/2036","Minn Housing","","","","","","01/01/2033","05/01/2033","OCAF",""
"Crossroads of Shoreview","75948","44","44","Mike McKee","","","Option 2","","04/30/2036","Minn Housing","","","","","","01/01/2033","05/01/2033","OCAF",""
"Darby Townhouses","90056","172","168","Claire Beatty","","","Option 2","","12/31/2032","Pennsylvania Housing Finance Agency","","","","","","02/01/2033","05/01/2033","OCAF",""
"Hacienda Del Rio","90120","146","146","Tolga Ayberk","","","Option 1","","05/01/2044","Arizona Department of Housing","","","","","","01/01/2033","05/01/2033","OCAF",""
"Park Bluff","75951","186","185","Mike McKee","","","Option 1","","03/31/2035","Wisconsin Housing & Economic Development Authority","","","","","","01/01/2033","05/01/2033","OCAF",""
"Pineview at Grogran's Mill","79606","300","300","Tolga Ayberk","","","Option 1","","04/30/2041","SWHCC","","","","","","01/01/2033","05/01/2033","OCAF",""
"Poplar Grove","90117","130","128","Mike McKee","","","Option 1","","04/30/2044","North Carolina Housing Finance Agency","","","","","","01/01/2033","05/01/2033","OCAF",""
"Ridgewood at Panther Creek","79607","300","300","Tolga Ayberk","","","Option 1","","04/30/2041","SWHCC","","","","","","01/01/2033","05/01/2033","OCAF",""
"Shiloh Village","75572","168","168","Tolga Ayberk","","","Option 1","","05/01/2041","SWHCC","","","","","","01/01/2033","05/01/2033","OCAF",""
"Shoreline Plaza Apartments","79604","230","187","Mike McKee","","","Option 1","","04/30/2041","Minnesota Housing Finance Agency","","","","","","01/01/2033","05/01/2033","OCAF",""
"Sumler Terrace","4640014","126","126","Elliot Kohanbash","","","Option 1","","04/30/2037","Virginia Housing Development Authority","","","","","","01/01/2033","05/01/2033","OCAF",""
"Trees - Willow","90107","63","63","Claire Beatty","","","Option 1","","04/30/2040","Colorado Housing and Finance Authority","","","","","","02/01/2033","05/01/2033","OCAF",""
"Woodman West","90112","197","196","Elliot Kohanbash","","","Option 1","","03/31/2044","Navigate Affordable Housing Partners","","","","","","02/01/2033","05/01/2033","OCAF",""
"Fairview Homes","75920","136","135","Elliot Kohanbash","","","Option 2","","05/07/2035","NJHMFA","","","","","","01/07/2033","05/07/2033","OCAF",""
"Hershey Plaza","75587","216","215","Claire Beatty","","","Option 1","","05/31/2037","Pennsylvania Housing Finance Agency","","","","","","02/28/2033","05/31/2033","OCAF",""
"Bannock Arms","90051","66","66","Tolga Ayberk","","","Option 1","","05/31/2039","Idaho Housing and Finance Association","","","","","","02/01/2033","06/01/2033","OCAF",""
"Branford Manor","75930","442","441","Mike McKee","","","Option 1","","06/01/2037","Navigate Affordable Housing Partners","","","","","","02/01/2033","06/01/2033","OCAF",""
"Country Club Heights","79612","200","120","Claire Beatty","","","RAD","","04/01/2041","Quincy PHA","","","","","","02/01/2033","06/01/2033","OCAF",""
"Crossroads of Edina","75946","64","26","Mike McKee","","","Option 2","","05/31/2036","Minn Housing","","","","","","02/01/2033","06/01/2033","OCAF",""
"Hopkins Village","79623","165","164","Matt Kim","","","Option 1","","06/01/2045","MDHCD","","","","","","02/01/2033","06/01/2033","OCAF",""
"Lake Worth Towers","90110","195","195","Elliot Kohanbash","","","PBV","","05/09/2043","Palm Beach County Housing Authority","","","","","","03/01/2033","06/01/2033","Request",""
"Northgate Terrace","75919","201","155","Tolga Ayberk","","","Option 2","","05/31/2035","CAHI","","","","","","02/01/2033","06/01/2033","OCAF",""
"Oaks on Clark","79602","80","80","Tolga Ayberk","","","Option 2","","05/31/2040","SWHCC","","","","","","02/01/2033","06/01/2033","OCAF",""
"Parkside Houses","90017","180","122","Matt Kim","","","RAD","","05/31/2036","HUD","","","","","","02/01/2033","06/01/2033","OCAF",""
"River Trails","79614","220","215","Tolga Ayberk","","","Option 2","","05/31/2042","SWHCC","","","","","12/01/2032","04/01/2033","06/01/2033","RCS",""
"South Bay Villa","79608","80","80","Tolga Ayberk","","","Option 1","","05/27/2041","LA LOMOD","","","","","","02/01/2033","06/01/2033","OCAF",""
"Walnut Hill","75420","180","","Matt Kim","","","PBV","","","N/A","","","","","","02/01/2033","06/01/2033","EXPIRES",""
"Oceanport Gardens","75563","101","100","Elliot Kohanbash","","","Option 1","","06/27/2039","NJHMFA","","","","","","02/28/2033","06/28/2033","OCAF",""
"Marine Terrace","75922","497","441","Mike McKee","","","Option 1","","06/29/2036","CGI","","","","","","03/01/2033","06/30/2033","OCAF",""
"333 Holly","75704","332","139","Tolga Ayberk","","","Option 1","","06/30/2040","SWHCC","","","","","","03/01/2033","07/01/2033","OCAF",""
"Butternut Creek","79617","100","198","Mike McKee","","","Option 2","","06/30/2043","MSHDA","","","","","01/01/2033","03/01/2033","07/01/2033","RCS",""
"Campbell Terrace","75547","249","249","Claire Beatty","","","Option 1","","06/30/2039","National Housing Compliance","","","","","","03/01/2033","07/01/2033","OCAF",""
"Crossroads of East Ravenswood","75936","124","124","Claire Beatty","","","Option 1","","06/30/2036","National Housing Compliance","","","","","","03/01/2033","07/01/2033","OCAF",""
"Greenport","75468","366","364","Elliot Kohanbash","","","Option 1","","01/31/2029","CGI","","","","","","03/01/2033","07/01/2033","OCAF",""
"Morningside Court","75573","171","171","Claire Beatty","","","Option 1","","06/30/2041","National Housing Compliance","","","","","","03/01/2033","07/01/2033","OCAF",""
"Northgate Village","75542","168","168","Tolga Ayberk","","","Option 1","","06/30/2039","SWHA","","","","","","03/01/2033","07/01/2033","OCAF",""
"Nottingham Towers","90113","165","156","Mike McKee","","","Option 1","","05/31/2044","Navigate Affordable Housing Partners","","","","","","03/01/2033","07/01/2033","OCAF",""
"Oakhaven","90090","35","35","Tolga Ayberk","","","Option 2","","06/30/2033","Idaho Housing and Finance Association","","","","","01/01/2033","03/01/2033","07/01/2033","EXPIRES",""
"Rose Tower","90097","168","120","Mike McKee","","","Option 2","","07/01/2034","Kentucky Housing Corporation","","","","","","04/01/2033","07/01/2033","OCAF",""
"Shoreview Apartments","79627","156","156","Tolga Ayberk","","","Option 1","","07/01/2044","CAHI","","","","","","03/01/2033","07/01/2033","OCAF",""
"State Street","75929","51","51","Mike McKee","","","Option 5","","06/30/2036","Wisconsin Housing & Economic Development Authority","","","","","","03/01/2033","07/01/2033","Request",""
"Terrific Tenements","75475","88","88","Elliot Kohanbash","","","Option 1","","07/01/2045","CGI","","","","","","03/01/2033","07/01/2033","OCAF",""
"Terry Manor Apartments","79628","170","170","Tolga Ayberk","","","Option 1","","07/01/2044","LA LOMOD","","","","","","03/01/2033","07/01/2033","OCAF",""
"The Pines","75705","152","152","Tolga Ayberk","","","Option 1","","06/30/2040","SWHCC","","","","","","03/01/2033","07/01/2033","OCAF",""
"Tompkins Terrace","79622","193","61","Claire Beatty","","","PBV","","02/01/2040","City of Beacon Housing Authority","","","","","","03/01/2033","07/01/2033","Request",""
"Trees - Maple","90105","83","83","Claire Beatty","","","Option 1","","06/30/2037","Colorado Housing and Finance Authority","","","","","","04/01/2033","07/01/2033","OCAF",""
"Woodland Hills","79610","125","125","Mike McKee","","","Option 1","","06/30/2041","MSHDA","","","","","","03/01/2033","07/01/2033","OCAF",""
"Woodland Towers","75934","104","104","Claire Beatty","","","Option 1","","06/30/2036","National Housing Compliance","","","","","","03/01/2033","07/01/2033","OCAF",""
"Walden","75921","89","89","Elliot Kohanbash","","","Option 1","","07/14/2035","CGI","","","","","","03/15/2033","07/15/2033","OCAF",""
"All Hallows","79624","157","150","Tolga Ayberk","","","Option 1","","01/31/2026","CAHI","","","","","","04/01/2033","08/01/2033","OCAF",""
"Beacon Hill","79618","198","198","Mike McKee","","","Option 1","","07/31/2043","MSHDA","","","","","02/01/2033","06/01/2033","08/01/2033","RCS",""
"Federation Plaza","90062","124","123","Elliot Kohanbash","","","Option 1","","07/31/2045","CGI","","","","","","04/01/2033","08/01/2033","OCAF",""
"Gates Mills Villa","90064","191","175","Claire Beatty","","","Option 1","","08/01/2044","Assisted Housing Services Corporation","","","","","","05/01/2033","08/01/2033","OCAF",""
"Golden Link Manor","90065","31","31","Tolga Ayberk","","","Option 4","","07/31/2036","Bremerton Housing Authority","","","","","","04/01/2033","08/01/2033","OCAF",""
"James Court","90078","50","50","Tolga Ayberk","","","Option 1","","07/31/2040","HUD","","","","","","05/01/2033","08/01/2033","OCAF",""
"La Salle","79626","145","142","Tolga Ayberk","","","Option 1","","01/31/2026","CAHI","","","","","","04/01/2033","08/01/2033","OCAF",""
"Manhattan Plaza","75425","1689","1689","Claire Beatty","","","Option 1","","07/31/2037","HPD","","","","","","04/01/2033","08/01/2033","OCAF",""
"Northpoint","79603","304","304","Claire Beatty","","","Option 1","","07/31/2040","National Housing Compliance","","","","","","04/01/2033","08/01/2033","OCAF",""
"Squire Village","90099","51","50","Tolga Ayberk","","","Option 4","","07/31/2040","Colorado Housing and Finance Authority","","","","","","04/01/2033","08/01/2033","OCAF",""
"529 West 29th Street","75345","139","139","Mike McKee","","","Option 1","","08/31/2034","CGI","","","","","","05/01/2033","09/01/2033","OCAF",""
"Augustana Homes","75499","186","180","Mike McKee","","","Option 1","","06/17/2033","Navigate Affordable Housing Partners","","","","","","06/01/2033","09/01/2033","OCAF",""
"Avon Towers","90049","125","125","Mike McKee","","","Option 1","","08/31/2044","MSHDA","","","","","","05/01/2033","09/01/2033","OCAF",""
"Bayview","79625","146","113","Tolga Ayberk","","","Option 1","","01/31/2026","CAHI","","","","","","05/01/2033","09/01/2033","OCAF",""
"Clarendon Court","75546","152","152","Claire Beatty","","","Option 1","","08/31/2038","National Housing Compliance","","","","","03/01/2033","05/01/2033","09/01/2033","RCS",""
"Garden House of River Oaks II","75935","145","145","Claire Beatty","","","Option 4","","08/31/2036","HUD","","","","","","05/01/2033","09/01/2033","OCAF",""
"Garden Vista","940001","150","149","Elliot Kohanbash","","","Option 1","","08/31/2034","CGI","","","","","","05/01/2033","09/01/2033","OCAF",""
"Gates Manor","75933","51","51","Claire Beatty","","","Option 1","","08/31/2036","National Housing Compliance","","","","","","05/01/2033","09/01/2033","OCAF",""
"Luther Towers","90111","362","362","Claire Beatty","","","SPRAC","","11/30/2043","Delaware State Housing Authority","","","","","","05/01/2033","09/01/2033","OCAF",""
"Midtown Estates","90083","88","87","Claire Beatty","","","Option 1","","08/31/2044","THDA","","","","","","06/01/2033","09/01/2033","OCAF",""
"Oaks on Lamar","75539","176","74","Tolga Ayberk","","","Option 1","","08/31/2038","SWHCC","","","","","03/01/2033","05/01/2033","09/01/2033","RCS",""
"Peterson Plaza","75917","189","189","Mike McKee","","","Option 1","","08/31/2035","National Housing Compliance","","","","","","05/01/2033","09/01/2033","OCAF",""
"Plaza Apartments","90128","191","190","Claire Beatty","","","Option 1","","01/31/2037","Missouri Housing Development Commission","","","","","","06/01/2033","09/01/2033","OCAF",""
"River Run","75486","141","140","Mike McKee","","","Option 4","","04/01/2032","Navigate Affordable Housing Partners","","","","","","06/01/2033","09/01/2033","OCAF",""
"Riverside Townhomes","75540","128","128","Tolga Ayberk","","","Option 1","","08/31/2038","SWHCC","","","","","03/01/2033","05/01/2033","09/01/2033","RCS",""
"Sheridan Park","75498","102","10","Matt Kim","","","Section 811","","08/31/2038","NHC","","","","","","05/01/2033","09/01/2033","Request",""
"Somers Point Apartments","75578","225","224","Elliot Kohanbash","","","Option 1","","08/31/2045","NJHMFA","","","","","09/01/2032","05/01/2033","09/01/2033","OCAF",""
"South Shore Apartments","7962079615","446","446","Mike McKee","","","Option 1","","06/30/2043","National Housing Compliance","","","","","","04/01/2033","09/01/2033","OCAF",""
"St. Andrews Residences","940005","177","177","Elliot Kohanbash","","","PBV","","08/31/2041","West Palm Beach Housing Authority","","","","","","05/01/2033","09/01/2033","Request",""
"The Biltmore Towers","79601","230","230","Matt Kim","","","Option 3","","08/31/2040","Assisted Housing Services Corporation","","","","","","05/01/2033","09/01/2033","OCAF",""
"The Greenhouse","90119","80","79","Matt Kim","","","","","08/31/2043","MassHousing","","","","","03/01/2033","06/01/2033","09/01/2033","RCS",""
"Trees - Holly","90104","94","94","Claire Beatty","","","Option 2","","08/31/2035","Colorado Housing and Finance Authority","","","","","","06/01/2033","09/01/2033","OCAF",""
"Holly House","75564","42","42","Elliot Kohanbash","","","Option 1","","09/23/2040","NJHMFA","","","","","","05/24/2033","09/24/2033","OCAF",""
"Alaska House","90045","105","105","Tolga Ayberk","","","Option 1","","09/30/2040","Bremerton Housing Authority","","","","","","06/01/2033","10/01/2033","OCAF",""
"Ashley Oaks","4640003","250","250","Matt Kim","","","RAD","","09/30/2036","HUD","","","","","","06/01/2033","10/01/2033","OCAF",""
"Brewster Mews","90016","216","215","Matt Kim","","","","","09/30/2041","HUD","","","","","","06/01/2033","10/01/2033","OCAF",""
"Canal Lock Apartments","75139","52","51","Elliot Kohanbash","","","Option 3","","09/30/2034","CGI","","","","","","06/01/2033","10/01/2033","OCAF",""
"Charter Village","90054","250","220","Claire Beatty","","","Option 1","","09/30/2043","THDA","","","","","04/01/2033","06/01/2033","10/01/2033","RCS",""
"Colonial Village","75708","66","66","Matt Kim","","","Option 1","","09/30/2041","HUD","","","","","","06/01/2033","10/01/2033","OCAF",""
"Dawson Square","90057","36","36","Tolga Ayberk","","","Option 1","","09/30/2040","Colorado Housing and Finance Authority","","","","","","06/01/2033","10/01/2033","OCAF",""
"Ferncliff North","4640012","144","144","Claire Beatty","","","Option 1","","09/30/2034","Navigate Affordable Housing Partners","","","","","","06/01/2033","10/01/2033","OCAF",""
"Helios Station","90069","30","30","Tolga Ayberk","","","Option 1","","09/30/2040","Colorado Housing and Finance Authority","","","","","","06/01/2033","10/01/2033","OCAF",""
"Horizon Square","90074","92","92","Claire Beatty","","","Option 1","","09/30/2037","THDA","","","","","","07/01/2033","10/01/2033","OCAF",""
"Lathrop Homes IA","75545","414","151","Mike McKee","","","PBV","","09/30/2037","Chicago Housing Authority","","","","","","08/01/2033","10/01/2033","Request",""
"New Baltimore Place","79616","101","100","Mike McKee","","","Option 1","","05/31/2043","MSHDA","","","","","","06/01/2033","10/01/2033","OCAF",""
"Newman Village","4640002","99","99","Mike McKee","","","RAD","","09/30/2036","HUD","","","","","","06/01/2033","10/01/2033","OCAF",""
"Northcross Townhomes","2640001","99","99","Mike McKee","","","Option 1","","09/30/2039","North Carolina Housing Finance Agency","","","","","","06/01/2033","10/01/2033","OCAF",""
"Overlook","75458","100","99","Elliot Kohanbash","","","Option 3","","09/30/2034","CGI","","","","","","06/01/2033","10/01/2033","OCAF",""
"Princeton Court Apartments","90019","304","144","Matt Kim","","","Option 1","","09/30/2041","NYS Housing Trust Fund","","","","","","06/01/2033","10/01/2033","OCAF",""
"Tiffany Square","90102","52","52","Tolga Ayberk","","","Option 2","","09/30/2040","Colorado Housing and Finance Authority","","","","","04/01/2033","07/01/2033","10/01/2033","RCS",""
"Trees - Ash","90103","53","53","Claire Beatty","","","Option 1","","09/30/2039","Colorado Housing and Finance Authority","","","","","","07/01/2033","10/01/2033","OCAF",""
"Universal City","75565","160","159","Claire Beatty","","","Option 3","","09/30/2037","National Housing Compliance","","","","","","06/01/2033","10/01/2033","OCAF",""
"Village Park","75431","200","167","Matt Kim","","","Option 5","","09/30/2037","Massachusetts Housing Finance Agency","","","","","","06/01/2033","10/01/2033","OCAF",""
"Walker Mews","75290","167","166","Matt Kim","","","Option 1","","09/30/2044","Maryland Department of Housing and Community Development","","","","","","06/01/2033","10/01/2033","OCAF",""
"Winter Garden","79609","112","112","Claire Beatty","","","Option 1","","10/21/2041","Missouri Housing Development Commission","","","","","","07/01/2033","10/01/2033","OCAF",""
"Augustana Homes of Fairfield","75537","15","15","Mike McKee","","","Option 1","","11/01/2037","Navigate Affordable Housing Partners","","","","","","07/01/2033","10/31/2033","OCAF",""
"Augustana Homes of Greenwich","75535","31","31","Mike McKee","","","Option 1","","10/31/2037","Navigate Affordable Housing Partners","","","","","","07/01/2033","10/31/2033","OCAF",""
"Woodlake Apartments","75584","148","147","Elliot Kohanbash","","","Option 1","","10/31/2044","NJHMFA","","","","","","","10/31/2033","OCAF",""
"Allenhurst Apartments","90015","316","316","Matt Kim","","","RAD","","10/31/2039","HUD","","","","","","07/01/2033","11/01/2033","OCAF",""
"Alms Hill","75924","200","200","Matt Kim","","","Option 1","","10/31/2038","HUD","","","","","05/01/2033","07/01/2033","11/01/2033","RCS",""
"Garden House of Park Forest","75937","145","145","Claire Beatty","","","Option 4","","10/31/2036","National Housing Compliance","","","","","","07/01/2033","11/01/2033","OCAF",""
"Harmon","75955","210","209","Matt Kim","","","Option 1","","10/31/2038","Assisted Housing Services Corporation","","","","","05/01/2033","07/01/2033","11/01/2033","RCS",""
"Hostmark Village Cove","90075","120","120","Tolga Ayberk","","","Option 1","","10/31/2039","Bremerton Housing Authority","","","","","","07/01/2033","11/01/2033","OCAF",""
"Linwood Square","75953","200","200","Tolga Ayberk","","","Option 1","","10/31/2037","SWHCC","","","","","","07/01/2033","11/01/2033","OCAF",""
"Riverview II","75464","343","114","Elliot Kohanbash","","","PBV","","11/15/2043","MHACY","","","","","","08/11/2033","11/01/2033","Request",""
"Stephenville Crossing","75952","86","86","Tolga Ayberk","","","Option 1","","10/31/2037","SWHCC","","","","","","07/01/2033","11/01/2033","OCAF",""
"The Magnolia","75954","65","65","Tolga Ayberk","","","Option 2","","11/01/2037","TDHCA","","","","","","07/01/2033","11/01/2033","OCAF",""
"Van Nuys","7917579173","299","299","Tolga Ayberk","","","Option 3","","","LA LOMOD","","","","","","07/01/2033","11/01/2033","OCAF",""
"Mohican","75914","146","146","Mike McKee","","","Option 4","","11/17/2034","Connecticut Housing Finance Authority","","","","","","07/18/2033","11/18/2033","OCAF",""
"Essex-Phoenix","75497","145","144","Elliot Kohanbash","","","Option 4","","11/24/2033","NJHMFA","","","","","","07/25/2033","11/25/2033","EXPIRES",""
"Asbury","90047","119","119","Claire Beatty","","","Option 1","","11/30/2044","Assisted Housing Services Corporation","","","","","","09/01/2033","12/01/2033","OCAF",""
"Asbury Park","90048","44","43","Tolga Ayberk","","","Option 1","","11/30/2040","Colorado Housing and Finance Authority","","","","","","08/01/2033","12/01/2033","OCAF",""
"Elmwood Square","75570","138","6","Matt Kim","","","PBV","","11/30/2042","Buffalo Municipal Housing Authority","","","","","","08/01/2033","12/01/2033","Request",""
"Fairview Housing","90060","124","124","Claire Beatty","","","Option 1","","12/01/2044","Assisted Housing Services Corporation","","","","","","08/01/2033","12/01/2033","OCAF",""
"Highland Square","90070","152","152","Mike McKee","","","Option 1","","11/30/2036","S.C. State Housing Finance and Development Authority","","","","","","08/01/2033","12/01/2033","OCAF",""
"John Crawford","75485","96","95","Matt Kim","","","Option 3","","11/30/2033","CGI Federal","","","","","","08/01/2033","12/01/2033","OCAF",""
"Noble Tower","75543","195","195","Tolga Ayberk","","","Option 1","","11/30/2039","HUD (HAP)","","","","","","08/01/2033","12/01/2033","OCAF",""
"Northcrest Gardens","90085","182","182","Claire Beatty","","","Option 1","","11/30/2044","Ohio Housing Finance Agency","","","","","","09/01/2033","12/01/2033","OCAF",""
"Norwalk North","90086","72","72","Claire Beatty","","","Option 1","","12/01/2044","Assisted Housing Services Corporation","","","","","","09/01/2033","12/01/2033","OCAF",""
"Park Place","79611","242","242","Claire Beatty","","","Option 1","","10/21/2041","Missouri Housing Development Commission","","","","","","08/01/2033","12/01/2033","OCAF",""
"Round Barn Manor","79613","156","156","Claire Beatty","","","Option 2","","11/30/2043","National Housing Compliance","","","","","06/01/2033","08/01/2033","12/01/2033","RCS",""
"Trees - Pine","90106","61","61","Claire Beatty","","","Option 1","","11/30/2040","Colorado Housing and Finance Authority","","","","","","09/01/2033","12/01/2033","OCAF",""
"Walnut Hills","79174","198","197","Matt Kim","","","Option 3","","11/30/2033","Assisted Housing Services Corporation","","","","","","08/01/2033","12/01/2033","EXPIRES",""
"Wyandot Square","90108","62","62","Claire Beatty","","","Option 1","","03/31/2029","Assisted Housing Services Corporation","","","","","","09/01/2033","12/01/2033","OCAF",""
"Luther Towers","90111","362","362","Claire Beatty","","","SPRAC","","11/30/2043","Delaware State Housing Authority","","","","","06/06/2033","09/06/2033","12/06/2033","RCS",""
"Ebony Gardens","75566","144","144","Claire Beatty","","","Option 1","","12/31/2040","CGI","","","","","","08/08/2033","12/08/2033","OCAF",""
"Chestnut Park (Skyview)","75541","489","241","Matt Kim","","","RAD 2","","12/11/2038","HUD","","","","","06/11/2033","08/11/2033","12/11/2033","RCS",""
"Riverhead Village","75583","135","135","Elliot Kohanbash","","","Option 1","","12/31/2043","CGI","","","","","06/14/2033","08/14/2033","12/14/2033","RCS",""
"Cherry Garden","75576","254","252","Elliot Kohanbash","","","Option 1","","12/15/2041","NJHMFA","","","","","","08/16/2033","12/16/2033","OCAF",""
"Olde English Village","75923","200","200","Matt Kim","","","Option 3","","12/17/2035","MassHousing","","","","","","08/18/2033","12/18/2033","OCAF",""
"Westchester Park","90021","201","200","Matt Kim","","","Option 1","","12/27/2043","New York State Housing Trust Fund Corporation","","","","","06/27/2033","08/27/2033","12/27/2033","RCS",""
"Albright","90046","112","112","Claire Beatty","","","Option 1","","12/31/2044","Assisted Housing Services Corporation","","","","","","10/01/2033","01/01/2034","OCAF",""
"Bastrop Oak Grove","90030","48","48","Tolga Ayberk","","","Option 4","","01/01/2039","Southwest Housing Compliance Corporation","","","","","07/01/2033","09/01/2033","01/01/2034","EXPIRES",""
"Bloomingdale Apartments","75932","111","111","Matt Kim","","","Option 1","","12/31/2043","National Housing Compliance","","","","","07/01/2033","09/01/2033","01/01/2034","RCS",""
"Clinton Manor","75830","60","60","Mike McKee","","","Option 1","","12/31/2040","SC Housing","","","","","","09/01/2033","01/01/2034","OCAF",""
"Courthouse Square","90055","171","171","Tolga Ayberk","","","Option 1","","12/31/2039","Colorado Housing and Finance Authority","","","","","","09/01/2033","01/01/2034","OCAF",""
"Crevenna Oaks Apartments","667","50","50","Claire Beatty","","","Option 1","","01/01/2044","Navigate Affordable Housing Partners","","","","","07/01/2033","10/01/2033","01/01/2034","RCS",""
"Faust Landmark Apartments","75532","200","200","Claire Beatty","","","RAD","","07/31/2025","Rockford Housing","","","","","","09/01/2033","01/01/2034","OCAF",""
"Fields Ertel Townhouses","75548","55","55","Matt Kim","","","Option 1","","12/31/2039","Assisted Housing Services Corporation","","","","","","09/01/2033","01/01/2034","OCAF",""
"French Apartments","75116","174","174","Mike McKee","","","Option 1","","12/31/2035","CGI","","","","","","09/01/2033","01/01/2034","OCAF",""
"Friendship Court","75831","80","80","Mike McKee","","","Option 2","","12/31/2040","SC State Housing","","","","","","09/01/2033","01/01/2034","OCAF",""
"Hoffman Homes","90073","81","81","Mike McKee","","","Option 1","","01/01/2046","North Carolina Housing Finance Agency","","","","","","09/01/2033","01/01/2034","OCAF",""
"Hondo Brian Place","90037","40","40","Tolga Ayberk","","","Option 1","","01/01/2039","Southwest Housing Compliance Corporation","","","","","07/01/2033","09/01/2033","01/01/2034","RCS",""
"International House","90076","99","98","Tolga Ayberk","","","Option 1","","12/31/2037","Bremerton Housing Authority","","","","","","09/01/2033","01/01/2034","OCAF",""
"IOOF Tower","90077","28","28","Tolga Ayberk","","","Option 1","","12/31/2040","Bremerton Housing Authority","","","","","","09/01/2033","01/01/2034","OCAF",""
"Loring Towers (MA)","79181","250","140","Matt Kim","","","PBV","","12/31/2042","CTI","","","","","","09/01/2033","01/01/2034","Request",""
"Luther Towers","90111","362","362","Claire Beatty","","","SPRAC","","11/30/2043","Delaware State Housing Authority","","","","","","10/01/2033","01/01/2034","Request",""
"Mad River Manor","90082","74","74","Claire Beatty","","","Option 1","","12/31/2044","Assisted Housing Services Corporation","","","","","","10/01/2034","01/01/2034","OCAF",""
"Newberry Arms","75832","60","60","Mike McKee","","","Option 1","","12/31/2040","SC State Housing","","","","","","09/01/2033","01/01/2034","OCAF",""
"Oaks on North Plaza","75544","62","62","Tolga Ayberk","","","Option 1","","12/31/2039","SWHCC","","","","","","09/01/2033","01/01/2034","OCAF",""
"Pinewood Gardens","90092","80","80","Claire Beatty","","","Option 2","","12/31/2044","Assisted Housing Services Corporation","","","","","","10/01/2033","01/01/2034","OCAF",""
"Riverview Bend","90096","94","94","Claire Beatty","","","Option 1","","12/31/2044","Missouri Housing Development Commission","","","","","","09/01/2033","01/01/2034","OCAF",""
"Shawnee Village","75901","120","120","Matt Kim","","","Option 1","","12/31/2033","Illinois Housing Development Authority","","","","","07/01/2033","09/01/2033","01/01/2034","EXPIRES",""
"Summit Oaks Apartments","670","50","50","Claire Beatty","","","Option 1","","01/01/2044","Navigate Affordable Housing Partners","","","","","07/01/2033","10/01/2033","01/01/2034","RCS",""
"Tamarack","90100","100","100","Mike McKee","","","Option 1","","12/31/2046","MSHDA","","","","","","08/01/2033","01/01/2034","OCAF",""
"Westminster Village","75483","432","400","Matt Kim","","","Option 5","","12/31/2043","Massachusetts Housing Finance Agency","","","","","","09/01/2033","01/01/2034","OCAF",""
"Hill Country Villas","HCV1","51","51","Tolga Ayberk","","","Option 1","","02/01/2034","HUD","","","","","","08/01/2033","01/01/2034","OCAF",""
"Halcyon House","90067","197","197","Tolga Ayberk","","","Option 1","","01/03/2036","Colorado Housing and Finance Authority","","","","","","09/04/2033","01/04/2034","OCAF",""
"Arlington Park","90022","130","130","Matt Kim","","","Option 1","","01/31/2037","Massachusetts Housing Finance Agency","","","","","","09/10/2033","01/10/2034","OCAF",""
"Washington Heights","75925","404","366","Matt Kim","","","Option 5","","01/30/2036","Massachusetts Housing Finance Agency","","","","","","09/15/2033","01/15/2034","OCAF",""
"Van Buren Park Apartments","75931","300","299","Matt Kim","","","Option 1","","01/31/2044","National Housing Compliance","","","","","07/17/2033","09/17/2033","01/17/2034","RCS",""
"Fullerton Court","75918","196","195","Matt Kim","","","Option 1","","01/25/2034","National Housing Compliance","","","","","","09/26/2033","01/26/2034","OCAF",""
"Circle Park Apartments","75833","418","239","Claire Beatty","","","Original","","01/31/2041","National Housing Compliance","","","","","","10/01/2033","02/01/2034","OCAF",""
"Clifford House","75577","101","100","Mike McKee","","","Option 1","","08/31/2042","Navigate Affordable Housing Partners","","","","","","11/01/2033","02/01/2034","OCAF",""
"Creekwood Apartments","75903","104","104","Matt Kim","","","Option 1","","01/31/2034","National Housing Compliance","","","","","08/01/2033","10/01/2035","02/01/2034","EXPIRES",""
"Fairview Gardens","90059","160","160","Mike McKee","","","Option 1","","01/31/2038","S.C. State Housing Finance and Development Authority","","","","","","10/01/2033","02/01/2034","OCAF",""
"Ferncliff South","4640005","84","84","Claire Beatty","","","Option 2","","01/31/2038","Navigate Affordable Housing Partners","","","","","","10/01/2033","02/01/2034","OCAF",""
"Sandburg Village","75902","128","128","Matt Kim","","","Option 4","","02/01/2034","National Housing Compliance","","","","","","10/01/2033","02/01/2034","OCAF",""
"The Woods","75491","57","57","Matt Kim","","","Option 2","","01/31/2034","National Housing Compliance","","","","","08/01/2033","10/01/2033","02/01/2034","EXPIRES",""
"Market Square","75568","76","75","Mike McKee","","","Option 1","","02/03/2041","Navigate Affordable Housing Partners","","","","","","10/04/2033","02/04/2034","OCAF",""
"Alpha Towers","90114","165","165","Claire Beatty","","","Option 1","","02/28/2044","Assisted Housing Services Corporation","","","","","09/01/2033","12/01/2033","03/01/2034","RCS",""
"Country Village","75904","104","104","Matt Kim","","","Option 1","","02/29/2036","National Housing Compliance","","","","","","11/01/2033","03/01/2034","OCAF",""
"Towns at River South","90109","161","75","Claire Beatty","","","RAD","","02/28/2043","Richmond Redevelopment and Housing Authority","","","","","","12/01/2033","03/01/2034","OCAF",""
"Armory Plaza","75582","52","52","Claire Beatty","","","Option 1","","03/20/2044","New York State Housing Trust Fund Corporation","","","","","09/22/2033","11/22/2033","03/22/2034","RCS",""
"Barnum House","75569","84","83","Mike McKee","","","Option 1","","03/31/2041","Navigate Affordable Housing Partners","","","","","","12/01/2033","04/01/2034","OCAF",""
"Bella Vista","79605","100","100","Tolga Ayberk","","","Option 1","","03/31/2041","Southwest Housing Compliance Corporation","","","","","","01/01/2034","04/01/2034","OCAF",""
"Chelsea Square Apartments","82113","","","","","","","","","","","","","","","02/01/2034","04/01/2034","OCAF",""
"Mapleview Towers","75567","101","100","Mike McKee","","","Option 1","","03/31/2041","Navigate Affordable Housing Partners","","","","","","12/01/2033","04/01/2034","OCAF",""
"Marshall Field","75911","628","628","Matt Kim","","","Option 1","","04/30/2035","National Housing Compliance","","","","","","12/01/2033","04/01/2034","OCAF",""
"Montgomery Gateway","90024","190","189","Elliot Kohanbash","","","Option 1","","03/31/2045","NJHMFA","","","","","","12/01/2033","04/01/2034","OCAF",""
"Montview Heights","90084","50","50","Tolga Ayberk","","","Option 1","","03/31/2040","Colorado Housing and Finance Authority","","","","","","12/01/2033","04/01/2034","OCAF",""
"MORH Housing","75927","126","125","Tolga Ayberk","","","Original","","03/31/2036","CAHI","","","","","","12/01/2033","04/01/2034","OCAF",""
"Oak Center","75926","77","77","Tolga Ayberk","","","Option 1","","03/31/2036","CAHI","","","","","","12/01/2033","04/01/2034","OCAF",""
"Park Club Apartments","75835","56","55","Mike McKee","","","Option 1","","03/31/2042","Wisconsin Housing & Economic Development Authority","","","","","","01/01/2034","04/01/2034","OCAF",""
"Riverwood","4640013","83","83","Mike McKee","","","Option 1","","03/31/2035","Navigate Affordable Housing Partners","","","","","","12/01/2033","04/01/2034","OCAF",""
"Riverwoods Apartments","79621","125","125","Claire Beatty","","","Option 2","","12/31/2043","CGI","","","","","10/01/2033","12/01/2033","04/01/2034","RCS",""
"Roosevelt Apartments","90020","114","113","Matt Kim","","","Option 3","","03/31/2026","CGI","","","","","","","04/01/2034","OCAF",""
"Southern Hills/Orlando","75834","212","212","Claire Beatty","","","Option 1","","03/31/2042","National Housing Compliance","","","","","","12/01/2033","04/01/2034","OCAF",""
"Spring Creek","75828","137","137","Matt Kim","","","Option 1","","03/31/2041","National Housing Compliance","","","","","","12/01/2033","04/01/2034","OCAF",""
"St. James Residences","9200045","148","148","Elliot Kohanbash","","","Option 1","","04/01/2045","North Tampa Housing Development Corporation","","","","","","12/01/2033","04/01/2034","OCAF",""
"Hazelwood Towers","75146","97","95","Claire Beatty","","","Option 3","","04/14/2025","Pennsylvania Housing Finance Agency","","","","","","12/15/2033","04/15/2034","EXPIRES",""
"Malcolm Towers","90044","226","225","Elliot Kohanbash","","","Option 2","","04/30/2040","NJHMFA","","","","","","12/28/2033","04/28/2034","OCAF",""
"Arvada House","79619","88","88","Tolga Ayberk","","","Option 1","","04/30/2043","Colorado Housing and Finance Authority","","","","","","01/01/2034","05/01/2034","OCAF",""
"Crossroads of New Brighton","75947","172","172","Mike McKee","","","Option 1","","04/30/2036","Minn Housing","","","","","","01/01/2034","05/01/2034","OCAF",""
"Crossroads of Shoreview","75948","44","44","Mike McKee","","","Option 2","","04/30/2036","Minn Housing","","","","","","01/01/2034","05/01/2034","OCAF",""
"Darby Townhouses","90056","172","168","Claire Beatty","","","Option 2","","12/31/2032","Pennsylvania Housing Finance Agency","","","","","","02/01/2034","05/01/2034","OCAF",""
"Hacienda Del Rio","90120","146","146","Tolga Ayberk","","","Option 1","","05/01/2044","Arizona Department of Housing","","","","","11/01/2033","01/01/2034","05/01/2034","RCS",""
"Park Bluff","75951","186","185","Mike McKee","","","Option 1","","03/31/2035","Wisconsin Housing & Economic Development Authority","","","","","","01/01/2034","05/01/2034","OCAF",""
"Pineview at Grogran's Mill","79606","300","300","Tolga Ayberk","","","Option 1","","04/30/2041","SWHCC","","","","","","01/01/2034","05/01/2034","OCAF",""
"Poplar Grove","90117","130","128","Mike McKee","","","Option 1","","04/30/2044","North Carolina Housing Finance Agency","","","","","11/01/2033","01/01/2034","05/01/2034","RCS",""
"Ridgewood at Panther Creek","79607","300","300","Tolga Ayberk","","","Option 1","","04/30/2041","SWHCC","","","","","","01/01/2034","05/01/2034","OCAF",""
"Shiloh Village","75572","168","168","Tolga Ayberk","","","Option 1","","05/01/2041","SWHCC","","","","","","01/01/2034","05/01/2034","OCAF",""
"Shoreline Plaza Apartments","79604","230","187","Mike McKee","","","Option 1","","04/30/2041","Minnesota Housing Finance Agency","","","","","","01/01/2034","05/01/2034","OCAF",""
"Sumler Terrace","4640014","126","126","Elliot Kohanbash","","","Option 1","","04/30/2037","Virginia Housing Development Authority","","","","","","01/01/2034","05/01/2034","OCAF",""
"Trees - Willow","90107","63","63","Claire Beatty","","","Option 1","","04/30/2040","Colorado Housing and Finance Authority","","","","","11/01/2033","02/01/2034","05/01/2034","RCS",""
"Woodman West","90112","197","196","Elliot Kohanbash","","","Option 1","","03/31/2044","Navigate Affordable Housing Partners","","","","","","02/01/2034","05/01/2034","RCS",""
"Fairview Homes","75920","136","135","Elliot Kohanbash","","","Option 2","","05/07/2035","NJHMFA","","","","","","01/07/2034","05/07/2034","OCAF",""
"Hershey Plaza","75587","216","215","Claire Beatty","","","Option 1","","05/31/2037","Pennsylvania Housing Finance Agency","","","","","","02/28/2034","05/31/2034","OCAF",""
"Bannock Arms","90051","66","66","Tolga Ayberk","","","Option 1","","05/31/2039","Idaho Housing and Finance Association","","","","","12/01/2033","02/01/2034","06/01/2034","RCS",""
"Branford Manor","75930","442","441","Mike McKee","","","Option 1","","06/01/2037","Navigate Affordable Housing Partners","","","","","","02/01/2034","06/01/2034","OCAF",""
"Country Club Heights","79612","200","120","Claire Beatty","","","RAD","","04/01/2041","Quincy PHA","","","","","","02/01/2034","06/01/2034","OCAF",""
"Crossroads of Edina","75946","64","26","Mike McKee","","","Option 2","","05/31/2036","Minn Housing","","","","","","02/01/2034","06/01/2034","OCAF",""
"Hopkins Village","79623","165","164","Matt Kim","","","Option 1","","06/01/2045","MDHCD","","","","","","02/01/2034","06/01/2034","OCAF",""
"Lake Worth Towers","90110","195","195","Elliot Kohanbash","","","PBV","","05/09/2043","Palm Beach County Housing Authority","","","","","","03/01/2034","06/01/2034","Request",""
"Northgate Terrace","75919","201","155","Tolga Ayberk","","","Option 2","","05/31/2035","CAHI","","","","","","02/01/2034","06/01/2034","OCAF",""
"Oaks on Clark","79602","80","80","Tolga Ayberk","","","Option 2","","05/31/2040","SWHCC","","","","","","02/01/2034","06/01/2034","OCAF",""
"Parkside Houses","90017","180","122","Matt Kim","","","RAD","","05/31/2036","HUD","","","","","","02/01/2034","06/01/2034","OCAF",""
"River Trails","79614","220","215","Tolga Ayberk","","","Option 2","","05/31/2042","SWHCC","","","","","","04/01/2034","06/01/2034","OCAF",""
"South Bay Villa","79608","80","80","Tolga Ayberk","","","Option 1","","05/27/2041","LA LOMOD","","","","","","02/01/2034","06/01/2034","OCAF",""
"Oceanport Gardens","75563","101","100","Elliot Kohanbash","","","Option 1","","06/27/2039","NJHMFA","","","","","12/28/2033","02/28/2034","06/28/2034","RCS",""
"Marine Terrace","75922","497","441","Mike McKee","","","Option 1","","06/29/2036","CGI","","","","","","03/01/2034","06/30/2034","OCAF",""
"333 Holly","75704","332","139","Tolga Ayberk","","","Option 1","","06/30/2040","SWHCC","","","","","","03/01/2034","07/01/2034","OCAF",""
"Butternut Creek","79617","100","198","Mike McKee","","","Option 2","","06/30/2043","MSHDA","","","","","","03/01/2034","07/01/2034","OCAF",""
"Campbell Terrace","75547","249","249","Claire Beatty","","","Option 1","","06/30/2039","National Housing Compliance","","","","","01/01/2034","03/01/2034","07/01/2034","RCS",""
"Crossroads of East Ravenswood","75936","124","124","Claire Beatty","","","Option 1","","06/30/2036","National Housing Compliance","","","","","","03/01/2034","07/01/2034","OCAF",""
"Greenport","75468","366","364","Elliot Kohanbash","","","Option 1","","01/31/2029","CGI","","","","","","03/01/2034","07/01/2034","OCAF",""
"Morningside Court","75573","171","171","Claire Beatty","","","Option 1","","06/30/2041","National Housing Compliance","","","","","","03/01/2034","07/01/2034","OCAF",""
"Northgate Village","75542","168","168","Tolga Ayberk","","","Option 1","","06/30/2039","SWHA","","","","","01/01/2034","03/01/2034","07/01/2034","RCS",""
"Nottingham Towers","90113","165","156","Mike McKee","","","Option 1","","05/31/2044","Navigate Affordable Housing Partners","","","","","","03/01/2034","07/01/2034","OCAF",""
"Rose Tower","90097","168","120","Mike McKee","","","Option 2","","07/01/2034","Kentucky Housing Corporation","","","","","01/01/2034","04/01/2034","07/01/2034","RCS",""
"Shoreview Apartments","79627","156","156","Tolga Ayberk","","","Option 1","","07/01/2044","CAHI","","","","","01/01/2034","03/01/2034","07/01/2034","RCS",""
"State Street","75929","51","51","Mike McKee","","","Option 5","","06/30/2036","Wisconsin Housing & Economic Development Authority","","","","","","03/01/2034","07/01/2034","Request",""
"Terrific Tenements","75475","88","88","Elliot Kohanbash","","","Option 1","","07/01/2045","CGI","","","","","","03/01/2034","07/01/2034","OCAF",""
"Terry Manor Apartments","79628","170","170","Tolga Ayberk","","","Option 1","","07/01/2044","LA LOMOD","","","","","01/01/2034","03/01/2034","07/01/2034","RCS",""
"The Pines","75705","152","152","Tolga Ayberk","","","Option 1","","06/30/2040","SWHCC","","","","","","03/01/2034","07/01/2034","OCAF",""
"Tompkins Terrace","79622","193","61","Claire Beatty","","","PBV","","02/01/2040","City of Beacon Housing Authority","","","","","","03/01/2034","07/01/2034","Request",""
"Trees - Maple","90105","83","83","Claire Beatty","","","Option 1","","06/30/2037","Colorado Housing and Finance Authority","","","","","","04/01/2034","07/01/2034","OCAF",""
"Woodland Hills","79610","125","125","Mike McKee","","","Option 1","","06/30/2041","MSHDA","","","","","","03/01/2034","07/01/2034","OCAF",""
"Woodland Towers","75934","104","104","Claire Beatty","","","Option 1","","06/30/2036","National Housing Compliance","","","","","","03/01/2034","07/01/2034","OCAF",""
"Walden","75921","89","89","Elliot Kohanbash","","","Option 1","","07/14/2035","CGI","","","","","","03/15/2034","07/15/2034","OCAF",""
"All Hallows","79624","157","150","Tolga Ayberk","","","Option 1","","01/31/2026","CAHI","","","","","02/01/2034","04/01/2034","08/01/2034","RCS",""
"Beacon Hill","79618","198","198","Mike McKee","","","Option 1","","07/31/2043","MSHDA","","","","","","06/01/2034","08/01/2034","OCAF",""
"Federation Plaza","90062","124","123","Elliot Kohanbash","","","Option 1","","07/31/2045","CGI","","","","","","04/01/2034","08/01/2034","OCAF",""
"Gates Mills Villa","90064","191","175","Claire Beatty","","","Option 1","","08/01/2044","Assisted Housing Services Corporation","","","","","02/01/2034","05/01/2034","08/01/2034","RCS",""
"Golden Link Manor","90065","31","31","Tolga Ayberk","","","Option 4","","07/31/2036","Bremerton Housing Authority","","","","","","04/01/2034","08/01/2034","OCAF",""
"James Court","90078","50","50","Tolga Ayberk","","","Option 1","","07/31/2040","HUD","","","","","","05/01/2034","08/01/2034","OCAF",""
"La Salle","79626","145","142","Tolga Ayberk","","","Option 1","","01/31/2026","CAHI","","","","","02/01/2034","04/01/2034","08/01/2034","RCS",""
"Manhattan Plaza","75425","1689","1689","Claire Beatty","","","Option 1","","07/31/2037","HPD","","","","","","04/01/2034","08/01/2034","OCAF",""
"Northpoint","79603","304","304","Claire Beatty","","","Option 1","","07/31/2040","National Housing Compliance","","","","","","04/01/2034","08/01/2034","OCAF",""
"Squire Village","90099","51","50","Tolga Ayberk","","","Option 4","","07/31/2040","Colorado Housing and Finance Authority","","","","","","04/01/2034","08/01/2034","OCAF",""
"529 West 29th Street","75345","139","139","Mike McKee","","","Option 1","","08/31/2034","CGI","","","","","03/01/2034","05/01/2034","09/01/2034","EXPIRES",""
"Augustana Homes","75499","186","180","Mike McKee","","","Option 1","","06/17/2033","Navigate Affordable Housing Partners","","","","","","06/01/2034","09/01/2034","OCAF",""
"Avon Towers","90049","125","125","Mike McKee","","","Option 1","","08/31/2044","MSHDA","","","","","03/01/2034","05/01/2034","09/01/2034","RCS",""
"Bayview","79625","146","113","Tolga Ayberk","","","Option 1","","01/31/2026","CAHI","","","","","03/01/2034","05/01/2034","09/01/2034","RCS",""
"Clarendon Court","75546","152","152","Claire Beatty","","","Option 1","","08/31/2038","National Housing Compliance","","","","","","05/01/2034","09/01/2034","OCAF",""
"Garden House of River Oaks II","75935","145","145","Claire Beatty","","","Option 4","","08/31/2036","HUD","","","","","","05/01/2034","09/01/2034","OCAF",""
"Garden Vista","940001","150","149","Elliot Kohanbash","","","Option 1","","08/31/2034","CGI","","","","","03/01/2034","05/01/2034","09/01/2034","EXPIRES",""
"Gates Manor","75933","51","51","Claire Beatty","","","Option 1","","08/31/2036","National Housing Compliance","","","","","","05/01/2034","09/01/2034","OCAF",""
"Luther Towers","90111","362","362","Claire Beatty","","","SPRAC","","11/30/2043","Delaware State Housing Authority","","","","","03/01/2034","05/01/2034","09/01/2034","RCS",""
"Midtown Estates","90083","88","87","Claire Beatty","","","Option 1","","08/31/2044","THDA","","","","","03/01/2034","06/01/2034","09/01/2034","RCS",""
"Oaks on Lamar","75539","176","74","Tolga Ayberk","","","Option 1","","08/31/2038","SWHCC","","","","","","05/01/2034","09/01/2034","OCAF",""
"Peterson Plaza","75917","189","189","Mike McKee","","","Option 1","","08/31/2035","National Housing Compliance","","","","","","05/01/2034","09/01/2034","OCAF",""
"Plaza Apartments","90128","191","190","Claire Beatty","","","Option 1","","01/31/2037","Missouri Housing Development Commission","","","","","03/01/2034","06/01/2034","09/01/2034","RCS",""
"River Run","75486","141","140","Mike McKee","","","Option 4","","04/01/2032","Navigate Affordable Housing Partners","","","","","","06/01/2034","09/01/2034","OCAF",""
"Riverside Townhomes","75540","128","128","Tolga Ayberk","","","Option 1","","08/31/2038","SWHCC","","","","","","05/01/2034","09/01/2034","OCAF",""
"Sheridan Park","75498","102","10","Matt Kim","","","Section 811","","08/31/2038","NHC","","","","","","05/01/2034","09/01/2034","Request",""
"Somers Point Apartments","75578","225","224","Elliot Kohanbash","","","Option 1","","08/31/2045","NJHMFA","","","","","","05/01/2034","09/01/2034","OCAF",""
"South Shore Apartments","7962079615","446","446","Mike McKee","","","Option 1","","06/30/2043","National Housing Compliance","","","","","","04/01/2034","09/01/2034","OCAF",""
"St. Andrews Residences","940005","177","177","Elliot Kohanbash","","","PBV","","08/31/2041","West Palm Beach Housing Authority","","","","","","05/01/2034","09/01/2034","Request",""
"The Biltmore Towers","79601","230","230","Matt Kim","","","Option 3","","08/31/2040","Assisted Housing Services Corporation","","","","","","05/01/2034","09/01/2034","OCAF",""
"The Greenhouse","90119","80","79","Matt Kim","","","","","08/31/2043","MassHousing","","","","","","06/01/2034","09/01/2034","OCAF",""
"Trees - Holly","90104","94","94","Claire Beatty","","","Option 2","","08/31/2035","Colorado Housing and Finance Authority","","","","","","06/01/2034","09/01/2034","OCAF",""
"Holly House","75564","42","42","Elliot Kohanbash","","","Option 1","","09/23/2040","NJHMFA","","","","","","05/24/2034","09/24/2034","OCAF",""
"Alaska House","90045","105","105","Tolga Ayberk","","","Option 1","","09/30/2040","Bremerton Housing Authority","","","","","","06/01/2034","10/01/2034","OCAF",""
"Ashley Oaks","4640003","250","250","Matt Kim","","","RAD","","09/30/2036","HUD","","","","","","06/01/2034","10/01/2034","OCAF",""
"Brewster Mews","90016","216","215","Matt Kim","","","","","09/30/2041","HUD","","","","","","06/01/2034","10/01/2034","OCAF",""
"Canal Lock Apartments","75139","52","51","Elliot Kohanbash","","","Option 3","","09/30/2034","CGI","","","","","","06/01/2034","10/01/2034","EXPIRES",""
"Charter Village","90054","250","220","Claire Beatty","","","Option 1","","09/30/2043","THDA","","","","","","06/01/2034","10/01/2034","OCAF",""
"Colonial Village","75708","66","66","Matt Kim","","","Option 1","","09/30/2041","HUD","","","","","","06/01/2034","10/01/2034","OCAF",""
"Dawson Square","90057","36","36","Tolga Ayberk","","","Option 1","","09/30/2040","Colorado Housing and Finance Authority","","","","","","06/01/2034","10/01/2034","OCAF",""
"Ferncliff North","4640012","144","144","Claire Beatty","","","Option 1","","09/30/2034","Navigate Affordable Housing Partners","","","","","","06/01/2034","10/01/2034","EXPIRES",""
"Helios Station","90069","30","30","Tolga Ayberk","","","Option 1","","09/30/2040","Colorado Housing and Finance Authority","","","","","","06/01/2034","10/01/2034","OCAF",""
"Horizon Square","90074","92","92","Claire Beatty","","","Option 1","","09/30/2037","THDA","","","","","04/01/2034","07/01/2034","10/01/2034","RCS",""
"Lathrop Homes IA","75545","414","151","Mike McKee","","","PBV","","09/30/2037","Chicago Housing Authority","","","","","","08/01/2034","10/01/2034","Request",""
"New Baltimore Place","79616","101","100","Mike McKee","","","Option 1","","05/31/2043","MSHDA","","","","","","06/01/2034","10/01/2034","OCAF",""
"Newman Village","4640002","99","99","Mike McKee","","","RAD","","09/30/2036","HUD","","","","","","06/01/2034","10/01/2034","OCAF",""
"Northcross Townhomes","2640001","99","99","Mike McKee","","","Option 1","","09/30/2039","North Carolina Housing Finance Agency","","","","","04/01/2034","06/01/2034","10/01/2034","RCS",""
"Overlook","75458","100","99","Elliot Kohanbash","","","Option 3","","09/30/2034","CGI","","","","","","06/01/2034","10/01/2034","EXPIRES",""
"Princeton Court Apartments","90019","304","144","Matt Kim","","","Option 1","","09/30/2041","NYS Housing Trust Fund","","","","","","06/01/2034","10/01/2034","OCAF",""
"Tiffany Square","90102","52","52","Tolga Ayberk","","","Option 2","","09/30/2040","Colorado Housing and Finance Authority","","","","","","07/01/2034","10/01/2034","OCAF",""
"Trees - Ash","90103","53","53","Claire Beatty","","","Option 1","","09/30/2039","Colorado Housing and Finance Authority","","","","","04/01/2034","07/01/2034","10/01/2034","RCS",""
"Universal City","75565","160","159","Claire Beatty","","","Option 3","","09/30/2037","National Housing Compliance","","","","","","06/01/2034","10/01/2034","OCAF",""
"Village Park","75431","200","167","Matt Kim","","","Option 5","","09/30/2037","Massachusetts Housing Finance Agency","","","","","","06/01/2034","10/01/2034","OCAF",""
"Walker Mews","75290","167","166","Matt Kim","","","Option 1","","09/30/2044","Maryland Department of Housing and Community Development","","","","","04/01/2034","06/01/2034","10/01/2034","RCS",""
"Winter Garden","79609","112","112","Claire Beatty","","","Option 1","","10/21/2041","Missouri Housing Development Commission","","","","","","07/01/2034","10/01/2034","OCAF",""
"Augustana Homes of Fairfield","75537","15","15","Mike McKee","","","Option 1","","11/01/2037","Navigate Affordable Housing Partners","","","","","","07/01/2034","10/31/2034","OCAF",""
"Augustana Homes of Greenwich","75535","31","31","Mike McKee","","","Option 1","","10/31/2037","Navigate Affordable Housing Partners","","","","","","07/01/2034","10/31/2034","OCAF",""
"Woodlake Apartments","75584","148","147","Elliot Kohanbash","","","Option 1","","10/31/2044","NJHMFA","","","","","","","10/31/2034","RCS",""
"Allenhurst Apartments","90015","316","316","Matt Kim","","","RAD","","10/31/2039","HUD","","","","","","07/01/2034","11/01/2034","OCAF",""
"Alms Hill","75924","200","200","Matt Kim","","","Option 1","","10/31/2038","HUD","","","","","","07/01/2034","11/01/2034","OCAF",""
"Garden House of Park Forest","75937","145","145","Claire Beatty","","","Option 4","","10/31/2036","National Housing Compliance","","","","","","07/01/2034","11/01/2034","OCAF",""
"Harmon","75955","210","209","Matt Kim","","","Option 1","","10/31/2038","Assisted Housing Services Corporation","","","","","","07/01/2034","11/01/2034","OCAF",""
"Hostmark Village Cove","90075","120","120","Tolga Ayberk","","","Option 1","","10/31/2039","Bremerton Housing Authority","","","","","05/01/2034","07/01/2034","11/01/2034","RCS",""
"Linwood Square","75953","200","200","Tolga Ayberk","","","Option 1","","10/31/2037","SWHCC","","","","","","07/01/2034","11/01/2034","OCAF",""
"Riverview II","75464","343","114","Elliot Kohanbash","","","PBV","","11/15/2043","MHACY","","","","","","08/11/2034","11/01/2034","Request",""
"Stephenville Crossing","75952","86","86","Tolga Ayberk","","","Option 1","","10/31/2037","SWHCC","","","","","","07/01/2034","11/01/2034","OCAF",""
"The Magnolia","75954","65","65","Tolga Ayberk","","","Option 2","","11/01/2037","TDHCA","","","","","","07/01/2034","11/01/2034","OCAF",""
"Van Nuys","7917579173","299","299","Tolga Ayberk","","","Option 3","","","LA LOMOD","","","","","","07/01/2034","11/01/2034","EXPIRES",""
"Mohican","75914","146","146","Mike McKee","","","Option 4","","11/17/2034","Connecticut Housing Finance Authority","","","","","05/18/2034","07/18/2034","11/18/2034","EXPIRES",""
"Asbury","90047","119","119","Claire Beatty","","","Option 1","","11/30/2044","Assisted Housing Services Corporation","","","","","06/01/2034","09/01/2034","12/01/2034","RCS",""
"Asbury Park","90048","44","43","Tolga Ayberk","","","Option 1","","11/30/2040","Colorado Housing and Finance Authority","","","","","","08/01/2034","12/01/2034","OCAF",""
"Elmwood Square","75570","138","6","Matt Kim","","","PBV","","11/30/2042","Buffalo Municipal Housing Authority","","","","","","08/01/2034","12/01/2034","Request",""
"Fairview Housing","90060","124","124","Claire Beatty","","","Option 1","","12/01/2044","Assisted Housing Services Corporation","","","","","06/01/2034","08/01/2034","12/01/2034","RCS",""
"Highland Square","90070","152","152","Mike McKee","","","Option 1","","11/30/2036","S.C. State Housing Finance and Development Authority","","","","","","08/01/2034","12/01/2034","OCAF",""
"John Crawford","75485","96","95","Matt Kim","","","Option 3","","11/30/2033","CGI Federal","","","","","","08/01/2034","12/01/2034","EXPIRES",""
"Noble Tower","75543","195","195","Tolga Ayberk","","","Option 1","","11/30/2039","HUD (HAP)","","","","","06/01/2034","08/01/2034","12/01/2034","RCS",""
"Northcrest Gardens","90085","182","182","Claire Beatty","","","Option 1","","11/30/2044","Ohio Housing Finance Agency","","","","","06/01/2034","09/01/2034","12/01/2034","RCS",""
"Norwalk North","90086","72","72","Claire Beatty","","","Option 1","","12/01/2044","Assisted Housing Services Corporation","","","","","06/01/2034","09/01/2034","12/01/2034","RCS",""
"Park Place","79611","242","242","Claire Beatty","","","Option 1","","10/21/2041","Missouri Housing Development Commission","","","","","","08/01/2034","12/01/2034","OCAF",""
"Round Barn Manor","79613","156","156","Claire Beatty","","","Option 2","","11/30/2043","National Housing Compliance","","","","","","08/01/2034","12/01/2034","OCAF",""
"Trees - Pine","90106","61","61","Claire Beatty","","","Option 1","","11/30/2040","Colorado Housing and Finance Authority","","","","","06/01/2034","09/01/2034","12/01/2034","RCS",""
"Wyandot Square","90108","62","62","Claire Beatty","","","Option 1","","03/31/2029","Assisted Housing Services Corporation","","","","","06/01/2034","09/01/2034","12/01/2034","RCS",""
"Luther Towers","90111","362","362","Claire Beatty","","","SPRAC","","11/30/2043","Delaware State Housing Authority","","","","","","09/06/2034","12/06/2034","OCAF",""
"Ebony Gardens","75566","144","144","Claire Beatty","","","Option 1","","12/31/2040","CGI","","","","","","08/08/2034","12/08/2034","OCAF",""
"Chestnut Park (Skyview)","75541","489","241","Matt Kim","","","RAD 2","","12/11/2038","HUD","","","","","","08/11/2034","12/11/2034","RCS",""
"Riverhead Village","75583","135","135","Elliot Kohanbash","","","Option 1","","12/31/2043","CGI","","","","","","08/14/2034","12/14/2034","OCAF",""
"Cherry Garden","75576","254","252","Elliot Kohanbash","","","Option 1","","12/15/2041","NJHMFA","","","","","","08/16/2034","12/16/2034","OCAF",""
"Olde English Village","75923","200","200","Matt Kim","","","Option 3","","12/17/2035","MassHousing","","","","","","08/18/2034","12/18/2034","OCAF",""
"Westchester Park","90021","201","200","Matt Kim","","","Option 1","","12/27/2043","New York State Housing Trust Fund Corporation","","","","","","08/27/2034","12/27/2034","OCAF",""
"Albright","90046","112","112","Claire Beatty","","","Option 1","","12/31/2044","Assisted Housing Services Corporation","","","","","07/01/2034","10/01/2034","01/01/2035","RCS",""
"Bastrop Oak Grove","90030","48","48","Tolga Ayberk","","","Option 4","","01/01/2039","Southwest Housing Compliance Corporation","","","","","","09/01/2034","01/01/2035","OCAF",""
"Bloomingdale Apartments","75932","111","111","Matt Kim","","","Option 1","","12/31/2043","National Housing Compliance","","","","","","09/01/2034","01/01/2035","OCAF",""
"Clinton Manor","75830","60","60","Mike McKee","","","Option 1","","12/31/2040","SC Housing","","","","","","09/01/2034","01/01/2035","OCAF",""
"Courthouse Square","90055","171","171","Tolga Ayberk","","","Option 1","","12/31/2039","Colorado Housing and Finance Authority","","","","","","09/01/2034","01/01/2035","OCAF",""
"Crevenna Oaks Apartments","667","50","50","Claire Beatty","","","Option 1","","01/01/2044","Navigate Affordable Housing Partners","","","","","","10/01/2034","01/01/2035","OCAF",""
"Faust Landmark Apartments","75532","200","200","Claire Beatty","","","RAD","","07/31/2025","Rockford Housing","","","","","","09/01/2034","01/01/2035","OCAF",""
"Fields Ertel Townhouses","75548","55","55","Matt Kim","","","Option 1","","12/31/2039","Assisted Housing Services Corporation","","","","","07/01/2034","09/01/2034","01/01/2035","RCS",""
"French Apartments","75116","174","174","Mike McKee","","","Option 1","","12/31/2035","CGI","","","","","","09/01/2034","01/01/2035","OCAF",""
"Friendship Court","75831","80","80","Mike McKee","","","Option 2","","12/31/2040","SC State Housing","","","","","","09/01/2034","01/01/2035","OCAF",""
"Hoffman Homes","90073","81","81","Mike McKee","","","Option 1","","01/01/2046","North Carolina Housing Finance Agency","","","","","","09/01/2034","01/01/2035","OCAF",""
"Hondo Brian Place","90037","40","40","Tolga Ayberk","","","Option 1","","01/01/2039","Southwest Housing Compliance Corporation","","","","","","09/01/2034","01/01/2035","OCAF",""
"International House","90076","99","98","Tolga Ayberk","","","Option 1","","12/31/2037","Bremerton Housing Authority","","","","","","09/01/2034","01/01/2035","OCAF",""
"IOOF Tower","90077","28","28","Tolga Ayberk","","","Option 1","","12/31/2040","Bremerton Housing Authority","","","","","","09/01/2034","01/01/2035","OCAF",""
"Loring Towers (MA)","79181","250","140","Matt Kim","","","PBV","","12/31/2042","CTI","","","","","","09/01/2034","01/01/2035","Request",""
"Luther Towers","90111","362","362","Claire Beatty","","","SPRAC","","11/30/2043","Delaware State Housing Authority","","","","","","10/01/2034","01/01/2035","Request",""
"Mad River Manor","90082","74","74","Claire Beatty","","","Option 1","","12/31/2044","Assisted Housing Services Corporation","","","","","07/01/2034","10/01/2035","01/01/2035","RCS",""
"Newberry Arms","75832","60","60","Mike McKee","","","Option 1","","12/31/2040","SC State Housing","","","","","","09/01/2034","01/01/2035","OCAF",""
"Oaks on North Plaza","75544","62","62","Tolga Ayberk","","","Option 1","","12/31/2039","SWHCC","","","","","07/01/2034","09/01/2034","01/01/2035","RCS",""
"Pinewood Gardens","90092","80","80","Claire Beatty","","","Option 2","","12/31/2044","Assisted Housing Services Corporation","","","","","07/01/2034","10/01/2034","01/01/2035","RCS",""
"Riverview Bend","90096","94","94","Claire Beatty","","","Option 1","","12/31/2044","Missouri Housing Development Commission","","","","","07/01/2034","09/01/2034","01/01/2035","RCS",""
"Summit Oaks Apartments","670","50","50","Claire Beatty","","","Option 1","","01/01/2044","Navigate Affordable Housing Partners","","","","","","10/01/2034","01/01/2035","OCAF",""
"Tamarack","90100","100","100","Mike McKee","","","Option 1","","12/31/2046","MSHDA","","","","","","08/01/2034","01/01/2035","OCAF",""
"Westminster Village","75483","432","400","Matt Kim","","","Option 5","","12/31/2043","Massachusetts Housing Finance Agency","","","","","","09/01/2034","01/01/2035","OCAF",""
"Hill Country Villas","HCV1","51","51","Tolga Ayberk","","","Option 1","","02/01/2034","HUD","","","","","","08/01/2034","01/01/2035","OCAF",""
"Halcyon House","90067","197","197","Tolga Ayberk","","","Option 1","","01/03/2036","Colorado Housing and Finance Authority","","","","","","09/04/2034","01/04/2035","OCAF",""
"Arlington Park","90022","130","130","Matt Kim","","","Option 1","","01/31/2037","Massachusetts Housing Finance Agency","","","","","","09/10/2034","01/10/2035","OCAF",""
"Washington Heights","75925","404","366","Matt Kim","","","Option 5","","01/30/2036","Massachusetts Housing Finance Agency","","","","","","09/15/2034","01/15/2035","OCAF",""
"Van Buren Park Apartments","75931","300","299","Matt Kim","","","Option 1","","01/31/2044","National Housing Compliance","","","","","","09/17/2034","01/17/2035","OCAF",""
"Fullerton Court","75918","196","195","Matt Kim","","","Option 1","","01/25/2034","National Housing Compliance","","","","","07/26/2034","09/26/2035","01/26/2035","EXPIRES",""
"Circle Park Apartments","75833","418","239","Claire Beatty","","","Original","","01/31/2041","National Housing Compliance","","","","","","10/01/2034","02/01/2035","OCAF",""
"Clifford House","75577","101","100","Mike McKee","","","Option 1","","08/31/2042","Navigate Affordable Housing Partners","","","","","","11/01/2034","02/01/2035","OCAF",""
"Fairview Gardens","90059","160","160","Mike McKee","","","Option 1","","01/31/2038","S.C. State Housing Finance and Development Authority","","","","","","10/01/2034","02/01/2035","OCAF",""
"Ferncliff South","4640005","84","84","Claire Beatty","","","Option 2","","01/31/2038","Navigate Affordable Housing Partners","","","","","","10/01/2034","02/01/2035","OCAF",""
"Sandburg Village","75902","128","128","Matt Kim","","","Option 4","","02/01/2034","National Housing Compliance","","","","","08/01/2034","10/01/2034","02/01/2035","EXPIRES",""
"Market Square","75568","76","75","Mike McKee","","","Option 1","","02/03/2041","Navigate Affordable Housing Partners","","","","","","10/04/2034","02/04/2035","OCAF",""
"Alpha Towers","90114","165","165","Claire Beatty","","","Option 1","","02/28/2044","Assisted Housing Services Corporation","","","","","","12/01/2034","03/01/2035","OCAF",""
"Country Village","75904","104","104","Matt Kim","","","Option 1","","02/29/2036","National Housing Compliance","","","","","","11/01/2034","03/01/2035","OCAF",""
"Towns at River South","90109","161","75","Claire Beatty","","","RAD","","02/28/2043","Richmond Redevelopment and Housing Authority","","","","","","12/01/2034","03/01/2035","OCAF",""
"Armory Plaza","75582","52","52","Claire Beatty","","","Option 1","","03/20/2044","New York State Housing Trust Fund Corporation","","","","","","11/22/2034","03/22/2035","OCAF",""
"Barnum House","75569","84","83","Mike McKee","","","Option 1","","03/31/2041","Navigate Affordable Housing Partners","","","","","","12/01/2034","04/01/2035","OCAF",""
"Bella Vista","79605","100","100","Tolga Ayberk","","","Option 1","","03/31/2041","Southwest Housing Compliance Corporation","","","","","","01/01/2035","04/01/2035","OCAF",""
"Chelsea Square Apartments","82113","","","","","","","","","","","","","","11/01/2034","02/01/2035","04/01/2035","OCAF",""
"Mapleview Towers","75567","101","100","Mike McKee","","","Option 1","","03/31/2041","Navigate Affordable Housing Partners","","","","","","12/01/2034","04/01/2035","OCAF",""
"Marshall Field","75911","628","628","Matt Kim","","","Option 1","","04/30/2035","National Housing Compliance","","","","","10/01/2034","12/01/2034","04/01/2035","EXPIRES",""
"Montgomery Gateway","90024","190","189","Elliot Kohanbash","","","Option 1","","03/31/2045","NJHMFA","","","","","10/01/2034","12/01/2034","04/01/2035","RCS",""
"Montview Heights","90084","50","50","Tolga Ayberk","","","Option 1","","03/31/2040","Colorado Housing and Finance Authority","","","","","10/01/2034","12/01/2034","04/01/2035","RCS",""
"MORH Housing","75927","126","125","Tolga Ayberk","","","Original","","03/31/2036","CAHI","","","","","","12/01/2034","04/01/2035","OCAF",""
"Oak Center","75926","77","77","Tolga Ayberk","","","Option 1","","03/31/2036","CAHI","","","","","","12/01/2034","04/01/2035","OCAF",""
"Park Club Apartments","75835","56","55","Mike McKee","","","Option 1","","03/31/2042","Wisconsin Housing & Economic Development Authority","","","","","","01/01/2035","04/01/2035","OCAF",""
"Riverwood","4640013","83","83","Mike McKee","","","Option 1","","03/31/2035","Navigate Affordable Housing Partners","","","","","10/01/2034","12/01/2034","04/01/2035","EXPIRES",""
"Riverwoods Apartments","79621","125","125","Claire Beatty","","","Option 2","","12/31/2043","CGI","","","","","","12/01/2034","04/01/2035","OCAF",""
"Roosevelt Apartments","90020","114","113","Matt Kim","","","Option 3","","03/31/2026","CGI","","","","","","","04/01/2035","OCAF",""
"Southern Hills/Orlando","75834","212","212","Claire Beatty","","","Option 1","","03/31/2042","National Housing Compliance","","","","","","12/01/2034","04/01/2035","OCAF",""
"Spring Creek","75828","137","137","Matt Kim","","","Option 1","","03/31/2041","National Housing Compliance","","","","","","12/01/2034","04/01/2035","OCAF",""
"St. James Residences","9200045","148","148","Elliot Kohanbash","","","Option 1","","04/01/2045","North Tampa Housing Development Corporation","","","","","10/01/2034","12/01/2034","04/01/2035","RCS",""
"Malcolm Towers","90044","226","225","Elliot Kohanbash","","","Option 2","","04/30/2040","NJHMFA","","","","","10/28/2034","12/28/2034","04/28/2035","RCS",""
"Arvada House","79619","88","88","Tolga Ayberk","","","Option 1","","04/30/2043","Colorado Housing and Finance Authority","","","","","","01/01/2035","05/01/2035","OCAF",""
"Crossroads of New Brighton","75947","172","172","Mike McKee","","","Option 1","","04/30/2036","Minn Housing","","","","","","01/01/2035","05/01/2035","OCAF",""
"Crossroads of Shoreview","75948","44","44","Mike McKee","","","Option 2","","04/30/2036","Minn Housing","","","","","","01/01/2035","05/01/2035","OCAF",""
"Darby Townhouses","90056","172","168","Claire Beatty","","","Option 2","","12/31/2032","Pennsylvania Housing Finance Agency","","","","","05/01/2035","02/01/2035","05/01/2035","RCS",""
"Hacienda Del Rio","90120","146","146","Tolga Ayberk","","","Option 1","","05/01/2044","Arizona Department of Housing","","","","","","01/01/2035","05/01/2035","OCAF",""
"Park Bluff","75951","186","185","Mike McKee","","","Option 1","","03/31/2035","Wisconsin Housing & Economic Development Authority","","","","","11/01/2034","01/01/2035","05/01/2035","EXPIRES",""
"Pineview at Grogran's Mill","79606","300","300","Tolga Ayberk","","","Option 1","","04/30/2041","SWHCC","","","","","","01/01/2035","05/01/2035","OCAF",""
"Poplar Grove","90117","130","128","Mike McKee","","","Option 1","","04/30/2044","North Carolina Housing Finance Agency","","","","","","01/01/2035","05/01/2035","OCAF",""
"Ridgewood at Panther Creek","79607","300","300","Tolga Ayberk","","","Option 1","","04/30/2041","SWHCC","","","","","","01/01/2035","05/01/2035","OCAF",""
"Shiloh Village","75572","168","168","Tolga Ayberk","","","Option 1","","05/01/2041","SWHCC","","","","","","01/01/2035","05/01/2035","OCAF",""
"Shoreline Plaza Apartments","79604","230","187","Mike McKee","","","Option 1","","04/30/2041","Minnesota Housing Finance Agency","","","","","","01/01/2035","05/01/2035","OCAF",""
"Sumler Terrace","4640014","126","126","Elliot Kohanbash","","","Option 1","","04/30/2037","Virginia Housing Development Authority","","","","","","01/01/2035","05/01/2035","OCAF",""
"Trees - Willow","90107","63","63","Claire Beatty","","","Option 1","","04/30/2040","Colorado Housing and Finance Authority","","","","","","01/01/2035","05/01/2035","OCAF",""
"Woodman West","90112","197","196","Elliot Kohanbash","","","Option 1","","03/31/2044","Navigate Affordable Housing Partners","","","","","","02/01/2035","05/01/2035","OCAF",""
"Fairview Homes","75920","136","135","Elliot Kohanbash","","","Option 2","","05/07/2035","NJHMFA","","","","","11/07/2034","01/07/2035","05/07/2035","EXPIRES",""
"Hershey Plaza","75587","216","215","Claire Beatty","","","Option 1","","05/31/2037","Pennsylvania Housing Finance Agency","","","","","","02/28/2035","05/31/2035","OCAF",""
"Bannock Arms","90051","66","66","Tolga Ayberk","","","Option 1","","05/31/2039","Idaho Housing and Finance Association","","","","","","02/01/2035","06/01/2035","OCAF",""
"Branford Manor","75930","442","441","Mike McKee","","","Option 1","","06/01/2037","Navigate Affordable Housing Partners","","","","","","02/01/2035","06/01/2035","OCAF",""
"Country Club Heights","79612","200","120","Claire Beatty","","","RAD","","04/01/2041","Quincy PHA","","","","","","02/01/2035","06/01/2035","OCAF",""
"Crossroads of Edina","75946","64","26","Mike McKee","","","Option 2","","05/31/2036","Minn Housing","","","","","","02/01/2035","06/01/2035","OCAF",""
"Hopkins Village","79623","165","164","Matt Kim","","","Option 1","","06/01/2045","MDHCD","","","","","12/01/2034","02/01/2035","06/01/2035","RCS",""
"Lake Worth Towers","90110","195","195","Elliot Kohanbash","","","PBV","","05/09/2043","Palm Beach County Housing Authority","","","","","","03/01/2035","06/01/2035","Request",""
"Northgate Terrace","75919","201","155","Tolga Ayberk","","","Option 2","","05/31/2035","CAHI","","","","","12/01/2034","02/01/2035","06/01/2035","EXPIRES",""
"Oaks on Clark","79602","80","80","Tolga Ayberk","","","Option 2","","05/31/2040","SWHCC","","","","","12/01/2034","02/01/2035","06/01/2035","RCS",""
"Parkside Houses","90017","180","122","Matt Kim","","","RAD","","05/31/2036","HUD","","","","","","02/01/2035","06/01/2035","OCAF",""
"River Trails","79614","220","215","Tolga Ayberk","","","Option 2","","05/31/2042","SWHCC","","","","","","04/01/2035","06/01/2035","OCAF",""
"South Bay Villa","79608","80","80","Tolga Ayberk","","","Option 1","","05/27/2041","LA LOMOD","","","","","","02/01/2035","06/01/2035","OCAF",""
"Oceanport Gardens","75563","101","100","Elliot Kohanbash","","","Option 1","","06/27/2039","NJHMFA","","","","","","02/28/2035","06/28/2035","OCAF",""
"Marine Terrace","75922","497","441","Mike McKee","","","Option 1","","06/29/2036","CGI","","","","","","03/01/2035","06/30/2035","OCAF",""
"333 Holly","75704","332","139","Tolga Ayberk","","","Option 1","","06/30/2040","SWHCC","","","","","01/01/2035","03/01/2035","07/01/2035","RCS",""
"Butternut Creek","79617","100","198","Mike McKee","","","Option 2","","06/30/2043","MSHDA","","","","","","03/01/2035","07/01/2035","OCAF",""
"Campbell Terrace","75547","249","249","Claire Beatty","","","Option 1","","06/30/2039","National Housing Compliance","","","","","","03/01/2035","07/01/2035","OCAF",""
"Crossroads of East Ravenswood","75936","124","124","Claire Beatty","","","Option 1","","06/30/2036","National Housing Compliance","","","","","","03/01/2035","07/01/2035","OCAF",""
"Greenport","75468","366","364","Elliot Kohanbash","","","Option 1","","01/31/2029","CGI","","","","","","03/01/2035","07/01/2035","OCAF",""
"Morningside Court","75573","171","171","Claire Beatty","","","Option 1","","06/30/2041","National Housing Compliance","","","","","","03/01/2035","07/01/2035","OCAF",""
"Northgate Village","75542","168","168","Tolga Ayberk","","","Option 1","","06/30/2039","SWHA","","","","","","03/01/2035","07/01/2035","OCAF",""
"Nottingham Towers","90113","165","156","Mike McKee","","","Option 1","","05/31/2044","Navigate Affordable Housing Partners","","","","","01/01/2035","03/01/2035","07/01/2035","RCS",""
"Shoreview Apartments","79627","156","156","Tolga Ayberk","","","Option 1","","07/01/2044","CAHI","","","","","","03/01/2035","07/01/2035","OCAF",""
"State Street","75929","51","51","Mike McKee","","","Option 5","","06/30/2036","Wisconsin Housing & Economic Development Authority","","","","","","03/01/2035","07/01/2035","Request",""
"Terrific Tenements","75475","88","88","Elliot Kohanbash","","","Option 1","","07/01/2045","CGI","","","","","01/01/2035","03/01/2035","07/01/2035","RCS",""
"Terry Manor Apartments","79628","170","170","Tolga Ayberk","","","Option 1","","07/01/2044","LA LOMOD","","","","","","03/01/2035","07/01/2035","OCAF",""
"The Pines","75705","152","152","Tolga Ayberk","","","Option 1","","06/30/2040","SWHCC","","","","","01/01/2035","03/01/2035","07/01/2035","RCS",""
"Tompkins Terrace","79622","193","61","Claire Beatty","","","PBV","","02/01/2040","City of Beacon Housing Authority","","","","","","03/01/2035","07/01/2035","Request",""
"Trees - Maple","90105","83","83","Claire Beatty","","","Option 1","","06/30/2037","Colorado Housing and Finance Authority","","","","","","04/01/2035","07/01/2035","OCAF",""
"Woodland Hills","79610","125","125","Mike McKee","","","Option 1","","06/30/2041","MSHDA","","","","","","03/01/2035","07/01/2035","OCAF",""
"Woodland Towers","75934","104","104","Claire Beatty","","","Option 1","","06/30/2036","National Housing Compliance","","","","","","03/01/2035","07/01/2035","OCAF",""
"Walden","75921","89","89","Elliot Kohanbash","","","Option 1","","07/14/2035","CGI","","","","","01/15/2035","03/15/2035","07/15/2035","EXPIRES",""
"All Hallows","79624","157","150","Tolga Ayberk","","","Option 1","","01/31/2026","CAHI","","","","","","04/01/2035","08/01/2035","OCAF",""
"Beacon Hill","79618","198","198","Mike McKee","","","Option 1","","07/31/2043","MSHDA","","","","","","06/01/2035","08/01/2035","OCAF",""
"Federation Plaza","90062","124","123","Elliot Kohanbash","","","Option 1","","07/31/2045","CGI","","","","","02/01/2035","04/01/2035","08/01/2035","RCS",""
"Gates Mills Villa","90064","191","175","Claire Beatty","","","Option 1","","08/01/2044","Assisted Housing Services Corporation","","","","","","05/01/2035","08/01/2035","OCAF",""
"Golden Link Manor","90065","31","31","Tolga Ayberk","","","Option 4","","07/31/2036","Bremerton Housing Authority","","","","","","04/01/2035","08/01/2035","OCAF",""
"James Court","90078","50","50","Tolga Ayberk","","","Option 1","","07/31/2040","HUD","","","","","","05/01/2035","08/01/2035","RCS",""
"La Salle","79626","145","142","Tolga Ayberk","","","Option 1","","01/31/2026","CAHI","","","","","","04/01/2035","08/01/2035","OCAF",""
"Manhattan Plaza","75425","1689","1689","Claire Beatty","","","Option 1","","07/31/2037","HPD","","","","","","04/01/2035","08/01/2035","OCAF",""
"Northpoint","79603","304","304","Claire Beatty","","","Option 1","","07/31/2040","National Housing Compliance","","","","","02/01/2035","04/01/2035","08/01/2035","RCS",""
"Squire Village","90099","51","50","Tolga Ayberk","","","Option 4","","07/31/2040","Colorado Housing and Finance Authority","","","","","02/01/2035","04/01/2035","08/01/2035","RCS",""
"Augustana Homes","75499","186","180","Mike McKee","","","Option 1","","06/17/2033","Navigate Affordable Housing Partners","","","","","03/01/2035","06/01/2035","09/01/2035","RCS",""
"Avon Towers","90049","125","125","Mike McKee","","","Option 1","","08/31/2044","MSHDA","","","","","","05/01/2035","09/01/2035","OCAF",""
"Bayview","79625","146","113","Tolga Ayberk","","","Option 1","","01/31/2026","CAHI","","","","","","05/01/2035","09/01/2035","OCAF",""
"Clarendon Court","75546","152","152","Claire Beatty","","","Option 1","","08/31/2038","National Housing Compliance","","","","","","05/01/2035","09/01/2035","OCAF",""
"Garden House of River Oaks II","75935","145","145","Claire Beatty","","","Option 4","","08/31/2036","HUD","","","","","","05/01/2035","09/01/2035","OCAF",""
"Gates Manor","75933","51","51","Claire Beatty","","","Option 1","","08/31/2036","National Housing Compliance","","","","","","05/01/2035","09/01/2035","OCAF",""
"Luther Towers","90111","362","362","Claire Beatty","","","SPRAC","","11/30/2043","Delaware State Housing Authority","","","","","","05/01/2035","09/01/2035","OCAF",""
"Midtown Estates","90083","88","87","Claire Beatty","","","Option 1","","08/31/2044","THDA","","","","","","06/01/2035","09/01/2035","OCAF",""
"Oaks on Lamar","75539","176","74","Tolga Ayberk","","","Option 1","","08/31/2038","SWHCC","","","","","","05/01/2035","09/01/2035","OCAF",""
"Peterson Plaza","75917","189","189","Mike McKee","","","Option 1","","08/31/2035","National Housing Compliance","","","","","03/01/2035","05/01/2035","09/01/2035","EXPIRES",""
"Plaza Apartments","90128","191","190","Claire Beatty","","","Option 1","","01/31/2037","Missouri Housing Development Commission","","","","","","06/01/2035","09/01/2035","OCAF",""
"River Run","75486","141","140","Mike McKee","","","Option 4","","04/01/2032","Navigate Affordable Housing Partners","","","","","03/01/2035","06/01/2035","09/01/2035","RCS",""
"Riverside Townhomes","75540","128","128","Tolga Ayberk","","","Option 1","","08/31/2038","SWHCC","","","","","","05/01/2035","09/01/2035","OCAF",""
"Sheridan Park","75498","102","10","Matt Kim","","","Section 811","","08/31/2038","NHC","","","","","","05/01/2035","09/01/2035","Request",""
"Somers Point Apartments","75578","225","224","Elliot Kohanbash","","","Option 1","","08/31/2045","NJHMFA","","","","","09/01/2035","05/01/2035","09/01/2035","RCS",""
"South Shore Apartments","7962079615","446","446","Mike McKee","","","Option 1","","06/30/2043","National Housing Compliance","","","","","03/01/2035","04/01/2035","09/01/2035","RCS",""
"St. Andrews Residences","940005","177","177","Elliot Kohanbash","","","PBV","","08/31/2041","West Palm Beach Housing Authority","","","","","","05/01/2035","09/01/2035","Request",""
"The Biltmore Towers","79601","230","230","Matt Kim","","","Option 3","","08/31/2040","Assisted Housing Services Corporation","","","","","","05/01/2035","09/01/2035","OCAF",""
"The Greenhouse","90119","80","79","Matt Kim","","","","","08/31/2043","MassHousing","","","","","","06/01/2035","09/01/2035","OCAF",""
"Trees - Holly","90104","94","94","Claire Beatty","","","Option 2","","08/31/2035","Colorado Housing and Finance Authority","","","","","03/01/2035","06/01/2035","09/01/2035","EXPIRES",""
"Holly House","75564","42","42","Elliot Kohanbash","","","Option 1","","09/23/2040","NJHMFA","","","","","03/24/2035","05/24/2035","09/24/2035","RCS",""
"Alaska House","90045","105","105","Tolga Ayberk","","","Option 1","","09/30/2040","Bremerton Housing Authority","","","","","04/01/2035","06/01/2035","10/01/2035","RCS",""
"Ashley Oaks","4640003","250","250","Matt Kim","","","RAD","","09/30/2036","HUD","","","","","","06/01/2035","10/01/2035","OCAF",""
"Brewster Mews","90016","216","215","Matt Kim","","","","","09/30/2041","HUD","","","","","","06/01/2035","10/01/2035","OCAF",""
"Charter Village","90054","250","220","Claire Beatty","","","Option 1","","09/30/2043","THDA","","","","","","06/01/2035","10/01/2035","OCAF",""
"Colonial Village","75708","66","66","Matt Kim","","","Option 1","","09/30/2041","HUD","","","","","","06/01/2035","10/01/2035","OCAF",""
"Dawson Square","90057","36","36","Tolga Ayberk","","","Option 1","","09/30/2040","Colorado Housing and Finance Authority","","","","","04/01/2035","06/01/2035","10/01/2035","RCS",""
"Helios Station","90069","30","30","Tolga Ayberk","","","Option 1","","09/30/2040","Colorado Housing and Finance Authority","","","","","04/01/2035","06/01/2035","10/01/2035","RCS",""
"Horizon Square","90074","92","92","Claire Beatty","","","Option 1","","09/30/2037","THDA","","","","","","07/01/2035","10/01/2035","OCAF",""
"Lathrop Homes IA","75545","414","151","Mike McKee","","","PBV","","09/30/2037","Chicago Housing Authority","","","","","","08/01/2035","10/01/2035","Request",""
"New Baltimore Place","79616","101","100","Mike McKee","","","Option 1","","05/31/2043","MSHDA","","","","","","06/01/2035","10/01/2035","OCAF",""
"Newman Village","4640002","99","99","Mike McKee","","","RAD","","09/30/2036","HUD","","","","","","06/01/2035","10/01/2035","OCAF",""
"Northcross Townhomes","2640001","99","99","Mike McKee","","","Option 1","","09/30/2039","North Carolina Housing Finance Agency","","","","","","06/01/2035","10/01/2035","OCAF",""
"Princeton Court Apartments","90019","304","144","Matt Kim","","","Option 1","","09/30/2041","NYS Housing Trust Fund","","","","","","06/01/2035","10/01/2035","OCAF",""
"Tiffany Square","90102","52","52","Tolga Ayberk","","","Option 2","","09/30/2040","Colorado Housing and Finance Authority","","","","","","07/01/2035","10/01/2035","OCAF",""
"Trees - Ash","90103","53","53","Claire Beatty","","","Option 1","","09/30/2039","Colorado Housing and Finance Authority","","","","","","07/01/2035","10/01/2035","OCAF",""
"Universal City","75565","160","159","Claire Beatty","","","Option 3","","09/30/2037","National Housing Compliance","","","","","","06/01/2035","10/01/2035","OCAF",""
"Village Park","75431","200","167","Matt Kim","","","Option 5","","09/30/2037","Massachusetts Housing Finance Agency","","","","","","06/01/2035","10/01/2035","OCAF",""
"Walker Mews","75290","167","166","Matt Kim","","","Option 1","","09/30/2044","Maryland Department of Housing and Community Development","","","","","","06/01/2035","10/01/2035","OCAF",""
"Winter Garden","79609","112","112","Claire Beatty","","","Option 1","","10/21/2041","Missouri Housing Development Commission","","","","","","07/01/2035","10/01/2035","OCAF",""
"Augustana Homes of Fairfield","75537","15","15","Mike McKee","","","Option 1","","11/01/2037","Navigate Affordable Housing Partners","","","","","","07/01/2035","10/31/2035","OCAF",""
"Augustana Homes of Greenwich","75535","31","31","Mike McKee","","","Option 1","","10/31/2037","Navigate Affordable Housing Partners","","","","","","07/01/2035","10/31/2035","OCAF",""
"Woodlake Apartments","75584","148","147","Elliot Kohanbash","","","Option 1","","10/31/2044","NJHMFA","","","","","","","10/31/2035","OCAF",""
"Allenhurst Apartments","90015","316","316","Matt Kim","","","RAD","","10/31/2039","HUD","","","","","","07/01/2035","11/01/2035","OCAF",""
"Alms Hill","75924","200","200","Matt Kim","","","Option 1","","10/31/2038","HUD","","","","","","07/01/2035","11/01/2035","OCAF",""
"Garden House of Park Forest","75937","145","145","Claire Beatty","","","Option 4","","10/31/2036","National Housing Compliance","","","","","","07/01/2035","11/01/2035","OCAF",""
"Harmon","75955","210","209","Matt Kim","","","Option 1","","10/31/2038","Assisted Housing Services Corporation","","","","","","07/01/2035","11/01/2035","OCAF",""
"Hostmark Village Cove","90075","120","120","Tolga Ayberk","","","Option 1","","10/31/2039","Bremerton Housing Authority","","","","","","07/01/2035","11/01/2035","OCAF",""
"Linwood Square","75953","200","200","Tolga Ayberk","","","Option 1","","10/31/2037","SWHCC","","","","","","07/01/2035","11/01/2035","OCAF",""
"Riverview II","75464","343","114","Elliot Kohanbash","","","PBV","","11/15/2043","MHACY","","","","","","08/11/2035","11/01/2035","Request",""
"Stephenville Crossing","75952","86","86","Tolga Ayberk","","","Option 1","","10/31/2037","SWHCC","","","","","","07/01/2035","11/01/2035","OCAF",""
"The Magnolia","75954","65","65","Tolga Ayberk","","","Option 2","","11/01/2037","TDHCA","","","","","","07/01/2035","11/01/2035","OCAF",""
"Asbury","90047","119","119","Claire Beatty","","","Option 1","","11/30/2044","Assisted Housing Services Corporation","","","","","","09/01/2035","12/01/2035","OCAF",""
"Asbury Park","90048","44","43","Tolga Ayberk","","","Option 1","","11/30/2040","Colorado Housing and Finance Authority","","","","","06/01/2035","08/01/2035","12/01/2035","RCS",""
"Elmwood Square","75570","138","6","Matt Kim","","","PBV","","11/30/2042","Buffalo Municipal Housing Authority","","","","","","08/01/2035","12/01/2035","Request",""
"Fairview Housing","90060","124","124","Claire Beatty","","","Option 1","","12/01/2044","Assisted Housing Services Corporation","","","","","","08/01/2035","12/01/2035","OCAF",""
"Highland Square","90070","152","152","Mike McKee","","","Option 1","","11/30/2036","S.C. State Housing Finance and Development Authority","","","","","","08/01/2035","12/01/2035","OCAF",""
"Noble Tower","75543","195","195","Tolga Ayberk","","","Option 1","","11/30/2039","HUD (HAP)","","","","","","08/01/2035","12/01/2035","OCAF",""
"Northcrest Gardens","90085","182","182","Claire Beatty","","","Option 1","","11/30/2044","Ohio Housing Finance Agency","","","","","","09/01/2035","12/01/2035","OCAF",""
"Norwalk North","90086","72","72","Claire Beatty","","","Option 1","","12/01/2044","Assisted Housing Services Corporation","","","","","","09/01/2035","12/01/2035","OCAF",""
"Park Place","79611","242","242","Claire Beatty","","","Option 1","","10/21/2041","Missouri Housing Development Commission","","","","","","08/01/2035","12/01/2035","OCAF",""
"Round Barn Manor","79613","156","156","Claire Beatty","","","Option 2","","11/30/2043","National Housing Compliance","","","","","","08/01/2035","12/01/2035","OCAF",""
"Trees - Pine","90106","61","61","Claire Beatty","","","Option 1","","11/30/2040","Colorado Housing and Finance Authority","","","","","","09/01/2035","12/01/2035","OCAF",""
"Wyandot Square","90108","62","62","Claire Beatty","","","Option 1","","03/31/2029","Assisted Housing Services Corporation","","","","","","09/01/2035","12/01/2035","OCAF",""
"Luther Towers","90111","362","362","Claire Beatty","","","SPRAC","","11/30/2043","Delaware State Housing Authority","","","","","","09/06/2035","12/06/2035","OCAF",""
"Ebony Gardens","75566","144","144","Claire Beatty","","","Option 1","","12/31/2040","CGI","","","","","06/08/2035","08/08/2035","12/08/2035","RCS",""
"Chestnut Park (Skyview)","75541","489","241","Matt Kim","","","RAD 2","","12/11/2038","HUD","","","","","","08/11/2035","12/11/2035","RCS",""
"Riverhead Village","75583","135","135","Elliot Kohanbash","","","Option 1","","12/31/2043","CGI","","","","","","08/14/2035","12/14/2035","OCAF",""
"Cherry Garden","75576","254","252","Elliot Kohanbash","","","Option 1","","12/15/2041","NJHMFA","","","","","","08/16/2035","12/16/2035","OCAF",""
"Olde English Village","75923","200","200","Matt Kim","","","Option 3","","12/17/2035","MassHousing","","","","","06/18/2035","08/18/2035","12/18/2035","EXPIRES",""
"Westchester Park","90021","201","200","Matt Kim","","","Option 1","","12/27/2043","New York State Housing Trust Fund Corporation","","","","","","08/27/2035","12/27/2035","OCAF",""
"Albright","90046","112","112","Claire Beatty","","","Option 1","","12/31/2044","Assisted Housing Services Corporation","","","","","","10/01/2035","01/01/2036","OCAF",""
"Bastrop Oak Grove","90030","48","48","Tolga Ayberk","","","Option 4","","01/01/2039","Southwest Housing Compliance Corporation","","","","","","09/01/2035","01/01/2036","OCAF",""
"Bloomingdale Apartments","75932","111","111","Matt Kim","","","Option 1","","12/31/2043","National Housing Compliance","","","","","","09/01/2035","01/01/2036","OCAF",""
"Clinton Manor","75830","60","60","Mike McKee","","","Option 1","","12/31/2040","SC Housing","","","","","07/01/2035","09/01/2035","01/01/2036","RCS",""
"Courthouse Square","90055","171","171","Tolga Ayberk","","","Option 1","","12/31/2039","Colorado Housing and Finance Authority","","","","","07/01/2035","09/01/2035","01/01/2036","RCS",""
"Crevenna Oaks Apartments","667","50","50","Claire Beatty","","","Option 1","","01/01/2044","Navigate Affordable Housing Partners","","","","","","10/01/2035","01/01/2036","OCAF",""
"Faust Landmark Apartments","75532","200","200","Claire Beatty","","","RAD","","07/31/2025","Rockford Housing","","","","","","09/01/2035","01/01/2036","OCAF",""
"Fields Ertel Townhouses","75548","55","55","Matt Kim","","","Option 1","","12/31/2039","Assisted Housing Services Corporation","","","","","","09/01/2035","01/01/2036","OCAF",""
"French Apartments","75116","174","174","Mike McKee","","","Option 1","","12/31/2035","CGI","","","","","","09/01/2035","01/01/2036","EXPIRES",""
"Friendship Court","75831","80","80","Mike McKee","","","Option 2","","12/31/2040","SC State Housing","","","","","07/01/2035","09/01/2035","01/01/2036","RCS",""
"Hoffman Homes","90073","81","81","Mike McKee","","","Option 1","","01/01/2046","North Carolina Housing Finance Agency","","","","","","09/01/2035","01/01/2036","RCS",""
"Hondo Brian Place","90037","40","40","Tolga Ayberk","","","Option 1","","01/01/2039","Southwest Housing Compliance Corporation","","","","","","09/01/2035","01/01/2036","OCAF",""
"International House","90076","99","98","Tolga Ayberk","","","Option 1","","12/31/2037","Bremerton Housing Authority","","","","","","09/01/2035","01/01/2036","OCAF",""
"IOOF Tower","90077","28","28","Tolga Ayberk","","","Option 1","","12/31/2040","Bremerton Housing Authority","","","","","07/01/2035","09/01/2035","01/01/2036","RCS",""
"Loring Towers (MA)","79181","250","140","Matt Kim","","","PBV","","12/31/2042","CTI","","","","","","09/01/2035","01/01/2036","Request",""
"Luther Towers","90111","362","362","Claire Beatty","","","SPRAC","","11/30/2043","Delaware State Housing Authority","","","","","","10/01/2035","01/01/2036","Request",""
"Mad River Manor","90082","74","74","Claire Beatty","","","Option 1","","12/31/2044","Assisted Housing Services Corporation","","","","","","10/01/2036","01/01/2036","OCAF",""
"Newberry Arms","75832","60","60","Mike McKee","","","Option 1","","12/31/2040","SC State Housing","","","","","07/01/2035","09/01/2035","01/01/2036","RCS",""
"Oaks on North Plaza","75544","62","62","Tolga Ayberk","","","Option 1","","12/31/2039","SWHCC","","","","","","09/01/2035","01/01/2036","OCAF",""
"Pinewood Gardens","90092","80","80","Claire Beatty","","","Option 2","","12/31/2044","Assisted Housing Services Corporation","","","","","","10/01/2035","01/01/2036","OCAF",""
"Riverview Bend","90096","94","94","Claire Beatty","","","Option 1","","12/31/2044","Missouri Housing Development Commission","","","","","","09/01/2035","01/01/2036","OCAF",""
"Summit Oaks Apartments","670","50","50","Claire Beatty","","","Option 1","","01/01/2044","Navigate Affordable Housing Partners","","","","","","10/01/2035","01/01/2036","OCAF",""
"Tamarack","90100","100","100","Mike McKee","","","Option 1","","12/31/2046","MSHDA","","","","","","08/01/2035","01/01/2036","RCS",""
"Westminster Village","75483","432","400","Matt Kim","","","Option 5","","12/31/2043","Massachusetts Housing Finance Agency","","","","","","09/01/2035","01/01/2036","OCAF",""
"Hill Country Villas","HCV1","51","51","Tolga Ayberk","","","Option 1","","02/01/2034","HUD","","","","","","08/01/2035","01/01/2036","OCAF",""
"Halcyon House","90067","197","197","Tolga Ayberk","","","Option 1","","01/03/2036","Colorado Housing and Finance Authority","","","","","07/04/2035","09/04/2035","01/04/2036","EXPIRES",""
"Arlington Park","90022","130","130","Matt Kim","","","Option 1","","01/31/2037","Massachusetts Housing Finance Agency","","","","","","09/10/2035","01/10/2036","OCAF",""
"Washington Heights","75925","404","366","Matt Kim","","","Option 5","","01/30/2036","Massachusetts Housing Finance Agency","","","","","07/15/2035","09/15/2035","01/15/2036","EXPIRES",""
"Van Buren Park Apartments","75931","300","299","Matt Kim","","","Option 1","","01/31/2044","National Housing Compliance","","","","","","09/17/2035","01/17/2036","OCAF",""
"Circle Park Apartments","75833","418","239","Claire Beatty","","","Original","","01/31/2041","National Housing Compliance","","","","","08/01/2035","10/01/2035","02/01/2036","RCS",""
"Clifford House","75577","101","100","Mike McKee","","","Option 1","","08/31/2042","Navigate Affordable Housing Partners","","","","","08/01/2035","11/01/2035","02/01/2036","RCS",""
"Fairview Gardens","90059","160","160","Mike McKee","","","Option 1","","01/31/2038","S.C. State Housing Finance and Development Authority","","","","","","10/01/2035","02/01/2036","OCAF",""
"Ferncliff South","4640005","84","84","Claire Beatty","","","Option 2","","01/31/2038","Navigate Affordable Housing Partners","","","","","","10/01/2035","02/01/2036","OCAF",""
"Market Square","75568","76","75","Mike McKee","","","Option 1","","02/03/2041","Navigate Affordable Housing Partners","","","","","08/04/2035","10/04/2035","02/04/2036","RCS",""
"Alpha Towers","90114","165","165","Claire Beatty","","","Option 1","","02/28/2044","Assisted Housing Services Corporation","","","","","","12/01/2035","03/01/2036","OCAF",""
"Country Village","75904","104","104","Matt Kim","","","Option 1","","02/29/2036","National Housing Compliance","","","","","09/01/2035","11/01/2035","03/01/2036","EXPIRES",""
"Towns at River South","90109","161","75","Claire Beatty","","","RAD","","02/28/2043","Richmond Redevelopment and Housing Authority","","","","","","12/01/2035","03/01/2036","OCAF",""
"Armory Plaza","75582","52","52","Claire Beatty","","","Option 1","","03/20/2044","New York State Housing Trust Fund Corporation","","","","","","11/22/2035","03/22/2036","OCAF",""
"Roosevelt Apartments","90020","114","113","Matt Kim","","","Option 3","","03/31/2026","CGI","","","","","","","03/24/2036","EXPIRES",""
"Barnum House","75569","84","83","Mike McKee","","","Option 1","","03/31/2041","Navigate Affordable Housing Partners","","","","","10/01/2035","12/01/2035","04/01/2036","RCS",""
"Bella Vista","79605","100","100","Tolga Ayberk","","","Option 1","","03/31/2041","Southwest Housing Compliance Corporation","","","","","10/01/2035","01/01/2036","04/01/2036","RCS",""
"Chelsea Square Apartments","82113","","","","","","","","","","","","","","","02/01/2036","04/01/2036","OCAF",""
"Mapleview Towers","75567","101","100","Mike McKee","","","Option 1","","03/31/2041","Navigate Affordable Housing Partners","","","","","10/01/2035","12/01/2035","04/01/2036","RCS",""
"Montgomery Gateway","90024","190","189","Elliot Kohanbash","","","Option 1","","03/31/2045","NJHMFA","","","","","","12/01/2035","04/01/2036","OCAF",""
"Montview Heights","90084","50","50","Tolga Ayberk","","","Option 1","","03/31/2040","Colorado Housing and Finance Authority","","","","","","12/01/2035","04/01/2036","OCAF",""
"MORH Housing","75927","126","125","Tolga Ayberk","","","Original","","03/31/2036","CAHI","","","","","10/01/2035","12/01/2035","04/01/2036","EXPIRES",""
"Oak Center","75926","77","77","Tolga Ayberk","","","Option 1","","03/31/2036","CAHI","","","","","10/01/2035","12/01/2035","04/01/2036","EXPIRES",""
"Park Club Apartments","75835","56","55","Mike McKee","","","Option 1","","03/31/2042","Wisconsin Housing & Economic Development Authority","","","","","","01/01/2036","04/01/2036","OCAF",""
"Riverwoods Apartments","79621","125","125","Claire Beatty","","","Option 2","","12/31/2043","CGI","","","","","","12/01/2035","04/01/2036","OCAF",""
"Southern Hills/Orlando","75834","212","212","Claire Beatty","","","Option 1","","03/31/2042","National Housing Compliance","","","","","","12/01/2035","04/01/2036","OCAF",""
"Spring Creek","75828","137","137","Matt Kim","","","Option 1","","03/31/2041","National Housing Compliance","","","","","10/01/2035","12/01/2035","04/01/2036","RCS",""
"St. James Residences","9200045","148","148","Elliot Kohanbash","","","Option 1","","04/01/2045","North Tampa Housing Development Corporation","","","","","","12/01/2035","04/01/2036","OCAF",""
"Malcolm Towers","90044","226","225","Elliot Kohanbash","","","Option 2","","04/30/2040","NJHMFA","","","","","","12/28/2035","04/28/2036","OCAF",""
"Arvada House","79619","88","88","Tolga Ayberk","","","Option 1","","04/30/2043","Colorado Housing and Finance Authority","","","","","","01/01/2036","05/01/2036","OCAF",""
"Crossroads of New Brighton","75947","172","172","Mike McKee","","","Option 1","","04/30/2036","Minn Housing","","","","","11/01/2035","01/01/2036","05/01/2036","EXPIRES",""
"Crossroads of Shoreview","75948","44","44","Mike McKee","","","Option 2","","04/30/2036","Minn Housing","","","","","11/01/2035","01/01/2036","05/01/2036","EXPIRES",""
"Crossroads of Shoreview","75948","44","44","Mike McKee","","","Option 2","","04/30/2036","Minn Housing","","","","","11/01/2035","01/01/2036","05/01/2036","RCS",""
"Darby Townhouses","90056","172","168","Claire Beatty","","","Option 2","","12/31/2032","Pennsylvania Housing Finance Agency","","","","","","02/01/2036","05/01/2036","OCAF",""
"Hacienda Del Rio","90120","146","146","Tolga Ayberk","","","Option 1","","05/01/2044","Arizona Department of Housing","","","","","","01/01/2036","05/01/2036","OCAF",""
"Pineview at Grogran's Mill","79606","300","300","Tolga Ayberk","","","Option 1","","04/30/2041","SWHCC","","","","","11/01/2035","01/01/2036","05/01/2036","RCS",""
"Poplar Grove","90117","130","128","Mike McKee","","","Option 1","","04/30/2044","North Carolina Housing Finance Agency","","","","","","01/01/2036","05/01/2036","OCAF",""
"Ridgewood at Panther Creek","79607","300","300","Tolga Ayberk","","","Option 1","","04/30/2041","SWHCC","","","","","","01/01/2036","05/01/2036","RCS",""
"Shiloh Village","75572","168","168","Tolga Ayberk","","","Option 1","","05/01/2041","SWHCC","","","","","11/01/2035","01/01/2036","05/01/2036","RCS",""
"Shoreline Plaza Apartments","79604","230","187","Mike McKee","","","Option 1","","04/30/2041","Minnesota Housing Finance Agency","","","","","11/01/2035","01/01/2036","05/01/2036","RCS",""
"Sumler Terrace","4640014","126","126","Elliot Kohanbash","","","Option 1","","04/30/2037","Virginia Housing Development Authority","","","","","","01/01/2036","05/01/2036","OCAF",""
"Trees - Willow","90107","63","63","Claire Beatty","","","Option 1","","04/30/2040","Colorado Housing and Finance Authority","","","","","","02/01/2036","05/01/2036","OCAF",""
"Woodman West","90112","197","196","Elliot Kohanbash","","","Option 1","","03/31/2044","Navigate Affordable Housing Partners","","","","","","02/01/2036","05/01/2036","OCAF",""
"Hershey Plaza","75587","216","215","Claire Beatty","","","Option 1","","05/31/2037","Pennsylvania Housing Finance Agency","","","","","","02/28/2036","05/31/2036","OCAF",""
"Bannock Arms","90051","66","66","Tolga Ayberk","","","Option 1","","05/31/2039","Idaho Housing and Finance Association","","","","","","02/01/2036","06/01/2036","OCAF",""
"Branford Manor","75930","442","441","Mike McKee","","","Option 1","","06/01/2037","Navigate Affordable Housing Partners","","","","","","02/01/2036","06/01/2036","OCAF",""
"Country Club Heights","79612","200","120","Claire Beatty","","","RAD","","04/01/2041","Quincy PHA","","","","","12/01/2035","02/01/2036","06/01/2036","EXPIRES",""
"Crossroads of Edina","75946","64","26","Mike McKee","","","Option 2","","05/31/2036","Minn Housing","","","","","12/01/2035","02/01/2036","06/01/2036","EXPIRES",""
"Hopkins Village","79623","165","164","Matt Kim","","","Option 1","","06/01/2045","MDHCD","","","","","","02/01/2036","06/01/2036","OCAF",""
"Lake Worth Towers","90110","195","195","Elliot Kohanbash","","","PBV","","05/09/2043","Palm Beach County Housing Authority","","","","","","03/01/2036","06/01/2036","Request",""
"Oaks on Clark","79602","80","80","Tolga Ayberk","","","Option 2","","05/31/2040","SWHCC","","","","","","02/01/2036","06/01/2036","OCAF",""
"Parkside Houses","90017","180","122","Matt Kim","","","RAD","","05/31/2036","HUD","","","","","12/01/2035","02/01/2036","06/01/2036","EXPIRES",""
"River Trails","79614","220","215","Tolga Ayberk","","","Option 2","","05/31/2042","SWHCC","","","","","","04/01/2036","06/01/2036","OCAF",""
"South Bay Villa","79608","80","80","Tolga Ayberk","","","Option 1","","05/27/2041","LA LOMOD","","","","","12/01/2035","02/01/2036","06/01/2036","RCS",""
"Oceanport Gardens","75563","101","100","Elliot Kohanbash","","","Option 1","","06/27/2039","NJHMFA","","","","","","02/28/2036","06/28/2036","OCAF",""
"Marine Terrace","75922","497","441","Mike McKee","","","Option 1","","06/29/2036","CGI","","","","","12/30/2035","03/01/2036","06/30/2036","EXPIRES",""
"333 Holly","75704","332","139","Tolga Ayberk","","","Option 1","","06/30/2040","SWHCC","","","","","","03/01/2036","07/01/2036","OCAF",""
"Butternut Creek","79617","100","198","Mike McKee","","","Option 2","","06/30/2043","MSHDA","","","","","","03/01/2036","07/01/2036","OCAF",""
"Campbell Terrace","75547","249","249","Claire Beatty","","","Option 1","","06/30/2039","National Housing Compliance","","","","","","03/01/2036","07/01/2036","OCAF",""
"Crossroads of East Ravenswood","75936","124","124","Claire Beatty","","","Option 1","","06/30/2036","National Housing Compliance","","","","","01/01/2036","03/01/2036","07/01/2036","EXPIRES",""
"Greenport","75468","366","364","Elliot Kohanbash","","","Option 1","","01/31/2029","CGI","","","","","","03/01/2036","07/01/2036","RCS",""
"Morningside Court","75573","171","171","Claire Beatty","","","Option 1","","06/30/2041","National Housing Compliance","","","","","01/01/2036","03/01/2036","07/01/2036","RCS",""
"Northgate Village","75542","168","168","Tolga Ayberk","","","Option 1","","06/30/2039","SWHA","","","","","","03/01/2036","07/01/2036","OCAF",""
"Nottingham Towers","90113","165","156","Mike McKee","","","Option 1","","05/31/2044","Navigate Affordable Housing Partners","","","","","","03/01/2036","07/01/2036","OCAF",""
"Shoreview Apartments","79627","156","156","Tolga Ayberk","","","Option 1","","07/01/2044","CAHI","","","","","","03/01/2036","07/01/2036","OCAF",""
"State Street","75929","51","51","Mike McKee","","","Option 5","","06/30/2036","Wisconsin Housing & Economic Development Authority","","","","","","03/01/2036","07/01/2036","EXPIRES",""
"Terrific Tenements","75475","88","88","Elliot Kohanbash","","","Option 1","","07/01/2045","CGI","","","","","","03/01/2036","07/01/2036","OCAF",""
"Terry Manor Apartments","79628","170","170","Tolga Ayberk","","","Option 1","","07/01/2044","LA LOMOD","","","","","","03/01/2036","07/01/2036","OCAF",""
"The Pines","75705","152","152","Tolga Ayberk","","","Option 1","","06/30/2040","SWHCC","","","","","","03/01/2036","07/01/2036","OCAF",""
"Tompkins Terrace","79622","193","61","Claire Beatty","","","PBV","","02/01/2040","City of Beacon Housing Authority","","","","","","03/01/2036","07/01/2036","Request",""
"Trees - Maple","90105","83","83","Claire Beatty","","","Option 1","","06/30/2037","Colorado Housing and Finance Authority","","","","","","04/01/2036","07/01/2036","OCAF",""
"Woodland Hills","79610","125","125","Mike McKee","","","Option 1","","06/30/2041","MSHDA","","","","","01/01/2036","03/01/2036","07/01/2036","RCS",""
"Woodland Towers","75934","104","104","Claire Beatty","","","Option 1","","06/30/2036","National Housing Compliance","","","","","01/01/2036","03/01/2036","07/01/2036","EXPIRES",""
"All Hallows","79624","157","150","Tolga Ayberk","","","Option 1","","01/31/2026","CAHI","","","","","","04/01/2036","08/01/2036","OCAF",""
"Beacon Hill","79618","198","198","Mike McKee","","","Option 1","","07/31/2043","MSHDA","","","","","","06/01/2036","08/01/2036","OCAF",""
"Federation Plaza","90062","124","123","Elliot Kohanbash","","","Option 1","","07/31/2045","CGI","","","","","","04/01/2036","08/01/2036","OCAF",""
"Gates Mills Villa","90064","191","175","Claire Beatty","","","Option 1","","08/01/2044","Assisted Housing Services Corporation","","","","","","05/01/2036","08/01/2036","OCAF",""
"Golden Link Manor","90065","31","31","Tolga Ayberk","","","Option 4","","07/31/2036","Bremerton Housing Authority","","","","","02/01/2036","04/01/2036","08/01/2036","EXPIRES",""
"James Court","90078","50","50","Tolga Ayberk","","","Option 1","","07/31/2040","HUD","","","","","","05/01/2036","08/01/2036","OCAF",""
"La Salle","79626","145","142","Tolga Ayberk","","","Option 1","","01/31/2026","CAHI","","","","","","04/01/2036","08/01/2036","OCAF",""
"Manhattan Plaza","75425","1689","1689","Claire Beatty","","","Option 1","","07/31/2037","HPD","","","","","","04/01/2036","08/01/2036","OCAF",""
"Northpoint","79603","304","304","Claire Beatty","","","Option 1","","07/31/2040","National Housing Compliance","","","","","","04/01/2036","08/01/2036","OCAF",""
"Squire Village","90099","51","50","Tolga Ayberk","","","Option 4","","07/31/2040","Colorado Housing and Finance Authority","","","","","","04/01/2036","08/01/2036","OCAF",""
"Augustana Homes","75499","186","180","Mike McKee","","","Option 1","","06/17/2033","Navigate Affordable Housing Partners","","","","","","06/01/2036","09/01/2036","OCAF",""
"Avon Towers","90049","125","125","Mike McKee","","","Option 1","","08/31/2044","MSHDA","","","","","","05/01/2036","09/01/2036","OCAF",""
"Bayview","79625","146","113","Tolga Ayberk","","","Option 1","","01/31/2026","CAHI","","","","","","05/01/2036","09/01/2036","OCAF",""
"Clarendon Court","75546","152","152","Claire Beatty","","","Option 1","","08/31/2038","National Housing Compliance","","","","","","05/01/2036","09/01/2036","OCAF",""
"Garden House of River Oaks II","75935","145","145","Claire Beatty","","","Option 4","","08/31/2036","HUD","","","","","03/01/2036","05/01/2036","09/01/2036","EXPIRES",""
"Gates Manor","75933","51","51","Claire Beatty","","","Option 1","","08/31/2036","National Housing Compliance","","","","","03/01/2036","05/01/2036","09/01/2036","EXPIRES",""
"Luther Towers","90111","362","362","Claire Beatty","","","SPRAC","","11/30/2043","Delaware State Housing Authority","","","","","","05/01/2036","09/01/2036","OCAF",""
"Midtown Estates","90083","88","87","Claire Beatty","","","Option 1","","08/31/2044","THDA","","","","","","06/01/2036","09/01/2036","OCAF",""
"Oaks on Lamar","75539","176","74","Tolga Ayberk","","","Option 1","","08/31/2038","SWHCC","","","","","","05/01/2036","09/01/2036","OCAF",""
"Plaza Apartments","90128","191","190","Claire Beatty","","","Option 1","","01/31/2037","Missouri Housing Development Commission","","","","","","06/01/2036","09/01/2036","OCAF",""
"River Run","75486","141","140","Mike McKee","","","Option 4","","04/01/2032","Navigate Affordable Housing Partners","","","","","","06/01/2036","09/01/2036","OCAF",""
"Riverside Townhomes","75540","128","128","Tolga Ayberk","","","Option 1","","08/31/2038","SWHCC","","","","","","05/01/2036","09/01/2036","OCAF",""
"Sheridan Park","75498","102","10","Matt Kim","","","Section 811","","08/31/2038","NHC","","","","","","05/01/2036","09/01/2036","Request",""
"Somers Point Apartments","75578","225","224","Elliot Kohanbash","","","Option 1","","08/31/2045","NJHMFA","","","","","","05/06/2036","09/01/2036","OCAF",""
"South Shore Apartments","7962079615","446","446","Mike McKee","","","Option 1","","06/30/2043","National Housing Compliance","","","","","","04/01/2036","09/01/2036","OCAF",""
"St. Andrews Residences","940005","177","177","Elliot Kohanbash","","","PBV","","08/31/2041","West Palm Beach Housing Authority","","","","","","05/01/2036","09/01/2036","Request",""
"The Biltmore Towers","79601","230","230","Matt Kim","","","Option 3","","08/31/2040","Assisted Housing Services Corporation","","","","","","05/01/2036","09/01/2036","OCAF",""
"The Greenhouse","90119","80","79","Matt Kim","","","","","08/31/2043","MassHousing","","","","","","06/01/2036","09/01/2036","OCAF",""
"Holly House","75564","42","42","Elliot Kohanbash","","","Option 1","","09/23/2040","NJHMFA","","","","","","05/24/2036","09/24/2036","OCAF",""
"Alaska House","90045","105","105","Tolga Ayberk","","","Option 1","","09/30/2040","Bremerton Housing Authority","","","","","","06/01/2036","10/01/2036","OCAF",""
"Ashley Oaks","4640003","250","250","Matt Kim","","","RAD","","09/30/2036","HUD","","","","","","06/01/2036","10/01/2036","EXPIRES",""
"Brewster Mews","90016","216","215","Matt Kim","","","","","09/30/2041","HUD","","","","","04/01/2036","06/01/2036","10/01/2036","RCS",""
"Charter Village","90054","250","220","Claire Beatty","","","Option 1","","09/30/2043","THDA","","","","","","06/01/2036","10/01/2036","OCAF",""
"Colonial Village","75708","66","66","Matt Kim","","","Option 1","","09/30/2041","HUD","","","","","04/01/2036","06/01/2036","10/01/2036","RCS",""
"Dawson Square","90057","36","36","Tolga Ayberk","","","Option 1","","09/30/2040","Colorado Housing and Finance Authority","","","","","","06/01/2036","10/01/2036","OCAF",""
"Helios Station","90069","30","30","Tolga Ayberk","","","Option 1","","09/30/2040","Colorado Housing and Finance Authority","","","","","","06/01/2036","10/01/2036","OCAF",""
"Horizon Square","90074","92","92","Claire Beatty","","","Option 1","","09/30/2037","THDA","","","","","","07/01/2036","10/01/2036","OCAF",""
"Lathrop Homes IA","75545","414","151","Mike McKee","","","PBV","","09/30/2037","Chicago Housing Authority","","","","","","08/01/2036","10/01/2036","Request",""
"New Baltimore Place","79616","101","100","Mike McKee","","","Option 1","","05/31/2043","MSHDA","","","","","","06/01/2036","10/01/2036","RCS",""
"Newman Village","4640002","99","99","Mike McKee","","","RAD","","09/30/2036","HUD","","","","","","06/01/2036","10/01/2036","EXPIRES",""
"Northcross Townhomes","2640001","99","99","Mike McKee","","","Option 1","","09/30/2039","North Carolina Housing Finance Agency","","","","","","06/01/2036","10/01/2036","OCAF",""
"Princeton Court Apartments","90019","304","144","Matt Kim","","","Option 1","","09/30/2041","NYS Housing Trust Fund","","","","","04/01/2036","06/01/2036","10/01/2036","RCS",""
"Tiffany Square","90102","52","52","Tolga Ayberk","","","Option 2","","09/30/2040","Colorado Housing and Finance Authority","","","","","","07/01/2036","10/01/2036","OCAF",""
"Trees - Ash","90103","53","53","Claire Beatty","","","Option 1","","09/30/2039","Colorado Housing and Finance Authority","","","","","","07/01/2036","10/01/2036","OCAF",""
"Universal City","75565","160","159","Claire Beatty","","","Option 3","","09/30/2037","National Housing Compliance","","","","","","06/01/2036","10/01/2036","OCAF",""
"Village Park","75431","200","167","Matt Kim","","","Option 5","","09/30/2037","Massachusetts Housing Finance Agency","","","","","","06/01/2036","10/01/2036","OCAF",""
"Walker Mews","75290","167","166","Matt Kim","","","Option 1","","09/30/2044","Maryland Department of Housing and Community Development","","","","","","06/01/2036","10/01/2036","OCAF",""
"Winter Garden","79609","112","112","Claire Beatty","","","Option 1","","10/21/2041","Missouri Housing Development Commission","","","","","04/01/2036","07/01/2036","10/01/2036","RCS",""
"Augustana Homes of Fairfield","75537","15","15","Mike McKee","","","Option 1","","11/01/2037","Navigate Affordable Housing Partners","","","","","","07/01/2036","10/31/2036","OCAF",""
"Augustana Homes of Greenwich","75535","31","31","Mike McKee","","","Option 1","","10/31/2037","Navigate Affordable Housing Partners","","","","","","07/01/2036","10/31/2036","OCAF",""
"Woodlake Apartments","75584","148","147","Elliot Kohanbash","","","Option 1","","10/31/2044","NJHMFA","","","","","","","10/31/2036","OCAF",""
"Allenhurst Apartments","90015","316","316","Matt Kim","","","RAD","","10/31/2039","HUD","","","","","","07/01/2036","11/01/2036","OCAF",""
"Alms Hill","75924","200","200","Matt Kim","","","Option 1","","10/31/2038","HUD","","","","","","07/01/2036","11/01/2036","OCAF",""
"Garden House of Park Forest","75937","145","145","Claire Beatty","","","Option 4","","10/31/2036","National Housing Compliance","","","","","","07/01/2036","11/01/2036","EXPIRES",""
"Harmon","75955","210","209","Matt Kim","","","Option 1","","10/31/2038","Assisted Housing Services Corporation","","","","","","07/01/2036","11/01/2036","OCAF",""
"Hostmark Village Cove","90075","120","120","Tolga Ayberk","","","Option 1","","10/31/2039","Bremerton Housing Authority","","","","","","07/01/2036","11/01/2036","OCAF",""
"Linwood Square","75953","200","200","Tolga Ayberk","","","Option 1","","10/31/2037","SWHCC","","","","","","07/01/2036","11/01/2036","OCAF",""
"Riverview II","75464","343","114","Elliot Kohanbash","","","PBV","","11/15/2043","MHACY","","","","","","08/11/2036","11/01/2036","Request",""
"Stephenville Crossing","75952","86","86","Tolga Ayberk","","","Option 1","","10/31/2037","SWHCC","","","","","","07/01/2036","11/01/2036","OCAF",""
"The Magnolia","75954","65","65","Tolga Ayberk","","","Option 2","","11/01/2037","TDHCA","","","","","","07/01/2036","11/01/2036","OCAF",""
"Asbury","90047","119","119","Claire Beatty","","","Option 1","","11/30/2044","Assisted Housing Services Corporation","","","","","","09/01/2036","12/01/2036","OCAF",""
"Asbury Park","90048","44","43","Tolga Ayberk","","","Option 1","","11/30/2040","Colorado Housing and Finance Authority","","","","","","08/01/2036","12/01/2036","OCAF",""
"Elmwood Square","75570","138","6","Matt Kim","","","PBV","","11/30/2042","Buffalo Municipal Housing Authority","","","","","","08/01/2036","12/01/2036","Request",""
"Fairview Housing","90060","124","124","Claire Beatty","","","Option 1","","12/01/2044","Assisted Housing Services Corporation","","","","","","08/01/2036","12/01/2036","OCAF",""
"Highland Square","90070","152","152","Mike McKee","","","Option 1","","11/30/2036","S.C. State Housing Finance and Development Authority","","","","","06/01/2036","08/01/2036","12/01/2036","EXPIRES",""
"Noble Tower","75543","195","195","Tolga Ayberk","","","Option 1","","11/30/2039","HUD (HAP)","","","","","","08/01/2036","12/01/2036","OCAF",""
"Northcrest Gardens","90085","182","182","Claire Beatty","","","Option 1","","11/30/2044","Ohio Housing Finance Agency","","","","","","09/01/2036","12/01/2036","OCAF",""
"Norwalk North","90086","72","72","Claire Beatty","","","Option 1","","12/01/2044","Assisted Housing Services Corporation","","","","","","09/01/2036","12/01/2036","OCAF",""
"Park Place","79611","242","242","Claire Beatty","","","Option 1","","10/21/2041","Missouri Housing Development Commission","","","","","06/01/2036","08/01/2036","12/01/2036","RCS",""
"Round Barn Manor","79613","156","156","Claire Beatty","","","Option 2","","11/30/2043","National Housing Compliance","","","","","","08/01/2036","12/01/2036","OCAF",""
"Trees - Pine","90106","61","61","Claire Beatty","","","Option 1","","11/30/2040","Colorado Housing and Finance Authority","","","","","","09/01/2036","12/01/2036","OCAF",""
"Wyandot Square","90108","62","62","Claire Beatty","","","Option 1","","03/31/2029","Assisted Housing Services Corporation","","","","","","09/01/2036","12/01/2036","OCAF",""
"Luther Towers","90111","362","362","Claire Beatty","","","SPRAC","","11/30/2043","Delaware State Housing Authority","","","","","","09/06/2036","12/06/2036","OCAF",""
"Ebony Gardens","75566","144","144","Claire Beatty","","","Option 1","","12/31/2040","CGI","","","","","","08/08/2036","12/08/2036","OCAF",""
"Chestnut Park (Skyview)","75541","489","241","Matt Kim","","","RAD 2","","12/11/2038","HUD","","","","","","08/11/2036","12/11/2036","RCS",""
"Riverhead Village","75583","135","135","Elliot Kohanbash","","","Option 1","","12/31/2043","CGI","","","","","","08/14/2036","12/14/2036","OCAF",""
"Cherry Garden","75576","254","252","Elliot Kohanbash","","","Option 1","","12/15/2041","NJHMFA","","","","","06/16/2036","08/16/2036","12/16/2036","RCS",""
"Westchester Park","90021","201","200","Matt Kim","","","Option 1","","12/27/2043","New York State Housing Trust Fund Corporation","","","","","","08/27/2036","12/27/2036","OCAF",""
"Albright","90046","112","112","Claire Beatty","","","Option 1","","12/31/2044","Assisted Housing Services Corporation","","","","","","10/01/2036","01/01/2037","OCAF",""
"Bastrop Oak Grove","90030","48","48","Tolga Ayberk","","","Option 4","","01/01/2039","Southwest Housing Compliance Corporation","","","","","","09/01/2036","01/01/2037","OCAF",""
"Bloomingdale Apartments","75932","111","111","Matt Kim","","","Option 1","","12/31/2043","National Housing Compliance","","","","","","09/01/2036","01/01/2037","OCAF",""
"Clinton Manor","75830","60","60","Mike McKee","","","Option 1","","12/31/2040","SC Housing","","","","","","09/01/2036","01/01/2037","OCAF",""
"Courthouse Square","90055","171","171","Tolga Ayberk","","","Option 1","","12/31/2039","Colorado Housing and Finance Authority","","","","","","09/01/2036","01/01/2037","OCAF",""
"Crevenna Oaks Apartments","667","50","50","Claire Beatty","","","Option 1","","01/01/2044","Navigate Affordable Housing Partners","","","","","","10/01/2036","01/01/2037","OCAF",""
"Faust Landmark Apartments","75532","200","200","Claire Beatty","","","RAD","","07/31/2025","Rockford Housing","","","","","","09/01/2036","01/01/2037","OCAF",""
"Fields Ertel Townhouses","75548","55","55","Matt Kim","","","Option 1","","12/31/2039","Assisted Housing Services Corporation","","","","","","09/01/2036","01/01/2037","OCAF",""
"Friendship Court","75831","80","80","Mike McKee","","","Option 2","","12/31/2040","SC State Housing","","","","","","09/01/2036","01/01/2037","OCAF",""
"Hoffman Homes","90073","81","81","Mike McKee","","","Option 1","","01/01/2046","North Carolina Housing Finance Agency","","","","","","09/01/2036","01/01/2037","OCAF",""
"Hondo Brian Place","90037","40","40","Tolga Ayberk","","","Option 1","","01/01/2039","Southwest Housing Compliance Corporation","","","","","","09/01/2036","01/01/2037","OCAF",""
"International House","90076","99","98","Tolga Ayberk","","","Option 1","","12/31/2037","Bremerton Housing Authority","","","","","","09/01/2036","01/01/2037","OCAF",""
"IOOF Tower","90077","28","28","Tolga Ayberk","","","Option 1","","12/31/2040","Bremerton Housing Authority","","","","","","09/01/2036","01/01/2037","OCAF",""
"Loring Towers (MA)","79181","250","140","Matt Kim","","","PBV","","12/31/2042","CTI","","","","","","09/01/2036","01/01/2037","Request",""
"Luther Towers","90111","362","362","Claire Beatty","","","SPRAC","","11/30/2043","Delaware State Housing Authority","","","","","","10/01/2036","01/01/2037","Request",""
"Mad River Manor","90082","74","74","Claire Beatty","","","Option 1","","12/31/2044","Assisted Housing Services Corporation","","","","","","10/01/2037","01/01/2037","OCAF",""
"Newberry Arms","75832","60","60","Mike McKee","","","Option 1","","12/31/2040","SC State Housing","","","","","","09/01/2036","01/01/2037","OCAF",""
"Oaks on North Plaza","75544","62","62","Tolga Ayberk","","","Option 1","","12/31/2039","SWHCC","","","","","","09/01/2036","01/01/2037","OCAF",""
"Pinewood Gardens","90092","80","80","Claire Beatty","","","Option 2","","12/31/2044","Assisted Housing Services Corporation","","","","","","10/01/2036","01/01/2037","OCAF",""
"Riverview Bend","90096","94","94","Claire Beatty","","","Option 1","","12/31/2044","Missouri Housing Development Commission","","","","","","09/01/2036","01/01/2037","OCAF",""
"Summit Oaks Apartments","670","50","50","Claire Beatty","","","Option 1","","01/01/2044","Navigate Affordable Housing Partners","","","","","","10/01/2036","01/01/2037","OCAF",""
"Tamarack","90100","100","100","Mike McKee","","","Option 1","","12/31/2046","MSHDA","","","","","","08/01/2036","01/01/2037","OCAF",""
"Westminster Village","75483","432","400","Matt Kim","","","Option 5","","12/31/2043","Massachusetts Housing Finance Agency","","","","","","09/01/2036","01/01/2037","OCAF",""
"Hill Country Villas","HCV1","51","51","Tolga Ayberk","","","Option 1","","02/01/2034","HUD","","","","","07/01/2036","08/01/2036","01/01/2037","RCS",""
"Arlington Park","90022","130","130","Matt Kim","","","Option 1","","01/31/2037","Massachusetts Housing Finance Agency","","","","","07/10/2036","09/10/2036","01/10/2037","EXPIRES",""
"Van Buren Park Apartments","75931","300","299","Matt Kim","","","Option 1","","01/31/2044","National Housing Compliance","","","","","","09/17/2036","01/17/2037","OCAF",""
"Circle Park Apartments","75833","418","239","Claire Beatty","","","Original","","01/31/2041","National Housing Compliance","","","","","","10/01/2036","02/01/2037","OCAF",""
"Clifford House","75577","101","100","Mike McKee","","","Option 1","","08/31/2042","Navigate Affordable Housing Partners","","","","","","11/01/2036","02/01/2037","OCAF",""
"Fairview Gardens","90059","160","160","Mike McKee","","","Option 1","","01/31/2038","S.C. State Housing Finance and Development Authority","","","","","","10/01/2036","02/01/2037","OCAF",""
"Ferncliff South","4640005","84","84","Claire Beatty","","","Option 2","","01/31/2038","Navigate Affordable Housing Partners","","","","","","10/01/2036","02/01/2037","OCAF",""
"Market Square","75568","76","75","Mike McKee","","","Option 1","","02/03/2041","Navigate Affordable Housing Partners","","","","","","10/04/2036","02/04/2037","OCAF",""
"Alpha Towers","90114","165","165","Claire Beatty","","","Option 1","","02/28/2044","Assisted Housing Services Corporation","","","","","","12/01/2036","03/01/2037","OCAF",""
"Towns at River South","90109","161","75","Claire Beatty","","","RAD","","02/28/2043","Richmond Redevelopment and Housing Authority","","","","","","12/01/2036","03/01/2037","OCAF",""
"Armory Plaza","75582","52","52","Claire Beatty","","","Option 1","","03/20/2044","New York State Housing Trust Fund Corporation","","","","","","11/22/2036","03/22/2037","OCAF",""
"Barnum House","75569","84","83","Mike McKee","","","Option 1","","03/31/2041","Navigate Affordable Housing Partners","","","","","","12/01/2036","04/01/2037","OCAF",""
"Bella Vista","79605","100","100","Tolga Ayberk","","","Option 1","","03/31/2041","Southwest Housing Compliance Corporation","","","","","","01/01/2037","04/01/2037","OCAF",""
"Chelsea Square Apartments","82113","","","","","","","","","","","","","","","02/01/2037","04/01/2037","OCAF",""
"Mapleview Towers","75567","101","100","Mike McKee","","","Option 1","","03/31/2041","Navigate Affordable Housing Partners","","","","","","12/01/2036","04/01/2037","OCAF",""
"Montgomery Gateway","90024","190","189","Elliot Kohanbash","","","Option 1","","03/31/2045","NJHMFA","","","","","","12/01/2036","04/01/2037","OCAF",""
"Montview Heights","90084","50","50","Tolga Ayberk","","","Option 1","","03/31/2040","Colorado Housing and Finance Authority","","","","","","12/01/2036","04/01/2037","OCAF",""
"Park Club Apartments","75835","56","55","Mike McKee","","","Option 1","","03/31/2042","Wisconsin Housing & Economic Development Authority","","","","","10/01/2036","01/01/2037","04/01/2037","RCS",""
"Riverwoods Apartments","79621","125","125","Claire Beatty","","","Option 2","","12/31/2043","CGI","","","","","","12/01/2036","04/01/2037","OCAF",""
"Southern Hills/Orlando","75834","212","212","Claire Beatty","","","Option 1","","03/31/2042","National Housing Compliance","","","","","","12/01/2036","04/01/2037","OCAF",""
"Spring Creek","75828","137","137","Matt Kim","","","Option 1","","03/31/2041","National Housing Compliance","","","","","","12/01/2036","04/01/2037","OCAF",""
"St. James Residences","9200045","148","148","Elliot Kohanbash","","","Option 1","","04/01/2045","North Tampa Housing Development Corporation","","","","","","12/01/2036","04/01/2037","OCAF",""
"Malcolm Towers","90044","226","225","Elliot Kohanbash","","","Option 2","","04/30/2040","NJHMFA","","","","","","12/28/2036","04/28/2037","OCAF",""
"Arvada House","79619","88","88","Tolga Ayberk","","","Option 1","","04/30/2043","Colorado Housing and Finance Authority","","","","","","01/01/2037","05/01/2037","OCAF",""
"Darby Townhouses","90056","172","168","Claire Beatty","","","Option 2","","12/31/2032","Pennsylvania Housing Finance Agency","","","","","","02/01/2037","05/01/2037","OCAF",""
"Hacienda Del Rio","90120","146","146","Tolga Ayberk","","","Option 1","","05/01/2044","Arizona Department of Housing","","","","","","01/01/2037","05/01/2037","OCAF",""
"Pineview at Grogran's Mill","79606","300","300","Tolga Ayberk","","","Option 1","","04/30/2041","SWHCC","","","","","","01/01/2037","05/01/2037","OCAF",""
"Poplar Grove","90117","130","128","Mike McKee","","","Option 1","","04/30/2044","North Carolina Housing Finance Agency","","","","","","01/01/2037","05/01/2037","OCAF",""
"Ridgewood at Panther Creek","79607","300","300","Tolga Ayberk","","","Option 1","","04/30/2041","SWHCC","","","","","","01/01/2037","05/01/2037","OCAF",""
"Shiloh Village","75572","168","168","Tolga Ayberk","","","Option 1","","05/01/2041","SWHCC","","","","","","01/01/2037","05/01/2037","OCAF",""
"Shoreline Plaza Apartments","79604","230","187","Mike McKee","","","Option 1","","04/30/2041","Minnesota Housing Finance Agency","","","","","","01/01/2037","05/01/2037","OCAF",""
"Sumler Terrace","4640014","126","126","Elliot Kohanbash","","","Option 1","","04/30/2037","Virginia Housing Development Authority","","","","","11/01/2036","01/01/2037","05/01/2037","EXPIRES",""
"Trees - Willow","90107","63","63","Claire Beatty","","","Option 1","","04/30/2040","Colorado Housing and Finance Authority","","","","","","02/01/2037","05/01/2037","OCAF",""
"Woodman West","90112","197","196","Elliot Kohanbash","","","Option 1","","03/31/2044","Navigate Affordable Housing Partners","","","","","","02/01/2037","05/01/2037","OCAF",""
"Hershey Plaza","75587","216","215","Claire Beatty","","","Option 1","","05/31/2037","Pennsylvania Housing Finance Agency","","","","","","01/01/2037","05/31/2037","EXPIRES",""
"Bannock Arms","90051","66","66","Tolga Ayberk","","","Option 1","","05/31/2039","Idaho Housing and Finance Association","","","","","","02/01/2037","06/01/2037","OCAF",""
"Branford Manor","75930","442","441","Mike McKee","","","Option 1","","06/01/2037","Navigate Affordable Housing Partners","","","","","12/01/2036","02/01/2037","06/01/2037","EXPIRES",""
"Hopkins Village","79623","165","164","Matt Kim","","","Option 1","","06/01/2045","MDHCD","","","","","","02/01/2037","06/01/2037","OCAF",""
"Lake Worth Towers","90110","195","195","Elliot Kohanbash","","","PBV","","05/09/2043","Palm Beach County Housing Authority","","","","","","03/01/2037","06/01/2037","Request",""
"Oaks on Clark","79602","80","80","Tolga Ayberk","","","Option 2","","05/31/2040","SWHCC","","","","","","02/01/2037","06/01/2037","OCAF",""
"River Trails","79614","220","215","Tolga Ayberk","","","Option 2","","05/31/2042","SWHCC","","","","","","04/01/2037","06/01/2037","OCAF",""
"South Bay Villa","79608","80","80","Tolga Ayberk","","","Option 1","","05/27/2041","LA LOMOD","","","","","","02/01/2037","06/01/2037","OCAF",""
"Oceanport Gardens","75563","101","100","Elliot Kohanbash","","","Option 1","","06/27/2039","NJHMFA","","","","","","02/28/2037","06/28/2037","OCAF",""
"333 Holly","75704","332","139","Tolga Ayberk","","","Option 1","","06/30/2040","SWHCC","","","","","","03/01/2037","07/01/2037","OCAF",""
"Butternut Creek","79617","100","198","Mike McKee","","","Option 2","","06/30/2043","MSHDA","","","","","","03/01/2037","07/01/2037","OCAF",""
"Campbell Terrace","75547","249","249","Claire Beatty","","","Option 1","","06/30/2039","National Housing Compliance","","","","","","03/01/2037","07/01/2037","OCAF",""
"Greenport","75468","366","364","Elliot Kohanbash","","","Option 1","","01/31/2029","CGI","","","","","","03/01/2037","07/01/2037","OCAF",""
"Morningside Court","75573","171","171","Claire Beatty","","","Option 1","","06/30/2041","National Housing Compliance","","","","","","03/01/2037","07/01/2037","OCAF",""
"Northgate Village","75542","168","168","Tolga Ayberk","","","Option 1","","06/30/2039","SWHA","","","","","","03/01/2037","07/01/2037","OCAF",""
"Nottingham Towers","90113","165","156","Mike McKee","","","Option 1","","05/31/2044","Navigate Affordable Housing Partners","","","","","","03/01/2037","07/01/2037","OCAF",""
"Shoreview Apartments","79627","156","156","Tolga Ayberk","","","Option 1","","07/01/2044","CAHI","","","","","","03/01/2037","07/01/2037","OCAF",""
"Terrific Tenements","75475","88","88","Elliot Kohanbash","","","Option 1","","07/01/2045","CGI","","","","","","03/01/2037","07/01/2037","OCAF",""
"Terry Manor Apartments","79628","170","170","Tolga Ayberk","","","Option 1","","07/01/2044","LA LOMOD","","","","","","03/01/2037","07/01/2037","OCAF",""
"The Pines","75705","152","152","Tolga Ayberk","","","Option 1","","06/30/2040","SWHCC","","","","","","03/01/2037","07/01/2037","OCAF",""
"Tompkins Terrace","79622","193","61","Claire Beatty","","","PBV","","02/01/2040","City of Beacon Housing Authority","","","","","","03/01/2037","07/01/2037","Request",""
"Trees - Maple","90105","83","83","Claire Beatty","","","Option 1","","06/30/2037","Colorado Housing and Finance Authority","","","","","01/01/2037","04/01/2037","07/01/2037","EXPIRES",""
"Woodland Hills","79610","125","125","Mike McKee","","","Option 1","","06/30/2041","MSHDA","","","","","","03/01/2037","07/01/2037","OCAF",""
"All Hallows","79624","157","150","Tolga Ayberk","","","Option 1","","01/31/2026","CAHI","","","","","","04/01/2037","08/01/2037","OCAF",""
"Beacon Hill","79618","198","198","Mike McKee","","","Option 1","","07/31/2043","MSHDA","","","","","","06/01/2037","08/01/2037","OCAF",""
"Federation Plaza","90062","124","123","Elliot Kohanbash","","","Option 1","","07/31/2045","CGI","","","","","","04/01/2037","08/01/2037","OCAF",""
"Gates Mills Villa","90064","191","175","Claire Beatty","","","Option 1","","08/01/2044","Assisted Housing Services Corporation","","","","","","05/01/2037","08/01/2037","OCAF",""
"James Court","90078","50","50","Tolga Ayberk","","","Option 1","","07/31/2040","HUD","","","","","","05/01/2037","08/01/2037","OCAF",""
"La Salle","79626","145","142","Tolga Ayberk","","","Option 1","","01/31/2026","CAHI","","","","","","04/01/2037","08/01/2037","OCAF",""
"Manhattan Plaza","75425","1689","1689","Claire Beatty","","","Option 1","","07/31/2037","HPD","","","","","02/01/2037","04/01/2037","08/01/2037","EXPIRES",""
"Northpoint","79603","304","304","Claire Beatty","","","Option 1","","07/31/2040","National Housing Compliance","","","","","","04/01/2037","08/01/2037","OCAF",""
"Squire Village","90099","51","50","Tolga Ayberk","","","Option 4","","07/31/2040","Colorado Housing and Finance Authority","","","","","","04/01/2037","08/01/2037","OCAF",""
"Augustana Homes","75499","186","180","Mike McKee","","","Option 1","","06/17/2033","Navigate Affordable Housing Partners","","","","","","06/01/2037","09/01/2037","OCAF",""
"Avon Towers","90049","125","125","Mike McKee","","","Option 1","","08/31/2044","MSHDA","","","","","","05/01/2037","09/01/2037","OCAF",""
"Bayview","79625","146","113","Tolga Ayberk","","","Option 1","","01/31/2026","CAHI","","","","","","05/01/2037","09/01/2037","OCAF",""
"Clarendon Court","75546","152","152","Claire Beatty","","","Option 1","","08/31/2038","National Housing Compliance","","","","","","05/01/2037","09/01/2037","OCAF",""
"Luther Towers","90111","362","362","Claire Beatty","","","SPRAC","","11/30/2043","Delaware State Housing Authority","","","","","","05/01/2037","09/01/2037","OCAF",""
"Midtown Estates","90083","88","87","Claire Beatty","","","Option 1","","08/31/2044","THDA","","","","","","06/01/2037","09/01/2037","OCAF",""
"Oaks on Lamar","75539","176","74","Tolga Ayberk","","","Option 1","","08/31/2038","SWHCC","","","","","","05/01/2037","09/01/2037","OCAF",""
"Plaza Apartments","90128","191","190","Claire Beatty","","","Option 1","","01/31/2037","Missouri Housing Development Commission","","","","","","06/01/2037","09/01/2037","OCAF",""
"River Run","75486","141","140","Mike McKee","","","Option 4","","04/01/2032","Navigate Affordable Housing Partners","","","","","","06/01/2037","09/01/2037","OCAF",""
"Riverside Townhomes","75540","128","128","Tolga Ayberk","","","Option 1","","08/31/2038","SWHCC","","","","","","05/01/2037","09/01/2037","OCAF",""
"Sheridan Park","75498","102","10","Matt Kim","","","Section 811","","08/31/2038","NHC","","","","","","05/01/2037","09/01/2037","Request",""
"Somers Point Apartments","75578","225","224","Elliot Kohanbash","","","Option 1","","08/31/2045","NJHMFA","","","","","","05/01/2037","09/01/2037","OCAF",""
"South Shore Apartments","7962079615","446","446","Mike McKee","","","Option 1","","06/30/2043","National Housing Compliance","","","","","","04/01/2037","09/01/2037","OCAF",""
"St. Andrews Residences","940005","177","177","Elliot Kohanbash","","","PBV","","08/31/2041","West Palm Beach Housing Authority","","","","","","05/01/2037","09/01/2037","Request",""
"The Biltmore Towers","79601","230","230","Matt Kim","","","Option 3","","08/31/2040","Assisted Housing Services Corporation","","","","","","05/01/2037","09/01/2037","OCAF",""
"The Greenhouse","90119","80","79","Matt Kim","","","","","08/31/2043","MassHousing","","","","","","06/01/2037","09/01/2037","OCAF",""
"Holly House","75564","42","42","Elliot Kohanbash","","","Option 1","","09/23/2040","NJHMFA","","","","","","05/24/2037","09/24/2037","OCAF",""
"Alaska House","90045","105","105","Tolga Ayberk","","","Option 1","","09/30/2040","Bremerton Housing Authority","","","","","","06/01/2037","10/01/2037","OCAF",""
"Brewster Mews","90016","216","215","Matt Kim","","","","","09/30/2041","HUD","","","","","","06/01/2037","10/01/2037","OCAF",""
"Charter Village","90054","250","220","Claire Beatty","","","Option 1","","09/30/2043","THDA","","","","","","06/01/2037","10/01/2037","OCAF",""
"Colonial Village","75708","66","66","Matt Kim","","","Option 1","","09/30/2041","HUD","","","","","","06/01/2037","10/01/2037","OCAF",""
"Dawson Square","90057","36","36","Tolga Ayberk","","","Option 1","","09/30/2040","Colorado Housing and Finance Authority","","","","","","06/01/2037","10/01/2037","OCAF",""
"Helios Station","90069","30","30","Tolga Ayberk","","","Option 1","","09/30/2040","Colorado Housing and Finance Authority","","","","","","06/01/2037","10/01/2037","OCAF",""
"Horizon Square","90074","92","92","Claire Beatty","","","Option 1","","09/30/2037","THDA","","","","","","07/01/2037","10/01/2037","OCAF",""
"Lathrop Homes IA","75545","414","151","Mike McKee","","","PBV","","09/30/2037","Chicago Housing Authority","","","","","04/01/2037","06/01/2037","10/01/2037","EXPIRES",""
"New Baltimore Place","79616","101","100","Mike McKee","","","Option 1","","05/31/2043","MSHDA","","","","","","06/01/2037","10/01/2037","OCAF",""
"Northcross Townhomes","2640001","99","99","Mike McKee","","","Option 1","","09/30/2039","North Carolina Housing Finance Agency","","","","","","06/01/2037","10/01/2037","OCAF",""
"Princeton Court Apartments","90019","304","144","Matt Kim","","","Option 1","","09/30/2041","NYS Housing Trust Fund","","","","","","06/01/2037","10/01/2037","OCAF",""
"Tiffany Square","90102","52","52","Tolga Ayberk","","","Option 2","","09/30/2040","Colorado Housing and Finance Authority","","","","","","07/01/2037","10/01/2037","OCAF",""
"Trees - Ash","90103","53","53","Claire Beatty","","","Option 1","","09/30/2039","Colorado Housing and Finance Authority","","","","","","07/01/2037","10/01/2037","OCAF",""
"Universal City","75565","160","159","Claire Beatty","","","Option 3","","09/30/2037","National Housing Compliance","","","","","04/01/2037","06/01/2037","10/01/2037","EXPIRES",""
"Village Park","75431","200","167","Matt Kim","","","Option 5","","09/30/2037","Massachusetts Housing Finance Agency","","","","","","06/01/2037","10/01/2037","EXPIRES",""
"Walker Mews","75290","167","166","Matt Kim","","","Option 1","","09/30/2044","Maryland Department of Housing and Community Development","","","","","","06/01/2037","10/01/2037","OCAF",""
"Winter Garden","79609","112","112","Claire Beatty","","","Option 1","","10/21/2041","Missouri Housing Development Commission","","","","","","07/01/2037","10/01/2037","OCAF",""
"Augustana Homes of Fairfield","75537","15","15","Mike McKee","","","Option 1","","11/01/2037","Navigate Affordable Housing Partners","","","","","04/30/2037","07/01/2037","10/31/2037","EXPIRES",""
"Augustana Homes of Greenwich","75535","31","31","Mike McKee","","","Option 1","","10/31/2037","Navigate Affordable Housing Partners","","","","","04/30/2037","07/01/2037","10/31/2037","EXPIRES",""
"Woodlake Apartments","75584","148","147","Elliot Kohanbash","","","Option 1","","10/31/2044","NJHMFA","","","","","","","10/31/2037","OCAF",""
"Allenhurst Apartments","90015","316","316","Matt Kim","","","RAD","","10/31/2039","HUD","","","","","","07/01/2037","11/01/2037","OCAF",""
"Alms Hill","75924","200","200","Matt Kim","","","Option 1","","10/31/2038","HUD","","","","","","07/01/2037","11/01/2037","OCAF",""
"Harmon","75955","210","209","Matt Kim","","","Option 1","","10/31/2038","Assisted Housing Services Corporation","","","","","","07/01/2037","11/01/2037","OCAF",""
"Hostmark Village Cove","90075","120","120","Tolga Ayberk","","","Option 1","","10/31/2039","Bremerton Housing Authority","","","","","","07/01/2037","11/01/2037","OCAF",""
"Linwood Square","75953","200","200","Tolga Ayberk","","","Option 1","","10/31/2037","SWHCC","","","","","","07/01/2037","11/01/2037","EXPIRES",""
"Riverview II","75464","343","114","Elliot Kohanbash","","","PBV","","11/15/2043","MHACY","","","","","","08/11/2037","11/01/2037","Request",""
"Stephenville Crossing","75952","86","86","Tolga Ayberk","","","Option 1","","10/31/2037","SWHCC","","","","","","07/01/2037","11/01/2037","EXPIRES",""
"The Magnolia","75954","65","65","Tolga Ayberk","","","Option 2","","11/01/2037","TDHCA","","","","","","07/01/2037","11/01/2037","EXPIRES",""
"Asbury","90047","119","119","Claire Beatty","","","Option 1","","11/30/2044","Assisted Housing Services Corporation","","","","","","09/01/2037","12/01/2037","OCAF",""
"Asbury Park","90048","44","43","Tolga Ayberk","","","Option 1","","11/30/2040","Colorado Housing and Finance Authority","","","","","","08/01/2037","12/01/2037","OCAF",""
"Elmwood Square","75570","138","6","Matt Kim","","","PBV","","11/30/2042","Buffalo Municipal Housing Authority","","","","","","08/01/2037","12/01/2037","Request",""
"Fairview Housing","90060","124","124","Claire Beatty","","","Option 1","","12/01/2044","Assisted Housing Services Corporation","","","","","","08/01/2037","12/01/2037","OCAF",""
"Noble Tower","75543","195","195","Tolga Ayberk","","","Option 1","","11/30/2039","HUD (HAP)","","","","","","08/01/2037","12/01/2037","OCAF",""
"Northcrest Gardens","90085","182","182","Claire Beatty","","","Option 1","","11/30/2044","Ohio Housing Finance Agency","","","","","","09/01/2037","12/01/2037","OCAF",""
"Norwalk North","90086","72","72","Claire Beatty","","","Option 1","","12/01/2044","Assisted Housing Services Corporation","","","","","","09/01/2037","12/01/2037","OCAF",""
"Park Place","79611","242","242","Claire Beatty","","","Option 1","","10/21/2041","Missouri Housing Development Commission","","","","","","08/01/2037","12/01/2037","OCAF",""
"Round Barn Manor","79613","156","156","Claire Beatty","","","Option 2","","11/30/2043","National Housing Compliance","","","","","","08/01/2037","12/01/2037","OCAF",""
"Trees - Pine","90106","61","61","Claire Beatty","","","Option 1","","11/30/2040","Colorado Housing and Finance Authority","","","","","","09/01/2037","12/01/2037","OCAF",""
"Wyandot Square","90108","62","62","Claire Beatty","","","Option 1","","03/31/2029","Assisted Housing Services Corporation","","","","","","09/01/2037","12/01/2037","OCAF",""
"Luther Towers","90111","362","362","Claire Beatty","","","SPRAC","","11/30/2043","Delaware State Housing Authority","","","","","","09/06/2037","12/06/2037","OCAF",""
"Ebony Gardens","75566","144","144","Claire Beatty","","","Option 1","","12/31/2040","CGI","","","","","","08/08/2037","12/08/2037","OCAF",""
"Chestnut Park (Skyview)","75541","489","241","Matt Kim","","","RAD 2","","12/11/2038","HUD","","","","","","08/11/2037","12/11/2037","RCS",""
"Riverhead Village","75583","135","135","Elliot Kohanbash","","","Option 1","","12/31/2043","CGI","","","","","","08/14/2037","12/14/2037","OCAF",""
"Cherry Garden","75576","254","252","Elliot Kohanbash","","","Option 1","","12/15/2041","NJHMFA","","","","","","08/16/2037","12/16/2037","OCAF",""
"Westchester Park","90021","201","200","Matt Kim","","","Option 1","","12/27/2043","New York State Housing Trust Fund Corporation","","","","","","08/27/2037","12/27/2037","OCAF",""
"Albright","90046","112","112","Claire Beatty","","","Option 1","","12/31/2044","Assisted Housing Services Corporation","","","","","","10/01/2037","01/01/2038","OCAF",""
"Bastrop Oak Grove","90030","48","48","Tolga Ayberk","","","Option 4","","01/01/2039","Southwest Housing Compliance Corporation","","","","","","09/01/2037","01/01/2038","OCAF",""
"Bloomingdale Apartments","75932","111","111","Matt Kim","","","Option 1","","12/31/2043","National Housing Compliance","","","","","","09/01/2037","01/01/2038","OCAF",""
"Clinton Manor","75830","60","60","Mike McKee","","","Option 1","","12/31/2040","SC Housing","","","","","","09/01/2037","01/01/2038","OCAF",""
"Courthouse Square","90055","171","171","Tolga Ayberk","","","Option 1","","12/31/2039","Colorado Housing and Finance Authority","","","","","","09/01/2037","01/01/2038","OCAF",""
"Crevenna Oaks Apartments","667","50","50","Claire Beatty","","","Option 1","","01/01/2044","Navigate Affordable Housing Partners","","","","","","10/01/2037","01/01/2038","OCAF",""
"Faust Landmark Apartments","75532","200","200","Claire Beatty","","","RAD","","07/31/2025","Rockford Housing","","","","","07/01/2037","09/01/2037","01/01/2038","EXPIRES",""
"Fields Ertel Townhouses","75548","55","55","Matt Kim","","","Option 1","","12/31/2039","Assisted Housing Services Corporation","","","","","","09/01/2037","01/01/2038","OCAF",""
"Friendship Court","75831","80","80","Mike McKee","","","Option 2","","12/31/2040","SC State Housing","","","","","","09/01/2037","01/01/2038","OCAF",""
"Hoffman Homes","90073","81","81","Mike McKee","","","Option 1","","01/01/2046","North Carolina Housing Finance Agency","","","","","","09/01/2037","01/01/2038","OCAF",""
"Hondo Brian Place","90037","40","40","Tolga Ayberk","","","Option 1","","01/01/2039","Southwest Housing Compliance Corporation","","","","","","09/01/2037","01/01/2038","OCAF",""
"International House","90076","99","98","Tolga Ayberk","","","Option 1","","12/31/2037","Bremerton Housing Authority","","","","","07/01/2037","09/01/2037","01/01/2038","EXPIRES",""
"IOOF Tower","90077","28","28","Tolga Ayberk","","","Option 1","","12/31/2040","Bremerton Housing Authority","","","","","","09/01/2037","01/01/2038","OCAF",""
"Loring Towers (MA)","79181","250","140","Matt Kim","","","PBV","","12/31/2042","CTI","","","","","","09/01/2037","01/01/2038","Request",""
"Luther Towers","90111","362","362","Claire Beatty","","","SPRAC","","11/30/2043","Delaware State Housing Authority","","","","","","10/01/2037","01/01/2038","EXPIRES",""
"Mad River Manor","90082","74","74","Claire Beatty","","","Option 1","","12/31/2044","Assisted Housing Services Corporation","","","","","","10/01/2038","01/01/2038","OCAF",""
"Newberry Arms","75832","60","60","Mike McKee","","","Option 1","","12/31/2040","SC State Housing","","","","","","09/01/2037","01/01/2038","OCAF",""
"Oaks on North Plaza","75544","62","62","Tolga Ayberk","","","Option 1","","12/31/2039","SWHCC","","","","","","09/01/2037","01/01/2038","OCAF",""
"Pinewood Gardens","90092","80","80","Claire Beatty","","","Option 2","","12/31/2044","Assisted Housing Services Corporation","","","","","","10/01/2037","01/01/2038","OCAF",""
"Riverview Bend","90096","94","94","Claire Beatty","","","Option 1","","12/31/2044","Missouri Housing Development Commission","","","","","","09/01/2037","01/01/2038","OCAF",""
"Summit Oaks Apartments","670","50","50","Claire Beatty","","","Option 1","","01/01/2044","Navigate Affordable Housing Partners","","","","","","10/01/2037","01/01/2038","OCAF",""
"Tamarack","90100","100","100","Mike McKee","","","Option 1","","12/31/2046","MSHDA","","","","","","08/01/2037","01/01/2038","OCAF",""
"Westminster Village","75483","432","400","Matt Kim","","","Option 5","","12/31/2043","Massachusetts Housing Finance Agency","","","","","","09/01/2037","01/01/2038","OCAF",""
"Hill Country Villas","HCV1","51","51","Tolga Ayberk","","","Option 1","","02/01/2034","HUD","","","","","","08/01/2037","01/01/2038","OCAF",""
"Van Buren Park Apartments","75931","300","299","Matt Kim","","","Option 1","","01/31/2044","National Housing Compliance","","","","","","09/17/2037","01/17/2038","OCAF",""
"Circle Park Apartments","75833","418","239","Claire Beatty","","","Original","","01/31/2041","National Housing Compliance","","","","","","10/01/2037","02/01/2038","OCAF",""
"Clifford House","75577","101","100","Mike McKee","","","Option 1","","08/31/2042","Navigate Affordable Housing Partners","","","","","","11/01/2037","02/01/2038","OCAF",""
"Fairview Gardens","90059","160","160","Mike McKee","","","Option 1","","01/31/2038","S.C. State Housing Finance and Development Authority","","","","","08/01/2037","10/01/2037","02/01/2038","EXPIRES",""
"Ferncliff South","4640005","84","84","Claire Beatty","","","Option 2","","01/31/2038","Navigate Affordable Housing Partners","","","","","08/01/2037","10/01/2037","02/01/2038","EXPIRES",""
"Market Square","75568","76","75","Mike McKee","","","Option 1","","02/03/2041","Navigate Affordable Housing Partners","","","","","","10/04/2037","02/04/2038","OCAF",""
"Alpha Towers","90114","165","165","Claire Beatty","","","Option 1","","02/28/2044","Assisted Housing Services Corporation","","","","","","12/01/2037","03/01/2038","OCAF",""
"Towns at River South","90109","161","75","Claire Beatty","","","RAD","","02/28/2043","Richmond Redevelopment and Housing Authority","","","","","09/01/2037","12/01/2037","03/01/2038","RCS",""
"Armory Plaza","75582","52","52","Claire Beatty","","","Option 1","","03/20/2044","New York State Housing Trust Fund Corporation","","","","","","11/22/2037","03/22/2038","OCAF",""
"Barnum House","75569","84","83","Mike McKee","","","Option 1","","03/31/2041","Navigate Affordable Housing Partners","","","","","","12/01/2037","04/01/2038","OCAF",""
"Bella Vista","79605","100","100","Tolga Ayberk","","","Option 1","","03/31/2041","Southwest Housing Compliance Corporation","","","","","","01/01/2038","04/01/2038","OCAF",""
"Chelsea Square Apartments","82113","","","","","","","","","","","","","","","02/01/2038","04/01/2038","OCAF",""
"Mapleview Towers","75567","101","100","Mike McKee","","","Option 1","","03/31/2041","Navigate Affordable Housing Partners","","","","","","12/01/2037","04/01/2038","OCAF",""
"Montgomery Gateway","90024","190","189","Elliot Kohanbash","","","Option 1","","03/31/2045","NJHMFA","","","","","","12/01/2037","04/01/2038","OCAF",""
"Montview Heights","90084","50","50","Tolga Ayberk","","","Option 1","","03/31/2040","Colorado Housing and Finance Authority","","","","","","12/01/2037","04/01/2038","OCAF",""
"Park Club Apartments","75835","56","55","Mike McKee","","","Option 1","","03/31/2042","Wisconsin Housing & Economic Development Authority","","","","","","01/01/2038","04/01/2038","OCAF",""
"Riverwoods Apartments","79621","125","125","Claire Beatty","","","Option 2","","12/31/2043","CGI","","","","","","12/01/2037","04/01/2038","OCAF",""
"Southern Hills/Orlando","75834","212","212","Claire Beatty","","","Option 1","","03/31/2042","National Housing Compliance","","","","","","12/01/2037","04/01/2038","OCAF",""
"Spring Creek","75828","137","137","Matt Kim","","","Option 1","","03/31/2041","National Housing Compliance","","","","","","12/01/2037","04/01/2038","OCAF",""
"St. James Residences","9200045","148","148","Elliot Kohanbash","","","Option 1","","04/01/2045","North Tampa Housing Development Corporation","","","","","","12/01/2037","04/01/2038","OCAF",""
"Malcolm Towers","90044","226","225","Elliot Kohanbash","","","Option 2","","04/30/2040","NJHMFA","","","","","","12/28/2037","04/28/2038","OCAF",""
"Arvada House","79619","88","88","Tolga Ayberk","","","Option 1","","04/30/2043","Colorado Housing and Finance Authority","","","","","11/01/2037","01/01/2038","05/01/2038","RCS",""
"Darby Townhouses","90056","172","168","Claire Beatty","","","Option 2","","12/31/2032","Pennsylvania Housing Finance Agency","","","","","","02/01/2038","05/01/2038","OCAF",""
"Hacienda Del Rio","90120","146","146","Tolga Ayberk","","","Option 1","","05/01/2044","Arizona Department of Housing","","","","","","01/01/2038","05/01/2038","OCAF",""
"Pineview at Grogran's Mill","79606","300","300","Tolga Ayberk","","","Option 1","","04/30/2041","SWHCC","","","","","","01/01/2038","05/01/2038","OCAF",""
"Poplar Grove","90117","130","128","Mike McKee","","","Option 1","","04/30/2044","North Carolina Housing Finance Agency","","","","","","01/01/2038","05/01/2038","OCAF",""
"Ridgewood at Panther Creek","79607","300","300","Tolga Ayberk","","","Option 1","","04/30/2041","SWHCC","","","","","","01/01/2038","05/01/2038","OCAF",""
"Shiloh Village","75572","168","168","Tolga Ayberk","","","Option 1","","05/01/2041","SWHCC","","","","","","01/01/2038","05/01/2038","OCAF",""
"Shoreline Plaza Apartments","79604","230","187","Mike McKee","","","Option 1","","04/30/2041","Minnesota Housing Finance Agency","","","","","","01/01/2038","05/01/2038","OCAF",""
"Trees - Willow","90107","63","63","Claire Beatty","","","Option 1","","04/30/2040","Colorado Housing and Finance Authority","","","","","","02/01/2038","05/01/2038","OCAF",""
"Woodman West","90112","197","196","Elliot Kohanbash","","","Option 1","","03/31/2044","Navigate Affordable Housing Partners","","","","","","02/01/2038","05/01/2038","OCAF",""
"Bannock Arms","90051","66","66","Tolga Ayberk","","","Option 1","","05/31/2039","Idaho Housing and Finance Association","","","","","","02/01/2038","06/01/2038","OCAF",""
"Hopkins Village","79623","165","164","Matt Kim","","","Option 1","","06/01/2045","MDHCD","","","","","","02/01/2038","06/01/2038","OCAF",""
"Lake Worth Towers","90110","195","195","Elliot Kohanbash","","","PBV","","05/09/2043","Palm Beach County Housing Authority","","","","","","03/01/2038","06/01/2038","Request",""
"Oaks on Clark","79602","80","80","Tolga Ayberk","","","Option 2","","05/31/2040","SWHCC","","","","","","02/01/2038","06/01/2038","OCAF",""
"River Trails","79614","220","215","Tolga Ayberk","","","Option 2","","05/31/2042","SWHCC","","","","","","04/01/2038","06/01/2038","OCAF",""
"South Bay Villa","79608","80","80","Tolga Ayberk","","","Option 1","","05/27/2041","LA LOMOD","","","","","","02/01/2038","06/01/2038","OCAF",""
"Oceanport Gardens","75563","101","100","Elliot Kohanbash","","","Option 1","","06/27/2039","NJHMFA","","","","","","02/28/2038","06/28/2038","OCAF",""
"333 Holly","75704","332","139","Tolga Ayberk","","","Option 1","","06/30/2040","SWHCC","","","","","","03/01/2038","07/01/2038","OCAF",""
"Butternut Creek","79617","100","198","Mike McKee","","","Option 2","","06/30/2043","MSHDA","","","","","01/01/2038","03/01/2038","07/01/2038","RCS",""
"Campbell Terrace","75547","249","249","Claire Beatty","","","Option 1","","06/30/2039","National Housing Compliance","","","","","","03/01/2038","07/01/2038","OCAF",""
"Greenport","75468","366","364","Elliot Kohanbash","","","Option 1","","01/31/2029","CGI","","","","","","03/01/2038","07/01/2038","OCAF",""
"Morningside Court","75573","171","171","Claire Beatty","","","Option 1","","06/30/2041","National Housing Compliance","","","","","","03/01/2038","07/01/2038","OCAF",""
"Northgate Village","75542","168","168","Tolga Ayberk","","","Option 1","","06/30/2039","SWHA","","","","","","03/01/2038","07/01/2038","OCAF",""
"Nottingham Towers","90113","165","156","Mike McKee","","","Option 1","","05/31/2044","Navigate Affordable Housing Partners","","","","","","03/01/2038","07/01/2038","OCAF",""
"Shoreview Apartments","79627","156","156","Tolga Ayberk","","","Option 1","","07/01/2044","CAHI","","","","","","03/01/2038","07/01/2038","OCAF",""
"Terrific Tenements","75475","88","88","Elliot Kohanbash","","","Option 1","","07/01/2045","CGI","","","","","","03/01/2038","07/01/2038","OCAF",""
"Terry Manor Apartments","79628","170","170","Tolga Ayberk","","","Option 1","","07/01/2044","LA LOMOD","","","","","","03/01/2038","07/01/2038","OCAF",""
"The Pines","75705","152","152","Tolga Ayberk","","","Option 1","","06/30/2040","SWHCC","","","","","","03/01/2038","07/01/2038","OCAF",""
"Tompkins Terrace","79622","193","61","Claire Beatty","","","PBV","","02/01/2040","City of Beacon Housing Authority","","","","","","03/01/2038","07/01/2038","Request",""
"Woodland Hills","79610","125","125","Mike McKee","","","Option 1","","06/30/2041","MSHDA","","","","","","03/01/2038","07/01/2038","OCAF",""
"All Hallows","79624","157","150","Tolga Ayberk","","","Option 1","","01/31/2026","CAHI","","","","","","04/01/2038","08/01/2038","OCAF",""
"Beacon Hill","79618","198","198","Mike McKee","","","Option 1","","07/31/2043","MSHDA","","","","","02/01/2038","06/01/2038","08/01/2038","RCS",""
"Federation Plaza","90062","124","123","Elliot Kohanbash","","","Option 1","","07/31/2045","CGI","","","","","","04/01/2038","08/01/2038","OCAF",""
"Gates Mills Villa","90064","191","175","Claire Beatty","","","Option 1","","08/01/2044","Assisted Housing Services Corporation","","","","","","05/01/2038","08/01/2038","OCAF",""
"James Court","90078","50","50","Tolga Ayberk","","","Option 1","","07/31/2040","HUD","","","","","","05/01/2038","08/01/2038","OCAF",""
"La Salle","79626","145","142","Tolga Ayberk","","","Option 1","","01/31/2026","CAHI","","","","","","04/01/2038","08/01/2038","OCAF",""
"Northpoint","79603","304","304","Claire Beatty","","","Option 1","","07/31/2040","National Housing Compliance","","","","","","04/01/2038","08/01/2038","OCAF",""
"Squire Village","90099","51","50","Tolga Ayberk","","","Option 4","","07/31/2040","Colorado Housing and Finance Authority","","","","","","04/01/2038","08/01/2038","OCAF",""
"Augustana Homes","75499","186","180","Mike McKee","","","Option 1","","06/17/2033","Navigate Affordable Housing Partners","","","","","","06/01/2038","09/01/2038","OCAF",""
"Avon Towers","90049","125","125","Mike McKee","","","Option 1","","08/31/2044","MSHDA","","","","","","05/01/2038","09/01/2038","OCAF",""
"Bayview","79625","146","113","Tolga Ayberk","","","Option 1","","01/31/2026","CAHI","","","","","","05/01/2038","09/01/2038","OCAF",""
"Clarendon Court","75546","152","152","Claire Beatty","","","Option 1","","08/31/2038","National Housing Compliance","","","","","03/01/2038","05/01/2038","09/01/2038","EXPIRES",""
"Luther Towers","90111","362","362","Claire Beatty","","","SPRAC","","11/30/2043","Delaware State Housing Authority","","","","","","05/01/2038","09/01/2038","OCAF",""
"Midtown Estates","90083","88","87","Claire Beatty","","","Option 1","","08/31/2044","THDA","","","","","","06/01/2038","09/01/2038","OCAF",""
"Oaks on Lamar","75539","176","74","Tolga Ayberk","","","Option 1","","08/31/2038","SWHCC","","","","","","05/01/2038","09/01/2038","EXPIRES",""
"Plaza Apartments","90128","191","190","Claire Beatty","","","Option 1","","01/31/2037","Missouri Housing Development Commission","","","","","","06/01/2038","09/01/2038","OCAF",""
"River Run","75486","141","140","Mike McKee","","","Option 4","","04/01/2032","Navigate Affordable Housing Partners","","","","","","06/01/2038","09/01/2038","OCAF",""
"Riverside Townhomes","75540","128","128","Tolga Ayberk","","","Option 1","","08/31/2038","SWHCC","","","","","","05/01/2038","09/01/2038","EXPIRES",""
"Sheridan Park","75498","102","10","Matt Kim","","","Section 811","","08/31/2038","NHC","","","","","","05/01/2038","09/01/2038","EXPIRES",""
"Somers Point Apartments","75578","225","224","Elliot Kohanbash","","","Option 1","","08/31/2045","NJHMFA","","","","","09/01/2037","05/01/2038","09/01/2038","OCAF",""
"South Shore Apartments","7962079615","446","446","Mike McKee","","","Option 1","","06/30/2043","National Housing Compliance","","","","","","04/01/2038","09/01/2038","OCAF",""
"St. Andrews Residences","940005","177","177","Elliot Kohanbash","","","PBV","","08/31/2041","West Palm Beach Housing Authority","","","","","","05/01/2038","09/01/2038","Request",""
"The Biltmore Towers","79601","230","230","Matt Kim","","","Option 3","","08/31/2040","Assisted Housing Services Corporation","","","","","","05/01/2038","09/01/2038","OCAF",""
"The Greenhouse","90119","80","79","Matt Kim","","","","","08/31/2043","MassHousing","","","","","03/01/2038","06/01/2038","09/01/2038","RCS",""
"Holly House","75564","42","42","Elliot Kohanbash","","","Option 1","","09/23/2040","NJHMFA","","","","","","05/24/2038","09/24/2038","OCAF",""
"Alaska House","90045","105","105","Tolga Ayberk","","","Option 1","","09/30/2040","Bremerton Housing Authority","","","","","","06/01/2038","10/01/2038","OCAF",""
"Brewster Mews","90016","216","215","Matt Kim","","","","","09/30/2041","HUD","","","","","","06/01/2038","10/01/2038","OCAF",""
"Charter Village","90054","250","220","Claire Beatty","","","Option 1","","09/30/2043","THDA","","","","","04/01/2038","06/01/2038","10/01/2038","RCS",""
"Colonial Village","75708","66","66","Matt Kim","","","Option 1","","09/30/2041","HUD","","","","","","06/01/2038","10/01/2038","OCAF",""
"Dawson Square","90057","36","36","Tolga Ayberk","","","Option 1","","09/30/2040","Colorado Housing and Finance Authority","","","","","","06/01/2038","10/01/2038","OCAF",""
"Helios Station","90069","30","30","Tolga Ayberk","","","Option 1","","09/30/2040","Colorado Housing and Finance Authority","","","","","","06/01/2038","10/01/2038","OCAF",""
"Horizon Square","90074","92","92","Claire Beatty","","","Option 1","","09/30/2037","THDA","","","","","","07/01/2038","10/01/2038","OCAF",""
"New Baltimore Place","79616","101","100","Mike McKee","","","Option 1","","05/31/2043","MSHDA","","","","","","06/01/2038","10/01/2038","OCAF",""
"Northcross Townhomes","2640001","99","99","Mike McKee","","","Option 1","","09/30/2039","North Carolina Housing Finance Agency","","","","","","06/01/2038","10/01/2038","OCAF",""
"Princeton Court Apartments","90019","304","144","Matt Kim","","","Option 1","","09/30/2041","NYS Housing Trust Fund","","","","","","06/01/2038","10/01/2038","OCAF",""
"Tiffany Square","90102","52","52","Tolga Ayberk","","","Option 2","","09/30/2040","Colorado Housing and Finance Authority","","","","","04/01/2038","07/01/2038","10/01/2038","RCS",""
"Trees - Ash","90103","53","53","Claire Beatty","","","Option 1","","09/30/2039","Colorado Housing and Finance Authority","","","","","","07/01/2038","10/01/2038","OCAF",""
"Walker Mews","75290","167","166","Matt Kim","","","Option 1","","09/30/2044","Maryland Department of Housing and Community Development","","","","","","06/01/2038","10/01/2038","OCAF",""
"Winter Garden","79609","112","112","Claire Beatty","","","Option 1","","10/21/2041","Missouri Housing Development Commission","","","","","","07/01/2038","10/01/2038","OCAF",""
"Woodlake Apartments","75584","148","147","Elliot Kohanbash","","","Option 1","","10/31/2044","NJHMFA","","","","","","","10/31/2038","OCAF",""
"Allenhurst Apartments","90015","316","316","Matt Kim","","","RAD","","10/31/2039","HUD","","","","","","07/01/2038","11/01/2038","OCAF",""
"Alms Hill","75924","200","200","Matt Kim","","","Option 1","","10/31/2038","HUD","","","","","","07/01/2038","11/01/2038","EXPIRES",""
"Harmon","75955","210","209","Matt Kim","","","Option 1","","10/31/2038","Assisted Housing Services Corporation","","","","","05/01/2038","07/01/2038","11/01/2038","EXPIRES",""
"Hostmark Village Cove","90075","120","120","Tolga Ayberk","","","Option 1","","10/31/2039","Bremerton Housing Authority","","","","","","07/01/2038","11/01/2038","OCAF",""
"Riverview II","75464","343","114","Elliot Kohanbash","","","PBV","","11/15/2043","MHACY","","","","","","08/11/2038","11/01/2038","Request",""
"Asbury","90047","119","119","Claire Beatty","","","Option 1","","11/30/2044","Assisted Housing Services Corporation","","","","","","09/01/2038","12/01/2038","OCAF",""
"Asbury Park","90048","44","43","Tolga Ayberk","","","Option 1","","11/30/2040","Colorado Housing and Finance Authority","","","","","","08/01/2038","12/01/2038","OCAF",""
"Elmwood Square","75570","138","6","Matt Kim","","","PBV","","11/30/2042","Buffalo Municipal Housing Authority","","","","","","08/01/2038","12/01/2038","Request",""
"Fairview Housing","90060","124","124","Claire Beatty","","","Option 1","","12/01/2044","Assisted Housing Services Corporation","","","","","","08/01/2038","12/01/2038","OCAF",""
"Noble Tower","75543","195","195","Tolga Ayberk","","","Option 1","","11/30/2039","HUD (HAP)","","","","","","08/01/2038","12/01/2038","OCAF",""
"Northcrest Gardens","90085","182","182","Claire Beatty","","","Option 1","","11/30/2044","Ohio Housing Finance Agency","","","","","","09/01/2038","12/01/2038","OCAF",""
"Norwalk North","90086","72","72","Claire Beatty","","","Option 1","","12/01/2044","Assisted Housing Services Corporation","","","","","","09/01/2038","12/01/2038","OCAF",""
"Park Place","79611","242","242","Claire Beatty","","","Option 1","","10/21/2041","Missouri Housing Development Commission","","","","","","08/01/2038","12/01/2038","OCAF",""
"Round Barn Manor","79613","156","156","Claire Beatty","","","Option 2","","11/30/2043","National Housing Compliance","","","","","06/01/2038","08/01/2038","12/01/2038","RCS",""
"Trees - Pine","90106","61","61","Claire Beatty","","","Option 1","","11/30/2040","Colorado Housing and Finance Authority","","","","","","09/01/2038","12/01/2038","OCAF",""
"Wyandot Square","90108","62","62","Claire Beatty","","","Option 1","","03/31/2029","Assisted Housing Services Corporation","","","","","","09/01/2038","12/01/2038","OCAF",""
"Luther Towers","90111","362","362","Claire Beatty","","","SPRAC","","11/30/2043","Delaware State Housing Authority","","","","","06/06/2038","09/06/2038","12/06/2038","RCS",""
"Ebony Gardens","75566","144","144","Claire Beatty","","","Option 1","","12/31/2040","CGI","","","","","","08/08/2038","12/08/2038","OCAF",""
"Chestnut Park (Skyview)","75541","489","241","Matt Kim","","","RAD 2","","12/11/2038","HUD","","","","","06/11/2038","08/11/2038","12/11/2038","EXPIRES",""
"Riverhead Village","75583","135","135","Elliot Kohanbash","","","Option 1","","12/31/2043","CGI","","","","","06/14/2038","08/14/2038","12/14/2038","RCS",""
"Cherry Garden","75576","254","252","Elliot Kohanbash","","","Option 1","","12/15/2041","NJHMFA","","","","","","08/16/2038","12/16/2038","OCAF",""
"Westchester Park","90021","201","200","Matt Kim","","","Option 1","","12/27/2043","New York State Housing Trust Fund Corporation","","","","","06/27/2038","08/27/2038","12/27/2038","RCS",""
"Albright","90046","112","112","Claire Beatty","","","Option 1","","12/31/2044","Assisted Housing Services Corporation","","","","","","10/01/2038","01/01/2039","OCAF",""
"Bastrop Oak Grove","90030","48","48","Tolga Ayberk","","","Option 4","","01/01/2039","Southwest Housing Compliance Corporation","","","","","07/01/2038","09/01/2038","01/01/2039","EXPIRES",""
"Bloomingdale Apartments","75932","111","111","Matt Kim","","","Option 1","","12/31/2043","National Housing Compliance","","","","","07/01/2038","09/01/2038","01/01/2039","RCS",""
"Clinton Manor","75830","60","60","Mike McKee","","","Option 1","","12/31/2040","SC Housing","","","","","","09/01/2038","01/01/2039","OCAF",""
"Courthouse Square","90055","171","171","Tolga Ayberk","","","Option 1","","12/31/2039","Colorado Housing and Finance Authority","","","","","","09/01/2038","01/01/2039","OCAF",""
"Crevenna Oaks Apartments","667","50","50","Claire Beatty","","","Option 1","","01/01/2044","Navigate Affordable Housing Partners","","","","","07/01/2038","10/01/2038","01/01/2039","RCS",""
"Fields Ertel Townhouses","75548","55","55","Matt Kim","","","Option 1","","12/31/2039","Assisted Housing Services Corporation","","","","","","09/01/2038","01/01/2039","OCAF",""
"Friendship Court","75831","80","80","Mike McKee","","","Option 2","","12/31/2040","SC State Housing","","","","","","09/01/2038","01/01/2039","OCAF",""
"Hoffman Homes","90073","81","81","Mike McKee","","","Option 1","","01/01/2046","North Carolina Housing Finance Agency","","","","","","09/01/2038","01/01/2039","OCAF",""
"Hondo Brian Place","90037","40","40","Tolga Ayberk","","","Option 1","","01/01/2039","Southwest Housing Compliance Corporation","","","","","07/01/2038","09/01/2038","01/01/2039","EXPIRES",""
"IOOF Tower","90077","28","28","Tolga Ayberk","","","Option 1","","12/31/2040","Bremerton Housing Authority","","","","","","09/01/2038","01/01/2039","OCAF",""
"Loring Towers (MA)","79181","250","140","Matt Kim","","","PBV","","12/31/2042","CTI","","","","","","09/01/2038","01/01/2039","Request",""
"Mad River Manor","90082","74","74","Claire Beatty","","","Option 1","","12/31/2044","Assisted Housing Services Corporation","","","","","","10/01/2039","01/01/2039","OCAF",""
"Newberry Arms","75832","60","60","Mike McKee","","","Option 1","","12/31/2040","SC State Housing","","","","","","09/01/2038","01/01/2039","OCAF",""
"Oaks on North Plaza","75544","62","62","Tolga Ayberk","","","Option 1","","12/31/2039","SWHCC","","","","","","09/01/2038","01/01/2039","OCAF",""
"Pinewood Gardens","90092","80","80","Claire Beatty","","","Option 2","","12/31/2044","Assisted Housing Services Corporation","","","","","","10/01/2038","01/01/2039","OCAF",""
"Riverview Bend","90096","94","94","Claire Beatty","","","Option 1","","12/31/2044","Missouri Housing Development Commission","","","","","","09/01/2038","01/01/2039","OCAF",""
"Summit Oaks Apartments","670","50","50","Claire Beatty","","","Option 1","","01/01/2044","Navigate Affordable Housing Partners","","","","","07/01/2038","10/01/2038","01/01/2039","RCS",""
"Tamarack","90100","100","100","Mike McKee","","","Option 1","","12/31/2046","MSHDA","","","","","","08/01/2038","01/01/2039","OCAF",""
"Westminster Village","75483","432","400","Matt Kim","","","Option 5","","12/31/2043","Massachusetts Housing Finance Agency","","","","","","09/01/2038","01/01/2039","OCAF",""
"Hill Country Villas","HCV1","51","51","Tolga Ayberk","","","Option 1","","02/01/2034","HUD","","","","","","08/01/2038","01/01/2039","OCAF",""
"Van Buren Park Apartments","75931","300","299","Matt Kim","","","Option 1","","01/31/2044","National Housing Compliance","","","","","07/17/2038","09/17/2038","01/17/2039","RCS",""
"Circle Park Apartments","75833","418","239","Claire Beatty","","","Original","","01/31/2041","National Housing Compliance","","","","","","10/01/2038","02/01/2039","OCAF",""
"Clifford House","75577","101","100","Mike McKee","","","Option 1","","08/31/2042","Navigate Affordable Housing Partners","","","","","","11/01/2038","02/01/2039","OCAF",""
"Market Square","75568","76","75","Mike McKee","","","Option 1","","02/03/2041","Navigate Affordable Housing Partners","","","","","","10/04/2038","02/04/2039","OCAF",""
"Alpha Towers","90114","165","165","Claire Beatty","","","Option 1","","02/28/2044","Assisted Housing Services Corporation","","","","","09/01/2038","12/01/2038","03/01/2039","RCS",""
"Towns at River South","90109","161","75","Claire Beatty","","","RAD","","02/28/2043","Richmond Redevelopment and Housing Authority","","","","","","12/01/2038","03/01/2039","OCAF",""
"Armory Plaza","75582","52","52","Claire Beatty","","","Option 1","","03/20/2044","New York State Housing Trust Fund Corporation","","","","","09/22/2038","11/22/2038","03/22/2039","RCS",""
"Barnum House","75569","84","83","Mike McKee","","","Option 1","","03/31/2041","Navigate Affordable Housing Partners","","","","","","12/01/2038","04/01/2039","OCAF",""
"Bella Vista","79605","100","100","Tolga Ayberk","","","Option 1","","03/31/2041","Southwest Housing Compliance Corporation","","","","","","01/01/2039","04/01/2039","OCAF",""
"Chelsea Square Apartments","82113","","","","","","","","","","","","","","","02/01/2039","04/01/2039","OCAF",""
"Mapleview Towers","75567","101","100","Mike McKee","","","Option 1","","03/31/2041","Navigate Affordable Housing Partners","","","","","","12/01/2038","04/01/2039","OCAF",""
"Montgomery Gateway","90024","190","189","Elliot Kohanbash","","","Option 1","","03/31/2045","NJHMFA","","","","","","12/01/2038","04/01/2039","OCAF",""
"Montview Heights","90084","50","50","Tolga Ayberk","","","Option 1","","03/31/2040","Colorado Housing and Finance Authority","","","","","","12/01/2038","04/01/2039","OCAF",""
"Park Club Apartments","75835","56","55","Mike McKee","","","Option 1","","03/31/2042","Wisconsin Housing & Economic Development Authority","","","","","","01/01/2039","04/01/2039","OCAF",""
"Riverwoods Apartments","79621","125","125","Claire Beatty","","","Option 2","","12/31/2043","CGI","","","","","10/01/2038","12/01/2038","04/01/2039","RCS",""
"Southern Hills/Orlando","75834","212","212","Claire Beatty","","","Option 1","","03/31/2042","National Housing Compliance","","","","","","12/01/2038","04/01/2039","OCAF",""
"Spring Creek","75828","137","137","Matt Kim","","","Option 1","","03/31/2041","National Housing Compliance","","","","","","12/01/2038","04/01/2039","OCAF",""
"St. James Residences","9200045","148","148","Elliot Kohanbash","","","Option 1","","04/01/2045","North Tampa Housing Development Corporation","","","","","","12/01/2038","04/01/2039","OCAF",""
"Malcolm Towers","90044","226","225","Elliot Kohanbash","","","Option 2","","04/30/2040","NJHMFA","","","","","","12/28/2038","04/28/2039","OCAF",""
"Arvada House","79619","88","88","Tolga Ayberk","","","Option 1","","04/30/2043","Colorado Housing and Finance Authority","","","","","","01/01/2039","05/01/2039","OCAF",""
"Darby Townhouses","90056","172","168","Claire Beatty","","","Option 2","","12/31/2032","Pennsylvania Housing Finance Agency","","","","","","02/01/2039","05/01/2039","OCAF",""
"Hacienda Del Rio","90120","146","146","Tolga Ayberk","","","Option 1","","05/01/2044","Arizona Department of Housing","","","","","11/01/2038","01/01/2039","05/01/2039","RCS",""
"Pineview at Grogran's Mill","79606","300","300","Tolga Ayberk","","","Option 1","","04/30/2041","SWHCC","","","","","","01/01/2039","05/01/2039","OCAF",""
"Poplar Grove","90117","130","128","Mike McKee","","","Option 1","","04/30/2044","North Carolina Housing Finance Agency","","","","","11/01/2038","01/01/2039","05/01/2039","RCS",""
"Ridgewood at Panther Creek","79607","300","300","Tolga Ayberk","","","Option 1","","04/30/2041","SWHCC","","","","","","01/01/2039","05/01/2039","OCAF",""
"Shiloh Village","75572","168","168","Tolga Ayberk","","","Option 1","","05/01/2041","SWHCC","","","","","","01/01/2039","05/01/2039","OCAF",""
"Shoreline Plaza Apartments","79604","230","187","Mike McKee","","","Option 1","","04/30/2041","Minnesota Housing Finance Agency","","","","","","01/01/2039","05/01/2039","OCAF",""
"Trees - Willow","90107","63","63","Claire Beatty","","","Option 1","","04/30/2040","Colorado Housing and Finance Authority","","","","","11/01/2038","02/01/2039","05/01/2039","RCS",""
"Woodman West","90112","197","196","Elliot Kohanbash","","","Option 1","","03/31/2044","Navigate Affordable Housing Partners","","","","","","02/01/2039","05/01/2039","RCS",""
"Bannock Arms","90051","66","66","Tolga Ayberk","","","Option 1","","05/31/2039","Idaho Housing and Finance Association","","","","","12/01/2038","02/01/2039","06/01/2039","EXPIRES",""
"Hopkins Village","79623","165","164","Matt Kim","","","Option 1","","06/01/2045","MDHCD","","","","","","02/01/2039","06/01/2039","OCAF",""
"Lake Worth Towers","90110","195","195","Elliot Kohanbash","","","PBV","","05/09/2043","Palm Beach County Housing Authority","","","","","","03/01/2039","06/01/2039","Request",""
"Oaks on Clark","79602","80","80","Tolga Ayberk","","","Option 2","","05/31/2040","SWHCC","","","","","","02/01/2039","06/01/2039","OCAF",""
"River Trails","79614","220","215","Tolga Ayberk","","","Option 2","","05/31/2042","SWHCC","","","","","12/01/2038","04/01/2039","06/01/2039","RCS",""
"South Bay Villa","79608","80","80","Tolga Ayberk","","","Option 1","","05/27/2041","LA LOMOD","","","","","","02/01/2039","06/01/2039","OCAF",""
"Oceanport Gardens","75563","101","100","Elliot Kohanbash","","","Option 1","","06/27/2039","NJHMFA","","","","","12/28/2038","02/28/2039","06/30/2039","EXPIRES",""
"333 Holly","75704","332","139","Tolga Ayberk","","","Option 1","","06/30/2040","SWHCC","","","","","","03/01/2039","07/01/2039","OCAF",""
"Butternut Creek","79617","100","198","Mike McKee","","","Option 2","","06/30/2043","MSHDA","","","","","","03/01/2039","07/01/2039","OCAF",""
"Campbell Terrace","75547","249","249","Claire Beatty","","","Option 1","","06/30/2039","National Housing Compliance","","","","","01/01/2039","03/01/2039","07/01/2039","EXPIRES",""
"Greenport","75468","366","364","Elliot Kohanbash","","","Option 1","","01/31/2029","CGI","","","","","","03/01/2039","07/01/2039","OCAF",""
"Morningside Court","75573","171","171","Claire Beatty","","","Option 1","","06/30/2041","National Housing Compliance","","","","","","03/01/2039","07/01/2039","OCAF",""
"Northgate Village","75542","168","168","Tolga Ayberk","","","Option 1","","06/30/2039","SWHA","","","","","01/01/2039","03/01/2039","07/01/2039","EXPIRES",""
"Nottingham Towers","90113","165","156","Mike McKee","","","Option 1","","05/31/2044","Navigate Affordable Housing Partners","","","","","","03/01/2039","07/01/2039","OCAF",""
"Shoreview Apartments","79627","156","156","Tolga Ayberk","","","Option 1","","07/01/2044","CAHI","","","","","01/01/2039","03/01/2039","07/01/2039","RCS",""
"Terrific Tenements","75475","88","88","Elliot Kohanbash","","","Option 1","","07/01/2045","CGI","","","","","","03/01/2039","07/01/2039","OCAF",""
"Terry Manor Apartments","79628","170","170","Tolga Ayberk","","","Option 1","","07/01/2044","LA LOMOD","","","","","01/01/2039","03/01/2039","07/01/2039","RCS",""
"The Pines","75705","152","152","Tolga Ayberk","","","Option 1","","06/30/2040","SWHCC","","","","","","03/01/2039","07/01/2039","OCAF",""
"Tompkins Terrace","79622","193","61","Claire Beatty","","","PBV","","02/01/2040","City of Beacon Housing Authority","","","","","","03/01/2039","07/01/2039","Request",""
"Woodland Hills","79610","125","125","Mike McKee","","","Option 1","","06/30/2041","MSHDA","","","","","","03/01/2039","07/01/2039","OCAF",""
"All Hallows","79624","157","150","Tolga Ayberk","","","Option 1","","01/31/2026","CAHI","","","","","02/01/2039","04/01/2039","08/01/2039","RCS",""
"Beacon Hill","79618","198","198","Mike McKee","","","Option 1","","07/31/2043","MSHDA","","","","","","06/01/2039","08/01/2039","OCAF",""
"Federation Plaza","90062","124","123","Elliot Kohanbash","","","Option 1","","07/31/2045","CGI","","","","","","04/01/2039","08/01/2039","OCAF",""
"Gates Mills Villa","90064","191","175","Claire Beatty","","","Option 1","","08/01/2044","Assisted Housing Services Corporation","","","","","02/01/2039","05/01/2039","08/01/2039","RCS",""
"James Court","90078","50","50","Tolga Ayberk","","","Option 1","","07/31/2040","HUD","","","","","","05/01/2039","08/01/2039","OCAF",""
"La Salle","79626","145","142","Tolga Ayberk","","","Option 1","","01/31/2026","CAHI","","","","","02/01/2039","04/01/2039","08/01/2039","RCS",""
"Northpoint","79603","304","304","Claire Beatty","","","Option 1","","07/31/2040","National Housing Compliance","","","","","","04/01/2039","08/01/2039","OCAF",""
"Squire Village","90099","51","50","Tolga Ayberk","","","Option 4","","07/31/2040","Colorado Housing and Finance Authority","","","","","","04/01/2039","08/01/2039","OCAF",""
"Augustana Homes","75499","186","180","Mike McKee","","","Option 1","","06/17/2033","Navigate Affordable Housing Partners","","","","","","06/01/2039","09/01/2039","OCAF",""
"Avon Towers","90049","125","125","Mike McKee","","","Option 1","","08/31/2044","MSHDA","","","","","03/01/2039","05/01/2039","09/01/2039","RCS",""
"Bayview","79625","146","113","Tolga Ayberk","","","Option 1","","01/31/2026","CAHI","","","","","03/01/2039","05/01/2039","09/01/2039","RCS",""
"Luther Towers","90111","362","362","Claire Beatty","","","SPRAC","","11/30/2043","Delaware State Housing Authority","","","","","03/01/2039","05/01/2039","09/01/2039","EXPIRES",""
"Midtown Estates","90083","88","87","Claire Beatty","","","Option 1","","08/31/2044","THDA","","","","","03/01/2039","06/01/2039","09/01/2039","RCS",""
"Plaza Apartments","90128","191","190","Claire Beatty","","","Option 1","","01/31/2037","Missouri Housing Development Commission","","","","","03/01/2039","06/01/2039","09/01/2039","RCS",""
"River Run","75486","141","140","Mike McKee","","","Option 4","","04/01/2032","Navigate Affordable Housing Partners","","","","","","06/01/2039","09/01/2039","OCAF",""
"Somers Point Apartments","75578","225","224","Elliot Kohanbash","","","Option 1","","08/31/2045","NJHMFA","","","","","","05/01/2039","09/01/2039","OCAF",""
"South Shore Apartments","7962079615","446","446","Mike McKee","","","Option 1","","06/30/2043","National Housing Compliance","","","","","","04/01/2039","09/01/2039","OCAF",""
"St. Andrews Residences","940005","177","177","Elliot Kohanbash","","","PBV","","08/31/2041","West Palm Beach Housing Authority","","","","","","05/01/2039","09/01/2039","Request",""
"The Biltmore Towers","79601","230","230","Matt Kim","","","Option 3","","08/31/2040","Assisted Housing Services Corporation","","","","","","05/01/2039","09/01/2039","OCAF",""
"The Greenhouse","90119","80","79","Matt Kim","","","","","08/31/2043","MassHousing","","","","","","06/01/2039","09/01/2039","OCAF",""
"Holly House","75564","42","42","Elliot Kohanbash","","","Option 1","","09/23/2040","NJHMFA","","","","","","05/24/2039","09/24/2039","OCAF",""
"Alaska House","90045","105","105","Tolga Ayberk","","","Option 1","","09/30/2040","Bremerton Housing Authority","","","","","","06/01/2039","10/01/2039","OCAF",""
"Brewster Mews","90016","216","215","Matt Kim","","","","","09/30/2041","HUD","","","","","","06/01/2039","10/01/2039","OCAF",""
"Charter Village","90054","250","220","Claire Beatty","","","Option 1","","09/30/2043","THDA","","","","","","06/01/2039","10/01/2039","OCAF",""
"Colonial Village","75708","66","66","Matt Kim","","","Option 1","","09/30/2041","HUD","","","","","","06/01/2039","10/01/2039","OCAF",""
"Dawson Square","90057","36","36","Tolga Ayberk","","","Option 1","","09/30/2040","Colorado Housing and Finance Authority","","","","","","06/01/2039","10/01/2039","OCAF",""
"Helios Station","90069","30","30","Tolga Ayberk","","","Option 1","","09/30/2040","Colorado Housing and Finance Authority","","","","","","06/01/2039","10/01/2039","OCAF",""
"Horizon Square","90074","92","92","Claire Beatty","","","Option 1","","09/30/2037","THDA","","","","","04/01/2039","07/01/2039","10/01/2039","RCS",""
"New Baltimore Place","79616","101","100","Mike McKee","","","Option 1","","05/31/2043","MSHDA","","","","","","06/01/2039","10/01/2039","OCAF",""
"Northcross Townhomes","2640001","99","99","Mike McKee","","","Option 1","","09/30/2039","North Carolina Housing Finance Agency","","","","","04/01/2039","06/01/2039","10/01/2039","EXPIRES",""
"Princeton Court Apartments","90019","304","144","Matt Kim","","","Option 1","","09/30/2041","NYS Housing Trust Fund","","","","","","06/01/2039","10/01/2039","OCAF",""
"Tiffany Square","90102","52","52","Tolga Ayberk","","","Option 2","","09/30/2040","Colorado Housing and Finance Authority","","","","","","07/01/2039","10/01/2039","OCAF",""
"Trees - Ash","90103","53","53","Claire Beatty","","","Option 1","","09/30/2039","Colorado Housing and Finance Authority","","","","","04/01/2039","07/01/2039","10/01/2039","EXPIRES",""
"Walker Mews","75290","167","166","Matt Kim","","","Option 1","","09/30/2044","Maryland Department of Housing and Community Development","","","","","04/01/2039","06/01/2039","10/01/2039","RCS",""
"Winter Garden","79609","112","112","Claire Beatty","","","Option 1","","10/21/2041","Missouri Housing Development Commission","","","","","","07/01/2039","10/01/2039","OCAF",""
"Woodlake Apartments","75584","148","147","Elliot Kohanbash","","","Option 1","","10/31/2044","NJHMFA","","","","","","","10/31/2039","RCS",""
"Allenhurst Apartments","90015","316","316","Matt Kim","","","RAD","","10/31/2039","HUD","","","","","","07/01/2039","11/01/2039","EXPIRES",""
"Hostmark Village Cove","90075","120","120","Tolga Ayberk","","","Option 1","","10/31/2039","Bremerton Housing Authority","","","","","05/01/2039","07/01/2039","11/01/2039","EXPIRES",""
"Riverview II","75464","343","114","Elliot Kohanbash","","","PBV","","11/15/2043","MHACY","","","","","","08/11/2039","11/01/2039","Request",""
"Asbury","90047","119","119","Claire Beatty","","","Option 1","","11/30/2044","Assisted Housing Services Corporation","","","","","06/01/2039","09/01/2039","12/01/2039","RCS",""
"Asbury Park","90048","44","43","Tolga Ayberk","","","Option 1","","11/30/2040","Colorado Housing and Finance Authority","","","","","","08/01/2039","12/01/2039","OCAF",""
"Elmwood Square","75570","138","6","Matt Kim","","","PBV","","11/30/2042","Buffalo Municipal Housing Authority","","","","","","08/01/2039","12/01/2039","Request",""
"Fairview Housing","90060","124","124","Claire Beatty","","","Option 1","","12/01/2044","Assisted Housing Services Corporation","","","","","06/01/2039","08/01/2039","12/01/2039","RCS",""
"Noble Tower","75543","195","195","Tolga Ayberk","","","Option 1","","11/30/2039","HUD (HAP)","","","","","","08/01/2039","12/01/2039","EXPIRES",""
"Northcrest Gardens","90085","182","182","Claire Beatty","","","Option 1","","11/30/2044","Ohio Housing Finance Agency","","","","","06/01/2039","09/01/2039","12/01/2039","RCS",""
"Norwalk North","90086","72","72","Claire Beatty","","","Option 1","","12/01/2044","Assisted Housing Services Corporation","","","","","06/01/2039","09/01/2039","12/01/2039","RCS",""
"Park Place","79611","242","242","Claire Beatty","","","Option 1","","10/21/2041","Missouri Housing Development Commission","","","","","","08/01/2039","12/01/2039","OCAF",""
"Round Barn Manor","79613","156","156","Claire Beatty","","","Option 2","","11/30/2043","National Housing Compliance","","","","","","08/01/2039","12/01/2039","OCAF",""
"Trees - Pine","90106","61","61","Claire Beatty","","","Option 1","","11/30/2040","Colorado Housing and Finance Authority","","","","","06/01/2039","09/01/2039","12/01/2039","RCS",""
"Wyandot Square","90108","62","62","Claire Beatty","","","Option 1","","03/31/2029","Assisted Housing Services Corporation","","","","","06/01/2039","09/01/2039","12/01/2039","RCS",""
"Luther Towers","90111","362","362","Claire Beatty","","","SPRAC","","11/30/2043","Delaware State Housing Authority","","","","","","09/06/2039","12/06/2039","OCAF",""
"Ebony Gardens","75566","144","144","Claire Beatty","","","Option 1","","12/31/2040","CGI","","","","","","08/08/2039","12/08/2039","OCAF",""
"Riverhead Village","75583","135","135","Elliot Kohanbash","","","Option 1","","12/31/2043","CGI","","","","","","08/14/2039","12/14/2039","OCAF",""
"Cherry Garden","75576","254","252","Elliot Kohanbash","","","Option 1","","12/15/2041","NJHMFA","","","","","","08/16/2039","12/16/2039","OCAF",""
"Westchester Park","90021","201","200","Matt Kim","","","Option 1","","12/27/2043","New York State Housing Trust Fund Corporation","","","","","","08/27/2039","12/27/2039","OCAF",""
"Fields Ertel Townhouses","75548","55","55","Matt Kim","","","Option 1","","12/31/2039","Assisted Housing Services Corporation","","","","","06/30/2039","08/30/2039","12/31/2039","EXPIRES",""
"Albright","90046","112","112","Claire Beatty","","","Option 1","","12/31/2044","Assisted Housing Services Corporation","","","","","07/01/2039","10/01/2039","01/01/2040","RCS",""
"Bloomingdale Apartments","75932","111","111","Matt Kim","","","Option 1","","12/31/2043","National Housing Compliance","","","","","","09/01/2039","01/01/2040","OCAF",""
"Clinton Manor","75830","60","60","Mike McKee","","","Option 1","","12/31/2040","SC Housing","","","","","","09/01/2039","01/01/2040","OCAF",""
"Courthouse Square","90055","171","171","Tolga Ayberk","","","Option 1","","12/31/2039","Colorado Housing and Finance Authority","","","","","","09/01/2039","01/01/2040","OCAF",""
"Crevenna Oaks Apartments","667","50","50","Claire Beatty","","","Option 1","","01/01/2044","Navigate Affordable Housing Partners","","","","","","10/01/2039","01/01/2040","OCAF",""
"Friendship Court","75831","80","80","Mike McKee","","","Option 2","","12/31/2040","SC State Housing","","","","","","09/01/2039","01/01/2040","OCAF",""
"Hoffman Homes","90073","81","81","Mike McKee","","","Option 1","","01/01/2046","North Carolina Housing Finance Agency","","","","","","09/01/2039","01/01/2040","OCAF",""
"IOOF Tower","90077","28","28","Tolga Ayberk","","","Option 1","","12/31/2040","Bremerton Housing Authority","","","","","","09/01/2039","01/01/2040","OCAF",""
"Loring Towers (MA)","79181","250","140","Matt Kim","","","PBV","","12/31/2042","CTI","","","","","","09/01/2039","01/01/2040","Request",""
"Mad River Manor","90082","74","74","Claire Beatty","","","Option 1","","12/31/2044","Assisted Housing Services Corporation","","","","","07/01/2039","10/01/2040","01/01/2040","RCS",""
"Newberry Arms","75832","60","60","Mike McKee","","","Option 1","","12/31/2040","SC State Housing","","","","","","09/01/2039","01/01/2040","OCAF",""
"Oaks on North Plaza","75544","62","62","Tolga Ayberk","","","Option 1","","12/31/2039","SWHCC","","","","","","09/01/2039","01/01/2040","EXPIRES",""
"Pinewood Gardens","90092","80","80","Claire Beatty","","","Option 2","","12/31/2044","Assisted Housing Services Corporation","","","","","07/01/2039","10/01/2039","01/01/2040","RCS",""
"Riverview Bend","90096","94","94","Claire Beatty","","","Option 1","","12/31/2044","Missouri Housing Development Commission","","","","","07/01/2039","09/01/2039","01/01/2040","RCS",""
"Summit Oaks Apartments","670","50","50","Claire Beatty","","","Option 1","","01/01/2044","Navigate Affordable Housing Partners","","","","","","10/01/2039","01/01/2040","OCAF",""
"Tamarack","90100","100","100","Mike McKee","","","Option 1","","12/31/2046","MSHDA","","","","","","08/01/2039","01/01/2040","OCAF",""
"Westminster Village","75483","432","400","Matt Kim","","","Option 5","","12/31/2043","Massachusetts Housing Finance Agency","","","","","","09/01/2039","01/01/2040","OCAF",""
"Hill Country Villas","HCV1","51","51","Tolga Ayberk","","","Option 1","","02/01/2034","HUD","","","","","","08/01/2039","01/01/2040","OCAF",""
"Van Buren Park Apartments","75931","300","299","Matt Kim","","","Option 1","","01/31/2044","National Housing Compliance","","","","","","09/17/2039","01/17/2040","OCAF",""
"Circle Park Apartments","75833","418","239","Claire Beatty","","","Original","","01/31/2041","National Housing Compliance","","","","","","10/01/2039","02/01/2040","OCAF",""
"Clifford House","75577","101","100","Mike McKee","","","Option 1","","08/31/2042","Navigate Affordable Housing Partners","","","","","","11/01/2039","02/01/2040","OCAF",""
"Market Square","75568","76","75","Mike McKee","","","Option 1","","02/03/2041","Navigate Affordable Housing Partners","","","","","","10/04/2039","02/04/2040","OCAF",""
"Alpha Towers","90114","165","165","Claire Beatty","","","Option 1","","02/28/2044","Assisted Housing Services Corporation","","","","","","12/01/2039","03/01/2040","OCAF",""
"Towns at River South","90109","161","75","Claire Beatty","","","RAD","","02/28/2043","Richmond Redevelopment and Housing Authority","","","","","","12/01/2039","03/01/2040","OCAF",""
"Armory Plaza","75582","52","52","Claire Beatty","","","Option 1","","03/20/2044","New York State Housing Trust Fund Corporation","","","","","","11/22/2039","03/22/2040","OCAF",""
"Barnum House","75569","84","83","Mike McKee","","","Option 1","","03/31/2041","Navigate Affordable Housing Partners","","","","","","12/01/2039","04/01/2040","OCAF",""
"Bella Vista","79605","100","100","Tolga Ayberk","","","Option 1","","03/31/2041","Southwest Housing Compliance Corporation","","","","","","01/01/2040","04/01/2040","OCAF",""
"Chelsea Square Apartments","82113","","","","","","","","","","","","","","11/01/2039","02/01/2040","04/01/2040","OCAF",""
"Mapleview Towers","75567","101","100","Mike McKee","","","Option 1","","03/31/2041","Navigate Affordable Housing Partners","","","","","","12/01/2039","04/01/2040","OCAF",""
"Montgomery Gateway","90024","190","189","Elliot Kohanbash","","","Option 1","","03/31/2045","NJHMFA","","","","","10/01/2039","12/01/2039","04/01/2040","RCS",""
"Montview Heights","90084","50","50","Tolga Ayberk","","","Option 1","","03/31/2040","Colorado Housing and Finance Authority","","","","","10/01/2039","12/01/2039","04/01/2040","EXPIRES",""
"Park Club Apartments","75835","56","55","Mike McKee","","","Option 1","","03/31/2042","Wisconsin Housing & Economic Development Authority","","","","","","01/01/2040","04/01/2040","OCAF",""
"Riverwoods Apartments","79621","125","125","Claire Beatty","","","Option 2","","12/31/2043","CGI","","","","","","12/01/2039","04/01/2040","OCAF",""
"Southern Hills/Orlando","75834","212","212","Claire Beatty","","","Option 1","","03/31/2042","National Housing Compliance","","","","","","12/01/2039","04/01/2040","OCAF",""
"Spring Creek","75828","137","137","Matt Kim","","","Option 1","","03/31/2041","National Housing Compliance","","","","","","12/01/2039","04/01/2040","OCAF",""
"St. James Residences","9200045","148","148","Elliot Kohanbash","","","Option 1","","04/01/2045","North Tampa Housing Development Corporation","","","","","10/01/2039","12/01/2039","04/01/2040","RCS",""
"Malcolm Towers","90044","226","225","Elliot Kohanbash","","","Option 2","","04/30/2040","NJHMFA","","","","","10/28/2039","12/28/2039","04/28/2040","EXPIRES",""
"Arvada House","79619","88","88","Tolga Ayberk","","","Option 1","","04/30/2043","Colorado Housing and Finance Authority","","","","","","01/01/2040","05/01/2040","OCAF",""
"Darby Townhouses","90056","172","168","Claire Beatty","","","Option 2","","12/31/2032","Pennsylvania Housing Finance Agency","","","","","05/01/2040","02/01/2040","05/01/2040","RCS",""
"Hacienda Del Rio","90120","146","146","Tolga Ayberk","","","Option 1","","05/01/2044","Arizona Department of Housing","","","","","","01/01/2040","05/01/2040","OCAF",""
"Pineview at Grogran's Mill","79606","300","300","Tolga Ayberk","","","Option 1","","04/30/2041","SWHCC","","","","","","01/01/2040","05/01/2040","OCAF",""
"Poplar Grove","90117","130","128","Mike McKee","","","Option 1","","04/30/2044","North Carolina Housing Finance Agency","","","","","","01/01/2040","05/01/2040","OCAF",""
"Ridgewood at Panther Creek","79607","300","300","Tolga Ayberk","","","Option 1","","04/30/2041","SWHCC","","","","","","01/01/2040","05/01/2040","OCAF",""
"Shiloh Village","75572","168","168","Tolga Ayberk","","","Option 1","","05/01/2041","SWHCC","","","","","","01/01/2040","05/01/2040","OCAF",""
"Shoreline Plaza Apartments","79604","230","187","Mike McKee","","","Option 1","","04/30/2041","Minnesota Housing Finance Agency","","","","","11/01/2039","01/01/2040","05/01/2040","OCAF",""
"Trees - Willow","90107","63","63","Claire Beatty","","","Option 1","","04/30/2040","Colorado Housing and Finance Authority","","","","","","02/01/2040","05/01/2040","EXPIRES",""
"Woodman West","90112","197","196","Elliot Kohanbash","","","Option 1","","03/31/2044","Navigate Affordable Housing Partners","","","","","","02/01/2040","05/01/2040","OCAF",""
"Hopkins Village","79623","165","164","Matt Kim","","","Option 1","","06/01/2045","MDHCD","","","","","12/01/2039","02/01/2040","06/01/2040","RCS",""
"Lake Worth Towers","90110","195","195","Elliot Kohanbash","","","PBV","","05/09/2043","Palm Beach County Housing Authority","","","","","","03/01/2040","06/01/2040","Request",""
"Oaks on Clark","79602","80","80","Tolga Ayberk","","","Option 2","","05/31/2040","SWHCC","","","","","","02/01/2040","06/01/2040","EXPIRES",""
"South Bay Villa","79608","80","80","Tolga Ayberk","","","Option 1","","05/27/2041","LA LOMOD","","","","","","02/01/2040","06/01/2040","OCAF",""
"333 Holly","75704","332","139","Tolga Ayberk","","","Option 1","","06/30/2040","SWHCC","","","","","01/01/2040","03/01/2040","07/01/2040","EXPIRES",""
"Butternut Creek","79617","100","198","Mike McKee","","","Option 2","","06/30/2043","MSHDA","","","","","","03/01/2040","07/01/2040","OCAF",""
"Greenport","75468","366","364","Elliot Kohanbash","","","Option 1","","01/31/2029","CGI","","","","","","03/01/2040","07/01/2040","OCAF",""
"Morningside Court","75573","171","171","Claire Beatty","","","Option 1","","06/30/2041","National Housing Compliance","","","","","","03/01/2040","07/01/2040","OCAF",""
"Nottingham Towers","90113","165","156","Mike McKee","","","Option 1","","05/31/2044","Navigate Affordable Housing Partners","","","","","01/01/2040","03/01/2040","07/01/2040","RCS",""
"Shoreview Apartments","79627","156","156","Tolga Ayberk","","","Option 1","","07/01/2044","CAHI","","","","","","03/01/2040","07/01/2040","OCAF",""
"Terrific Tenements","75475","88","88","Elliot Kohanbash","","","Option 1","","07/01/2045","CGI","","","","","01/01/2040","03/01/2040","07/01/2040","RCS",""
"Terry Manor Apartments","79628","170","170","Tolga Ayberk","","","Option 1","","07/01/2044","LA LOMOD","","","","","","03/01/2040","07/01/2040","OCAF",""
"The Pines","75705","152","152","Tolga Ayberk","","","Option 1","","06/30/2040","SWHCC","","","","","01/01/2040","03/01/2040","07/01/2040","EXPIRES",""
"Tompkins Terrace","79622","193","61","Claire Beatty","","","PBV","","02/01/2040","City of Beacon Housing Authority","","","","","","03/01/2040","07/01/2040","EXPIRES",""
"Woodland Hills","79610","125","125","Mike McKee","","","Option 1","","06/30/2041","MSHDA","","","","","","03/01/2040","07/01/2040","OCAF",""
"All Hallows","79624","157","150","Tolga Ayberk","","","Option 1","","01/31/2026","CAHI","","","","","","04/01/2040","08/01/2040","OCAF",""
"Beacon Hill","79618","198","198","Mike McKee","","","Option 1","","07/31/2043","MSHDA","","","","","","06/01/2040","08/01/2040","OCAF",""
"Federation Plaza","90062","124","123","Elliot Kohanbash","","","Option 1","","07/31/2045","CGI","","","","","02/01/2040","04/01/2040","08/01/2040","RCS",""
"Gates Mills Villa","90064","191","175","Claire Beatty","","","Option 1","","08/01/2044","Assisted Housing Services Corporation","","","","","","05/01/2040","08/01/2040","OCAF",""
"James Court","90078","50","50","Tolga Ayberk","","","Option 1","","07/31/2040","HUD","","","","","","05/01/2040","08/01/2040","EXPIRES",""
"La Salle","79626","145","142","Tolga Ayberk","","","Option 1","","01/31/2026","CAHI","","","","","","04/01/2040","08/01/2040","OCAF",""
"Northpoint","79603","304","304","Claire Beatty","","","Option 1","","07/31/2040","National Housing Compliance","","","","","02/01/2040","04/01/2040","08/01/2040","EXPIRES",""
"Squire Village","90099","51","50","Tolga Ayberk","","","Option 4","","07/31/2040","Colorado Housing and Finance Authority","","","","","02/01/2040","04/01/2040","08/01/2040","EXPIRES",""
"Augustana Homes","75499","186","180","Mike McKee","","","Option 1","","06/17/2033","Navigate Affordable Housing Partners","","","","","03/01/2040","06/01/2040","09/01/2040","RCS",""
"Avon Towers","90049","125","125","Mike McKee","","","Option 1","","08/31/2044","MSHDA","","","","","","05/01/2040","09/01/2040","OCAF",""
"Bayview","79625","146","113","Tolga Ayberk","","","Option 1","","01/31/2026","CAHI","","","","","","05/01/2040","09/01/2040","OCAF",""
"Midtown Estates","90083","88","87","Claire Beatty","","","Option 1","","08/31/2044","THDA","","","","","","06/01/2040","09/01/2040","OCAF",""
"Plaza Apartments","90128","191","190","Claire Beatty","","","Option 1","","01/31/2037","Missouri Housing Development Commission","","","","","","06/01/2040","09/01/2040","RCS",""
"River Run","75486","141","140","Mike McKee","","","Option 4","","04/01/2032","Navigate Affordable Housing Partners","","","","","03/01/2040","06/01/2040","09/01/2040","RCS",""
"Somers Point Apartments","75578","225","224","Elliot Kohanbash","","","Option 1","","08/31/2045","NJHMFA","","","","","09/01/2040","05/01/2040","09/01/2040","RCS",""
"South Shore Apartments","7962079615","446","446","Mike McKee","","","Option 1","","06/30/2043","National Housing Compliance","","","","","03/01/2040","04/01/2040","09/01/2040","RCS",""
"St. Andrews Residences","940005","177","177","Elliot Kohanbash","","","PBV","","08/31/2041","West Palm Beach Housing Authority","","","","","","05/01/2040","09/01/2040","Request",""
"The Biltmore Towers","79601","230","230","Matt Kim","","","Option 3","","08/31/2040","Assisted Housing Services Corporation","","","","","03/01/2040","05/01/2040","09/01/2040","EXPIRES",""
"The Greenhouse","90119","80","79","Matt Kim","","","","","08/31/2043","MassHousing","","","","","","06/01/2040","09/01/2040","OCAF",""
"Holly House","75564","42","42","Elliot Kohanbash","","","Option 1","","09/23/2040","NJHMFA","","","","","03/24/2040","05/24/2040","09/24/2040","EXPIRES",""
"Alaska House","90045","105","105","Tolga Ayberk","","","Option 1","","09/30/2040","Bremerton Housing Authority","","","","","04/01/2040","06/01/2040","10/01/2040","EXPIRES",""
"Brewster Mews","90016","216","215","Matt Kim","","","","","09/30/2041","HUD","","","","","","06/01/2040","10/01/2040","OCAF",""
"Charter Village","90054","250","220","Claire Beatty","","","Option 1","","09/30/2043","THDA","","","","","","06/01/2040","10/01/2040","OCAF",""
"Colonial Village","75708","66","66","Matt Kim","","","Option 1","","09/30/2041","HUD","","","","","","06/01/2040","10/01/2040","OCAF",""
"Dawson Square","90057","36","36","Tolga Ayberk","","","Option 1","","09/30/2040","Colorado Housing and Finance Authority","","","","","04/01/2040","06/01/2040","10/01/2040","EXPIRES",""
"Helios Station","90069","30","30","Tolga Ayberk","","","Option 1","","09/30/2040","Colorado Housing and Finance Authority","","","","","04/01/2040","06/01/2040","10/01/2040","EXPIRES",""
"Horizon Square","90074","92","92","Claire Beatty","","","Option 1","","09/30/2037","THDA","","","","","","07/01/2040","10/01/2040","OCAF",""
"New Baltimore Place","79616","101","100","Mike McKee","","","Option 1","","05/31/2043","MSHDA","","","","","","06/01/2040","10/01/2040","OCAF",""
"Princeton Court Apartments","90019","304","144","Matt Kim","","","Option 1","","09/30/2041","NYS Housing Trust Fund","","","","","","06/01/2040","10/01/2040","OCAF",""
"Tiffany Square","90102","52","52","Tolga Ayberk","","","Option 2","","09/30/2040","Colorado Housing and Finance Authority","","","","","","07/01/2040","10/01/2040","EXPIRES",""
"Walker Mews","75290","167","166","Matt Kim","","","Option 1","","09/30/2044","Maryland Department of Housing and Community Development","","","","","","06/01/2040","10/01/2040","OCAF",""
"Winter Garden","79609","112","112","Claire Beatty","","","Option 1","","10/21/2041","Missouri Housing Development Commission","","","","","","07/01/2040","10/01/2040","OCAF",""
"Woodlake Apartments","75584","148","147","Elliot Kohanbash","","","Option 1","","10/31/2044","NJHMFA","","","","","","","10/31/2040","OCAF",""
"Riverview II","75464","343","114","Elliot Kohanbash","","","PBV","","11/15/2043","MHACY","","","","","","08/11/2040","11/01/2040","Request",""
"Asbury","90047","119","119","Claire Beatty","","","Option 1","","11/30/2044","Assisted Housing Services Corporation","","","","","","09/01/2040","12/01/2040","OCAF",""
"Asbury Park","90048","44","43","Tolga Ayberk","","","Option 1","","11/30/2040","Colorado Housing and Finance Authority","","","","","06/01/2040","08/01/2040","12/01/2040","EXPIRES",""
"Elmwood Square","75570","138","6","Matt Kim","","","PBV","","11/30/2042","Buffalo Municipal Housing Authority","","","","","","08/01/2040","12/01/2040","Request",""
"Fairview Housing","90060","124","124","Claire Beatty","","","Option 1","","12/01/2044","Assisted Housing Services Corporation","","","","","","08/01/2040","12/01/2040","OCAF",""
"Northcrest Gardens","90085","182","182","Claire Beatty","","","Option 1","","11/30/2044","Ohio Housing Finance Agency","","","","","","09/01/2040","12/01/2040","OCAF",""
"Norwalk North","90086","72","72","Claire Beatty","","","Option 1","","12/01/2044","Assisted Housing Services Corporation","","","","","","09/01/2040","12/01/2040","OCAF",""
"Park Place","79611","242","242","Claire Beatty","","","Option 1","","10/21/2041","Missouri Housing Development Commission","","","","","","08/01/2040","12/01/2040","OCAF",""
"Round Barn Manor","79613","156","156","Claire Beatty","","","Option 2","","11/30/2043","National Housing Compliance","","","","","","08/01/2040","12/01/2040","OCAF",""
"Trees - Pine","90106","61","61","Claire Beatty","","","Option 1","","11/30/2040","Colorado Housing and Finance Authority","","","","","","09/01/2040","12/01/2040","EXPIRES",""
"Wyandot Square","90108","62","62","Claire Beatty","","","Option 1","","03/31/2029","Assisted Housing Services Corporation","","","","","","09/01/2040","12/01/2040","OCAF",""
"Luther Towers","90111","362","362","Claire Beatty","","","SPRAC","","11/30/2043","Delaware State Housing Authority","","","","","","09/06/2040","12/06/2040","OCAF",""
"Ebony Gardens","75566","144","144","Claire Beatty","","","Option 1","","12/31/2040","CGI","","","","","06/08/2040","08/08/2040","12/08/2040","EXPIRES",""
"Riverhead Village","75583","135","135","Elliot Kohanbash","","","Option 1","","12/31/2043","CGI","","","","","","08/14/2040","12/14/2040","OCAF",""
"Cherry Garden","75576","254","252","Elliot Kohanbash","","","Option 1","","12/15/2041","NJHMFA","","","","","","08/16/2040","12/16/2040","OCAF",""
"Westchester Park","90021","201","200","Matt Kim","","","Option 1","","12/27/2043","New York State Housing Trust Fund Corporation","","","","","","08/27/2040","12/27/2040","OCAF",""
"Albright","90046","112","112","Claire Beatty","","","Option 1","","12/31/2044","Assisted Housing Services Corporation","","","","","","10/01/2040","01/01/2041","OCAF",""
"Bloomingdale Apartments","75932","111","111","Matt Kim","","","Option 1","","12/31/2043","National Housing Compliance","","","","","","09/01/2040","01/01/2041","OCAF",""
"Clinton Manor","75830","60","60","Mike McKee","","","Option 1","","12/31/2040","SC Housing","","","","","07/01/2040","09/01/2040","01/01/2041","EXPIRES",""
"Crevenna Oaks Apartments","667","50","50","Claire Beatty","","","Option 1","","01/01/2044","Navigate Affordable Housing Partners","","","","","","10/01/2040","01/01/2041","OCAF",""
"Friendship Court","75831","80","80","Mike McKee","","","Option 2","","12/31/2040","SC State Housing","","","","","07/01/2040","09/01/2040","01/01/2041","EXPIRES",""
"Hoffman Homes","90073","81","81","Mike McKee","","","Option 1","","01/01/2046","North Carolina Housing Finance Agency","","","","","","09/01/2040","01/01/2041","RCS",""
"IOOF Tower","90077","28","28","Tolga Ayberk","","","Option 1","","12/31/2040","Bremerton Housing Authority","","","","","07/01/2040","09/01/2040","01/01/2041","EXPIRES",""
"Loring Towers (MA)","79181","250","140","Matt Kim","","","PBV","","12/31/2042","CTI","","","","","","09/01/2040","01/01/2041","Request",""
"Mad River Manor","90082","74","74","Claire Beatty","","","Option 1","","12/31/2044","Assisted Housing Services Corporation","","","","","","10/01/2041","01/01/2041","OCAF",""
"Newberry Arms","75832","60","60","Mike McKee","","","Option 1","","12/31/2040","SC State Housing","","","","","07/01/2040","09/01/2040","01/01/2041","EXPIRES",""
"Pinewood Gardens","90092","80","80","Claire Beatty","","","Option 2","","12/31/2044","Assisted Housing Services Corporation","","","","","","10/01/2040","01/01/2041","OCAF",""
"Riverview Bend","90096","94","94","Claire Beatty","","","Option 1","","12/31/2044","Missouri Housing Development Commission","","","","","","09/01/2040","01/01/2041","OCAF",""
"Summit Oaks Apartments","670","50","50","Claire Beatty","","","Option 1","","01/01/2044","Navigate Affordable Housing Partners","","","","","","10/01/2040","01/01/2041","OCAF",""
"Tamarack","90100","100","100","Mike McKee","","","Option 1","","12/31/2046","MSHDA","","","","","","08/01/2040","01/01/2041","RCS",""
"Westminster Village","75483","432","400","Matt Kim","","","Option 5","","12/31/2043","Massachusetts Housing Finance Agency","","","","","","09/01/2040","01/01/2041","OCAF",""
"Hill Country Villas","HCV1","51","51","Tolga Ayberk","","","Option 1","","02/01/2034","HUD","","","","","","08/01/2040","01/01/2041","EXPIRES",""
"Van Buren Park Apartments","75931","300","299","Matt Kim","","","Option 1","","01/31/2044","National Housing Compliance","","","","","","09/17/2040","01/17/2041","OCAF",""
"Circle Park Apartments","75833","418","239","Claire Beatty","","","Original","","01/31/2041","National Housing Compliance","","","","","08/01/2040","10/01/2040","02/01/2041","EXPIRES",""
"Clifford House","75577","101","100","Mike McKee","","","Option 1","","08/31/2042","Navigate Affordable Housing Partners","","","","","08/01/2040","11/01/2040","02/01/2041","RCS",""
"Market Square","75568","76","75","Mike McKee","","","Option 1","","02/03/2041","Navigate Affordable Housing Partners","","","","","","10/04/2040","02/04/2041","EXPIRES",""
"Alpha Towers","90114","165","165","Claire Beatty","","","Option 1","","02/28/2044","Assisted Housing Services Corporation","","","","","","12/01/2040","03/01/2041","OCAF",""
"Towns at River South","90109","161","75","Claire Beatty","","","RAD","","02/28/2043","Richmond Redevelopment and Housing Authority","","","","","","12/01/2040","03/01/2041","OCAF",""
"Armory Plaza","75582","52","52","Claire Beatty","","","Option 1","","03/20/2044","New York State Housing Trust Fund Corporation","","","","","","11/22/2040","03/22/2041","OCAF",""
"Barnum House","75569","84","83","Mike McKee","","","Option 1","","03/31/2041","Navigate Affordable Housing Partners","","","","","","12/01/2040","04/01/2041","EXPIRES",""
"Bella Vista","79605","100","100","Tolga Ayberk","","","Option 1","","03/31/2041","Southwest Housing Compliance Corporation","","","","","10/01/2040","01/01/2041","04/01/2041","EXPIRES",""
"Chelsea Square Apartments","82113","","","","","","","","","","","","","","","02/01/2041","04/01/2041","OCAF",""
"Mapleview Towers","75567","101","100","Mike McKee","","","Option 1","","03/31/2041","Navigate Affordable Housing Partners","","","","","","12/01/2040","04/01/2041","EXPIRES",""
"Montgomery Gateway","90024","190","189","Elliot Kohanbash","","","Option 1","","03/31/2045","NJHMFA","","","","","","12/01/2040","04/01/2041","OCAF",""
"Park Club Apartments","75835","56","55","Mike McKee","","","Option 1","","03/31/2042","Wisconsin Housing & Economic Development Authority","","","","","","01/01/2041","04/01/2041","OCAF",""
"Riverwoods Apartments","79621","125","125","Claire Beatty","","","Option 2","","12/31/2043","CGI","","","","","","12/01/2040","04/01/2041","OCAF",""
"Southern Hills/Orlando","75834","212","212","Claire Beatty","","","Option 1","","03/31/2042","National Housing Compliance","","","","","","12/01/2040","04/01/2041","OCAF",""
"Spring Creek","75828","137","137","Matt Kim","","","Option 1","","03/31/2041","National Housing Compliance","","","","","10/01/2040","12/01/2040","04/01/2041","EXPIRES",""
"St. James Residences","9200045","148","148","Elliot Kohanbash","","","Option 1","","04/01/2045","North Tampa Housing Development Corporation","","","","","","12/01/2040","04/01/2041","OCAF",""
"Arvada House","79619","88","88","Tolga Ayberk","","","Option 1","","04/30/2043","Colorado Housing and Finance Authority","","","","","","01/01/2041","05/01/2041","OCAF",""
"Darby Townhouses","90056","172","168","Claire Beatty","","","Option 2","","12/31/2032","Pennsylvania Housing Finance Agency","","","","","","02/01/2041","05/01/2041","OCAF",""
"Hacienda Del Rio","90120","146","146","Tolga Ayberk","","","Option 1","","05/01/2044","Arizona Department of Housing","","","","","","01/01/2041","05/01/2041","OCAF",""
"Pineview at Grogran's Mill","79606","300","300","Tolga Ayberk","","","Option 1","","04/30/2041","SWHCC","","","","","","01/01/2041","05/01/2041","EXPIRES",""
"Poplar Grove","90117","130","128","Mike McKee","","","Option 1","","04/30/2044","North Carolina Housing Finance Agency","","","","","","01/01/2041","05/01/2041","OCAF",""
"Ridgewood at Panther Creek","79607","300","300","Tolga Ayberk","","","Option 1","","04/30/2041","SWHCC","","","","","","01/01/2041","05/01/2041","EXPIRES",""
"Shiloh Village","75572","168","168","Tolga Ayberk","","","Option 1","","05/01/2041","SWHCC","","","","","11/01/2040","01/01/2041","05/01/2041","EXPIRES",""
"Shoreline Plaza Apartments","79604","230","187","Mike McKee","","","Option 1","","04/30/2041","Minnesota Housing Finance Agency","","","","","","01/01/2041","05/01/2041","EXPIRES",""
"Woodman West","90112","197","196","Elliot Kohanbash","","","Option 1","","03/31/2044","Navigate Affordable Housing Partners","","","","","","02/01/2041","05/01/2041","OCAF",""
"Hopkins Village","79623","165","164","Matt Kim","","","Option 1","","06/01/2045","MDHCD","","","","","","02/01/2041","06/01/2041","OCAF",""
"Lake Worth Towers","90110","195","195","Elliot Kohanbash","","","PBV","","05/09/2043","Palm Beach County Housing Authority","","","","","","03/01/2041","06/01/2041","Request",""
"South Bay Villa","79608","80","80","Tolga Ayberk","","","Option 1","","05/27/2041","LA LOMOD","","","","","12/01/2040","02/01/2041","06/01/2041","EXPIRES",""
"Butternut Creek","79617","100","198","Mike McKee","","","Option 2","","06/30/2043","MSHDA","","","","","","03/01/2041","07/01/2041","OCAF",""
"Greenport","75468","366","364","Elliot Kohanbash","","","Option 1","","01/31/2029","CGI","","","","","","03/01/2041","07/01/2041","RCS",""
"Morningside Court","75573","171","171","Claire Beatty","","","Option 1","","06/30/2041","National Housing Compliance","","","","","","03/01/2041","07/01/2041","EXPIRES",""
"Nottingham Towers","90113","165","156","Mike McKee","","","Option 1","","05/31/2044","Navigate Affordable Housing Partners","","","","","","03/01/2041","07/01/2041","OCAF",""
"Shoreview Apartments","79627","156","156","Tolga Ayberk","","","Option 1","","07/01/2044","CAHI","","","","","","03/01/2041","07/01/2041","OCAF",""
"Terrific Tenements","75475","88","88","Elliot Kohanbash","","","Option 1","","07/01/2045","CGI","","","","","","03/01/2041","07/01/2041","OCAF",""
"Terry Manor Apartments","79628","170","170","Tolga Ayberk","","","Option 1","","07/01/2044","LA LOMOD","","","","","","03/01/2041","07/01/2041","OCAF",""
"Woodland Hills","79610","125","125","Mike McKee","","","Option 1","","06/30/2041","MSHDA","","","","","","03/01/2041","07/01/2041","EXPIRES",""
"All Hallows","79624","157","150","Tolga Ayberk","","","Option 1","","01/31/2026","CAHI","","","","","","04/01/2041","08/01/2041","OCAF",""
"Beacon Hill","79618","198","198","Mike McKee","","","Option 1","","07/31/2043","MSHDA","","","","","","06/01/2041","08/01/2041","OCAF",""
"Federation Plaza","90062","124","123","Elliot Kohanbash","","","Option 1","","07/31/2045","CGI","","","","","","04/01/2041","08/01/2041","OCAF",""
"Gates Mills Villa","90064","191","175","Claire Beatty","","","Option 1","","08/01/2044","Assisted Housing Services Corporation","","","","","","05/01/2041","08/01/2041","OCAF",""
"La Salle","79626","145","142","Tolga Ayberk","","","Option 1","","01/31/2026","CAHI","","","","","","04/01/2041","08/01/2041","OCAF",""
"Augustana Homes","75499","186","180","Mike McKee","","","Option 1","","06/17/2033","Navigate Affordable Housing Partners","","","","","","06/01/2041","09/01/2041","OCAF",""
"Avon Towers","90049","125","125","Mike McKee","","","Option 1","","08/31/2044","MSHDA","","","","","","05/01/2041","09/01/2041","OCAF",""
"Bayview","79625","146","113","Tolga Ayberk","","","Option 1","","01/31/2026","CAHI","","","","","","05/01/2041","09/01/2041","OCAF",""
"Midtown Estates","90083","88","87","Claire Beatty","","","Option 1","","08/31/2044","THDA","","","","","","06/01/2041","09/01/2041","OCAF",""
"Plaza Apartments","90128","191","190","Claire Beatty","","","Option 1","","01/31/2037","Missouri Housing Development Commission","","","","","","06/01/2041","09/01/2041","RCS",""
"River Run","75486","141","140","Mike McKee","","","Option 4","","04/01/2032","Navigate Affordable Housing Partners","","","","","","06/01/2041","09/01/2041","OCAF",""
"Somers Point Apartments","75578","225","224","Elliot Kohanbash","","","Option 1","","08/31/2045","NJHMFA","","","","","","05/01/2041","09/01/2041","OCAF",""
"South Shore Apartments","7962079615","446","446","Mike McKee","","","Option 1","","06/30/2043","National Housing Compliance","","","","","","04/01/2041","09/01/2041","OCAF",""
"St. Andrews Residences","940005","177","177","Elliot Kohanbash","","","PBV","","08/31/2041","West Palm Beach Housing Authority","","","","","","05/01/2041","09/01/2041","EXPIRES",""
"The Greenhouse","90119","80","79","Matt Kim","","","","","08/31/2043","MassHousing","","","","","","06/01/2041","09/01/2041","OCAF",""
"Brewster Mews","90016","216","215","Matt Kim","","","","","09/30/2041","HUD","","","","","04/01/2041","06/01/2041","10/01/2041","EXPIRES",""
"Charter Village","90054","250","220","Claire Beatty","","","Option 1","","09/30/2043","THDA","","","","","","06/01/2041","10/01/2041","OCAF",""
"Colonial Village","75708","66","66","Matt Kim","","","Option 1","","09/30/2041","HUD","","","","","","06/01/2041","10/01/2041","EXPIRES",""
"Horizon Square","90074","92","92","Claire Beatty","","","Option 1","","09/30/2037","THDA","","","","","","07/01/2041","10/01/2041","OCAF",""
"New Baltimore Place","79616","101","100","Mike McKee","","","Option 1","","05/31/2043","MSHDA","","","","","","06/01/2041","10/01/2041","RCS",""
"Princeton Court Apartments","90019","304","144","Matt Kim","","","Option 1","","09/30/2041","NYS Housing Trust Fund","","","","","","06/01/2041","10/01/2041","EXPIRES",""
"Walker Mews","75290","167","166","Matt Kim","","","Option 1","","09/30/2044","Maryland Department of Housing and Community Development","","","","","","06/01/2041","10/01/2041","OCAF",""
"Winter Garden","79609","112","112","Claire Beatty","","","Option 1","","10/21/2041","Missouri Housing Development Commission","","","","","04/01/2041","07/01/2041","10/01/2041","RCS",""
"Woodlake Apartments","75584","148","147","Elliot Kohanbash","","","Option 1","","10/31/2044","NJHMFA","","","","","","","10/31/2041","OCAF",""
"Riverview II","75464","343","114","Elliot Kohanbash","","","PBV","","11/15/2043","MHACY","","","","","","08/11/2041","11/01/2041","Request",""
"Asbury","90047","119","119","Claire Beatty","","","Option 1","","11/30/2044","Assisted Housing Services Corporation","","","","","","09/01/2041","12/01/2041","OCAF",""
"Elmwood Square","75570","138","6","Matt Kim","","","PBV","","11/30/2042","Buffalo Municipal Housing Authority","","","","","","08/01/2041","12/01/2041","Request",""
"Fairview Housing","90060","124","124","Claire Beatty","","","Option 1","","12/01/2044","Assisted Housing Services Corporation","","","","","","08/01/2041","12/01/2041","OCAF",""
"Northcrest Gardens","90085","182","182","Claire Beatty","","","Option 1","","11/30/2044","Ohio Housing Finance Agency","","","","","","09/01/2041","12/01/2041","OCAF",""
"Norwalk North","90086","72","72","Claire Beatty","","","Option 1","","12/01/2044","Assisted Housing Services Corporation","","","","","","09/01/2041","12/01/2041","OCAF",""
"Park Place","79611","242","242","Claire Beatty","","","Option 1","","10/21/2041","Missouri Housing Development Commission","","","","","06/01/2041","08/01/2041","12/01/2041","RCS",""
"Round Barn Manor","79613","156","156","Claire Beatty","","","Option 2","","11/30/2043","National Housing Compliance","","","","","","08/01/2041","12/01/2041","OCAF",""
"Wyandot Square","90108","62","62","Claire Beatty","","","Option 1","","03/31/2029","Assisted Housing Services Corporation","","","","","","09/01/2041","12/01/2041","OCAF",""
"Luther Towers","90111","362","362","Claire Beatty","","","SPRAC","","11/30/2043","Delaware State Housing Authority","","","","","","09/06/2041","12/06/2041","OCAF",""
"Riverhead Village","75583","135","135","Elliot Kohanbash","","","Option 1","","12/31/2043","CGI","","","","","","08/14/2041","12/14/2041","OCAF",""
"Cherry Garden","75576","254","252","Elliot Kohanbash","","","Option 1","","12/15/2041","NJHMFA","","","","","06/16/2041","08/16/2041","12/16/2041","EXPIRES",""
"Westchester Park","90021","201","200","Matt Kim","","","Option 1","","12/27/2043","New York State Housing Trust Fund Corporation","","","","","","08/27/2041","12/27/2041","OCAF",""
"Albright","90046","112","112","Claire Beatty","","","Option 1","","12/31/2044","Assisted Housing Services Corporation","","","","","","10/01/2041","01/01/2042","OCAF",""
"Bloomingdale Apartments","75932","111","111","Matt Kim","","","Option 1","","12/31/2043","National Housing Compliance","","","","","","09/01/2041","01/01/2042","OCAF",""
"Crevenna Oaks Apartments","667","50","50","Claire Beatty","","","Option 1","","01/01/2044","Navigate Affordable Housing Partners","","","","","","10/01/2041","01/01/2042","OCAF",""
"Hoffman Homes","90073","81","81","Mike McKee","","","Option 1","","01/01/2046","North Carolina Housing Finance Agency","","","","","","09/01/2041","01/01/2042","OCAF",""
"Loring Towers (MA)","79181","250","140","Matt Kim","","","PBV","","12/31/2042","CTI","","","","","","09/01/2041","01/01/2042","EXPIRES",""
"Mad River Manor","90082","74","74","Claire Beatty","","","Option 1","","12/31/2044","Assisted Housing Services Corporation","","","","","","10/01/2042","01/01/2042","OCAF",""
"Pinewood Gardens","90092","80","80","Claire Beatty","","","Option 2","","12/31/2044","Assisted Housing Services Corporation","","","","","","10/01/2041","01/01/2042","OCAF",""
"Riverview Bend","90096","94","94","Claire Beatty","","","Option 1","","12/31/2044","Missouri Housing Development Commission","","","","","","09/01/2041","01/01/2042","OCAF",""
"Summit Oaks Apartments","670","50","50","Claire Beatty","","","Option 1","","01/01/2044","Navigate Affordable Housing Partners","","","","","","10/01/2041","01/01/2042","OCAF",""
"Tamarack","90100","100","100","Mike McKee","","","Option 1","","12/31/2046","MSHDA","","","","","","08/01/2041","01/01/2042","OCAF",""
"Westminster Village","75483","432","400","Matt Kim","","","Option 5","","12/31/2043","Massachusetts Housing Finance Agency","","","","","","09/01/2041","01/01/2042","OCAF",""
"Van Buren Park Apartments","75931","300","299","Matt Kim","","","Option 1","","01/31/2044","National Housing Compliance","","","","","","09/17/2041","01/17/2042","OCAF",""
"Clifford House","75577","101","100","Mike McKee","","","Option 1","","08/31/2042","Navigate Affordable Housing Partners","","","","","","11/01/2041","02/01/2042","OCAF",""
"Alpha Towers","90114","165","165","Claire Beatty","","","Option 1","","02/28/2044","Assisted Housing Services Corporation","","","","","","12/01/2041","03/01/2042","OCAF",""
"Towns at River South","90109","161","75","Claire Beatty","","","RAD","","02/28/2043","Richmond Redevelopment and Housing Authority","","","","","","12/01/2041","03/01/2042","OCAF",""
"Armory Plaza","75582","52","52","Claire Beatty","","","Option 1","","03/20/2044","New York State Housing Trust Fund Corporation","","","","","","11/22/2041","03/22/2042","OCAF",""
"Chelsea Square Apartments","82113","","","","","","","","","","","","","","","02/01/2042","04/01/2042","OCAF",""
"Montgomery Gateway","90024","190","189","Elliot Kohanbash","","","Option 1","","03/31/2045","NJHMFA","","","","","","12/01/2041","04/01/2042","OCAF",""
"Park Club Apartments","75835","56","55","Mike McKee","","","Option 1","","03/31/2042","Wisconsin Housing & Economic Development Authority","","","","","","01/01/2042","04/01/2042","EXPIRES",""
"Riverwoods Apartments","79621","125","125","Claire Beatty","","","Option 2","","12/31/2043","CGI","","","","","","12/01/2041","04/01/2042","OCAF",""
"Southern Hills/Orlando","75834","212","212","Claire Beatty","","","Option 1","","03/31/2042","National Housing Compliance","","","","","10/01/2041","12/01/2041","04/01/2042","EXPIRES",""
"St. James Residences","9200045","148","148","Elliot Kohanbash","","","Option 1","","04/01/2045","North Tampa Housing Development Corporation","","","","","","12/01/2041","04/01/2042","OCAF",""
"Arvada House","79619","88","88","Tolga Ayberk","","","Option 1","","04/30/2043","Colorado Housing and Finance Authority","","","","","","01/01/2042","05/01/2042","OCAF",""
"Darby Townhouses","90056","172","168","Claire Beatty","","","Option 2","","12/31/2032","Pennsylvania Housing Finance Agency","","","","","","02/01/2042","05/01/2042","OCAF",""
"Hacienda Del Rio","90120","146","146","Tolga Ayberk","","","Option 1","","05/01/2044","Arizona Department of Housing","","","","","","01/01/2042","05/01/2042","OCAF",""
"Poplar Grove","90117","130","128","Mike McKee","","","Option 1","","04/30/2044","North Carolina Housing Finance Agency","","","","","","01/01/2042","05/01/2042","OCAF",""
"Woodman West","90112","197","196","Elliot Kohanbash","","","Option 1","","03/31/2044","Navigate Affordable Housing Partners","","","","","","02/01/2042","05/01/2042","OCAF",""
"Hopkins Village","79623","165","164","Matt Kim","","","Option 1","","06/01/2045","MDHCD","","","","","","02/01/2042","06/01/2042","OCAF",""
"Lake Worth Towers","90110","195","195","Elliot Kohanbash","","","PBV","","05/09/2043","Palm Beach County Housing Authority","","","","","","03/01/2042","06/01/2042","Request",""
"Butternut Creek","79617","100","198","Mike McKee","","","Option 2","","06/30/2043","MSHDA","","","","","","03/01/2042","07/01/2042","OCAF",""
"Greenport","75468","366","364","Elliot Kohanbash","","","Option 1","","01/31/2029","CGI","","","","","","03/01/2042","07/01/2042","OCAF",""
"Nottingham Towers","90113","165","156","Mike McKee","","","Option 1","","05/31/2044","Navigate Affordable Housing Partners","","","","","","03/01/2042","07/01/2042","OCAF",""
"Shoreview Apartments","79627","156","156","Tolga Ayberk","","","Option 1","","07/01/2044","CAHI","","","","","","03/01/2042","07/01/2042","OCAF",""
"Terrific Tenements","75475","88","88","Elliot Kohanbash","","","Option 1","","07/01/2045","CGI","","","","","","03/01/2042","07/01/2042","OCAF",""
"Terry Manor Apartments","79628","170","170","Tolga Ayberk","","","Option 1","","07/01/2044","LA LOMOD","","","","","","03/01/2042","07/01/2042","OCAF",""
"All Hallows","79624","157","150","Tolga Ayberk","","","Option 1","","01/31/2026","CAHI","","","","","","04/01/2042","08/01/2042","OCAF",""
"Beacon Hill","79618","198","198","Mike McKee","","","Option 1","","07/31/2043","MSHDA","","","","","","06/01/2042","08/01/2042","OCAF",""
"Federation Plaza","90062","124","123","Elliot Kohanbash","","","Option 1","","07/31/2045","CGI","","","","","","04/01/2042","08/01/2042","OCAF",""
"Gates Mills Villa","90064","191","175","Claire Beatty","","","Option 1","","08/01/2044","Assisted Housing Services Corporation","","","","","","05/01/2042","08/01/2042","OCAF",""
"La Salle","79626","145","142","Tolga Ayberk","","","Option 1","","01/31/2026","CAHI","","","","","","04/01/2042","08/01/2042","OCAF",""
"Augustana Homes","75499","186","180","Mike McKee","","","Option 1","","06/17/2033","Navigate Affordable Housing Partners","","","","","","06/01/2042","09/01/2042","OCAF",""
"Avon Towers","90049","125","125","Mike McKee","","","Option 1","","08/31/2044","MSHDA","","","","","","05/01/2042","09/01/2042","OCAF",""
"Bayview","79625","146","113","Tolga Ayberk","","","Option 1","","01/31/2026","CAHI","","","","","","05/01/2042","09/01/2042","OCAF",""
"Midtown Estates","90083","88","87","Claire Beatty","","","Option 1","","08/31/2044","THDA","","","","","","06/01/2042","09/01/2042","OCAF",""
"Plaza Apartments","90128","191","190","Claire Beatty","","","Option 1","","01/31/2037","Missouri Housing Development Commission","","","","","","06/01/2042","09/01/2042","RCS",""
"River Run","75486","141","140","Mike McKee","","","Option 4","","04/01/2032","Navigate Affordable Housing Partners","","","","","","06/01/2042","09/01/2042","OCAF",""
"Somers Point Apartments","75578","225","224","Elliot Kohanbash","","","Option 1","","08/31/2045","NJHMFA","","","","","","05/01/2042","09/01/2042","OCAF",""
"South Shore Apartments","7962079615","446","446","Mike McKee","","","Option 1","","06/30/2043","National Housing Compliance","","","","","","04/01/2042","09/01/2042","OCAF",""
"The Greenhouse","90119","80","79","Matt Kim","","","","","08/31/2043","MassHousing","","","","","","06/01/2042","09/01/2042","OCAF",""
"Charter Village","90054","250","220","Claire Beatty","","","Option 1","","09/30/2043","THDA","","","","","","06/01/2042","10/01/2042","OCAF",""
"Horizon Square","90074","92","92","Claire Beatty","","","Option 1","","09/30/2037","THDA","","","","","","07/01/2042","10/01/2042","OCAF",""
"New Baltimore Place","79616","101","100","Mike McKee","","","Option 1","","05/31/2043","MSHDA","","","","","","06/01/2042","10/01/2042","OCAF",""
"Walker Mews","75290","167","166","Matt Kim","","","Option 1","","09/30/2044","Maryland Department of Housing and Community Development","","","","","","06/01/2042","10/01/2042","OCAF",""
"Woodlake Apartments","75584","148","147","Elliot Kohanbash","","","Option 1","","10/31/2044","NJHMFA","","","","","","","10/31/2042","OCAF",""
"Riverview II","75464","343","114","Elliot Kohanbash","","","PBV","","11/15/2043","MHACY","","","","","","08/11/2042","11/01/2042","Request",""
"Asbury","90047","119","119","Claire Beatty","","","Option 1","","11/30/2044","Assisted Housing Services Corporation","","","","","","09/01/2042","12/01/2042","OCAF",""
"Elmwood Square","75570","138","6","Matt Kim","","","PBV","","11/30/2042","Buffalo Municipal Housing Authority","","","","","","08/01/2042","12/01/2042","EXPIRES",""
"Fairview Housing","90060","124","124","Claire Beatty","","","Option 1","","12/01/2044","Assisted Housing Services Corporation","","","","","","08/01/2042","12/01/2042","OCAF",""
"Northcrest Gardens","90085","182","182","Claire Beatty","","","Option 1","","11/30/2044","Ohio Housing Finance Agency","","","","","","09/01/2042","12/01/2042","OCAF",""
"Norwalk North","90086","72","72","Claire Beatty","","","Option 1","","12/01/2044","Assisted Housing Services Corporation","","","","","","09/01/2042","12/01/2042","OCAF",""
"Round Barn Manor","79613","156","156","Claire Beatty","","","Option 2","","11/30/2043","National Housing Compliance","","","","","","08/01/2042","12/01/2042","OCAF",""
"Wyandot Square","90108","62","62","Claire Beatty","","","Option 1","","03/31/2029","Assisted Housing Services Corporation","","","","","","09/01/2042","12/01/2042","OCAF",""
"Luther Towers","90111","362","362","Claire Beatty","","","SPRAC","","11/30/2043","Delaware State Housing Authority","","","","","","09/06/2042","12/06/2042","OCAF",""
"Riverhead Village","75583","135","135","Elliot Kohanbash","","","Option 1","","12/31/2043","CGI","","","","","","08/14/2042","12/14/2042","OCAF",""
"Westchester Park","90021","201","200","Matt Kim","","","Option 1","","12/27/2043","New York State Housing Trust Fund Corporation","","","","","","08/27/2042","12/27/2042","OCAF",""
"Albright","90046","112","112","Claire Beatty","","","Option 1","","12/31/2044","Assisted Housing Services Corporation","","","","","","10/01/2042","01/01/2043","OCAF",""
"Bloomingdale Apartments","75932","111","111","Matt Kim","","","Option 1","","12/31/2043","National Housing Compliance","","","","","","09/01/2042","01/01/2043","OCAF",""
"Crevenna Oaks Apartments","667","50","50","Claire Beatty","","","Option 1","","01/01/2044","Navigate Affordable Housing Partners","","","","","","10/01/2042","01/01/2043","OCAF",""
"Hoffman Homes","90073","81","81","Mike McKee","","","Option 1","","01/01/2046","North Carolina Housing Finance Agency","","","","","","09/01/2042","01/01/2043","OCAF",""
"Mad River Manor","90082","74","74","Claire Beatty","","","Option 1","","12/31/2044","Assisted Housing Services Corporation","","","","","","10/01/2043","01/01/2043","OCAF",""
"Pinewood Gardens","90092","80","80","Claire Beatty","","","Option 2","","12/31/2044","Assisted Housing Services Corporation","","","","","","10/01/2042","01/01/2043","OCAF",""
"Riverview Bend","90096","94","94","Claire Beatty","","","Option 1","","12/31/2044","Missouri Housing Development Commission","","","","","","09/01/2042","01/01/2043","OCAF",""
"Summit Oaks Apartments","670","50","50","Claire Beatty","","","Option 1","","01/01/2044","Navigate Affordable Housing Partners","","","","","","10/01/2042","01/01/2043","OCAF",""
"Tamarack","90100","100","100","Mike McKee","","","Option 1","","12/31/2046","MSHDA","","","","","","08/01/2042","01/01/2043","OCAF",""
"Westminster Village","75483","432","400","Matt Kim","","","Option 5","","12/31/2043","Massachusetts Housing Finance Agency","","","","","","09/01/2042","01/01/2043","OCAF",""
"Van Buren Park Apartments","75931","300","299","Matt Kim","","","Option 1","","01/31/2044","National Housing Compliance","","","","","","09/17/2042","01/17/2043","OCAF",""
"Clifford House","75577","101","100","Mike McKee","","","Option 1","","08/31/2042","Navigate Affordable Housing Partners","","","","","","11/01/2042","02/01/2043","OCAF",""
"Alpha Towers","90114","165","165","Claire Beatty","","","Option 1","","02/28/2044","Assisted Housing Services Corporation","","","","","","12/01/2042","03/01/2043","OCAF",""
"Towns at River South","90109","161","75","Claire Beatty","","","RAD","","02/28/2043","Richmond Redevelopment and Housing Authority","","","","","09/01/2042","12/01/2042","03/01/2043","EXPIRES",""
"Armory Plaza","75582","52","52","Claire Beatty","","","Option 1","","03/20/2044","New York State Housing Trust Fund Corporation","","","","","","11/22/2042","03/22/2043","OCAF",""
"Chelsea Square Apartments","82113","","","","","","","","","","","","","","","02/01/2043","04/01/2043","OCAF",""
"Montgomery Gateway","90024","190","189","Elliot Kohanbash","","","Option 1","","03/31/2045","NJHMFA","","","","","","12/01/2042","04/01/2043","OCAF",""
"Riverwoods Apartments","79621","125","125","Claire Beatty","","","Option 2","","12/31/2043","CGI","","","","","","12/01/2042","04/01/2043","OCAF",""
"St. James Residences","9200045","148","148","Elliot Kohanbash","","","Option 1","","04/01/2045","North Tampa Housing Development Corporation","","","","","","12/01/2042","04/01/2043","OCAF",""
"Arvada House","79619","88","88","Tolga Ayberk","","","Option 1","","04/30/2043","Colorado Housing and Finance Authority","","","","","11/01/2042","01/01/2043","05/01/2043","EXPIRES",""
"Darby Townhouses","90056","172","168","Claire Beatty","","","Option 2","","12/31/2032","Pennsylvania Housing Finance Agency","","","","","","02/01/2042","05/01/2043","OCAF",""
"Hacienda Del Rio","90120","146","146","Tolga Ayberk","","","Option 1","","05/01/2044","Arizona Department of Housing","","","","","","01/01/2043","05/01/2043","OCAF",""
"Poplar Grove","90117","130","128","Mike McKee","","","Option 1","","04/30/2044","North Carolina Housing Finance Agency","","","","","","01/01/2043","05/01/2043","OCAF",""
"Woodman West","90112","197","196","Elliot Kohanbash","","","Option 1","","03/31/2044","Navigate Affordable Housing Partners","","","","","","02/01/2043","05/01/2043","OCAF",""
"Hopkins Village","79623","165","164","Matt Kim","","","Option 1","","06/01/2045","MDHCD","","","","","","02/01/2043","06/01/2043","OCAF",""
"Lake Worth Towers","90110","195","195","Elliot Kohanbash","","","PBV","","05/09/2043","Palm Beach County Housing Authority","","","","","","03/01/2043","06/01/2043","EXPIRES",""
"Butternut Creek","79617","100","198","Mike McKee","","","Option 2","","06/30/2043","MSHDA","","","","","","03/01/2043","07/01/2043","EXPIRES",""
"Greenport","75468","366","364","Elliot Kohanbash","","","Option 1","","01/31/2029","CGI","","","","","","03/01/2043","07/01/2043","OCAF",""
"Nottingham Towers","90113","165","156","Mike McKee","","","Option 1","","05/31/2044","Navigate Affordable Housing Partners","","","","","","03/01/2043","07/01/2043","OCAF",""
"Shoreview Apartments","79627","156","156","Tolga Ayberk","","","Option 1","","07/01/2044","CAHI","","","","","","03/01/2043","07/01/2043","OCAF",""
"Terrific Tenements","75475","88","88","Elliot Kohanbash","","","Option 1","","07/01/2045","CGI","","","","","","03/01/2043","07/01/2043","OCAF",""
"Terry Manor Apartments","79628","170","170","Tolga Ayberk","","","Option 1","","07/01/2044","LA LOMOD","","","","","","03/01/2043","07/01/2043","OCAF",""
"All Hallows","79624","157","150","Tolga Ayberk","","","Option 1","","01/31/2026","CAHI","","","","","","04/01/2043","08/01/2043","OCAF",""
"Beacon Hill","79618","198","198","Mike McKee","","","Option 1","","07/31/2043","MSHDA","","","","","02/01/2043","06/01/2043","08/01/2043","EXPIRES",""
"Federation Plaza","90062","124","123","Elliot Kohanbash","","","Option 1","","07/31/2045","CGI","","","","","","04/01/2043","08/01/2043","OCAF",""
"Gates Mills Villa","90064","191","175","Claire Beatty","","","Option 1","","08/01/2044","Assisted Housing Services Corporation","","","","","","05/01/2043","08/01/2043","OCAF",""
"La Salle","79626","145","142","Tolga Ayberk","","","Option 1","","01/31/2026","CAHI","","","","","","04/01/2043","08/01/2043","OCAF",""
"Augustana Homes","75499","186","180","Mike McKee","","","Option 1","","06/17/2033","Navigate Affordable Housing Partners","","","","","","06/01/2043","09/01/2043","OCAF",""
"Avon Towers","90049","125","125","Mike McKee","","","Option 1","","08/31/2044","MSHDA","","","","","","05/01/2043","09/01/2043","OCAF",""
"Bayview","79625","146","113","Tolga Ayberk","","","Option 1","","01/31/2026","CAHI","","","","","","05/01/2043","09/01/2043","OCAF",""
"Midtown Estates","90083","88","87","Claire Beatty","","","Option 1","","08/31/2044","THDA","","","","","","06/01/2043","09/01/2043","OCAF",""
"Plaza Apartments","90128","191","190","Claire Beatty","","","Option 1","","01/31/2037","Missouri Housing Development Commission","","","","","","06/01/2043","09/01/2043","RCS",""
"River Run","75486","141","140","Mike McKee","","","Option 4","","04/01/2032","Navigate Affordable Housing Partners","","","","","","06/01/2043","09/01/2043","OCAF",""
"Somers Point Apartments","75578","225","224","Elliot Kohanbash","","","Option 1","","08/31/2045","NJHMFA","","","","","","05/01/2043","09/01/2043","OCAF",""
"South Shore Apartments","7962079615","446","446","Mike McKee","","","Option 1","","06/30/2043","National Housing Compliance","","","","","","04/01/2043","09/01/2043","OCAF",""
"The Greenhouse","90119","80","79","Matt Kim","","","","","08/31/2043","MassHousing","","","","","03/01/2043","06/01/2043","09/01/2043","EXPIRES",""
"Charter Village","90054","250","220","Claire Beatty","","","Option 1","","09/30/2043","THDA","","","","","04/01/2043","06/01/2043","10/01/2043","EXPIRES",""
"Horizon Square","90074","92","92","Claire Beatty","","","Option 1","","09/30/2037","THDA","","","","","","07/01/2043","10/01/2043","OCAF",""
"New Baltimore Place","79616","101","100","Mike McKee","","","Option 1","","05/31/2043","MSHDA","","","","","","06/01/2043","10/01/2043","OCAF",""
"Walker Mews","75290","167","166","Matt Kim","","","Option 1","","09/30/2044","Maryland Department of Housing and Community Development","","","","","","06/01/2043","10/01/2043","OCAF",""
"Woodlake Apartments","75584","148","147","Elliot Kohanbash","","","Option 1","","10/31/2044","NJHMFA","","","","","","","10/31/2043","OCAF",""
"Riverview II","75464","343","114","Elliot Kohanbash","","","PBV","","11/15/2043","MHACY","","","","","","08/11/2043","11/01/2043","EXPIRES",""
"Asbury","90047","119","119","Claire Beatty","","","Option 1","","11/30/2044","Assisted Housing Services Corporation","","","","","","09/01/2043","12/01/2043","OCAF",""
"Fairview Housing","90060","124","124","Claire Beatty","","","Option 1","","12/01/2044","Assisted Housing Services Corporation","","","","","","08/01/2043","12/01/2043","OCAF",""
"Northcrest Gardens","90085","182","182","Claire Beatty","","","Option 1","","11/30/2044","Ohio Housing Finance Agency","","","","","","09/01/2043","12/01/2043","OCAF",""
"Norwalk North","90086","72","72","Claire Beatty","","","Option 1","","12/01/2044","Assisted Housing Services Corporation","","","","","","09/01/2043","12/01/2043","OCAF",""
"Round Barn Manor","79613","156","156","Claire Beatty","","","Option 2","","11/30/2043","National Housing Compliance","","","","","06/01/2043","08/01/2043","12/01/2043","EXPIRES",""
"Wyandot Square","90108","62","62","Claire Beatty","","","Option 1","","03/31/2029","Assisted Housing Services Corporation","","","","","","09/01/2043","12/01/2043","OCAF",""
"Luther Towers","90111","362","362","Claire Beatty","","","SPRAC","","11/30/2043","Delaware State Housing Authority","","","","","06/06/2043","09/06/2043","12/06/2043","EXPIRES",""
"Riverhead Village","75583","135","135","Elliot Kohanbash","","","Option 1","","12/31/2043","CGI","","","","","06/14/2043","08/14/2043","12/14/2043","EXPIRES",""
"Westchester Park","90021","201","200","Matt Kim","","","Option 1","","12/27/2043","New York State Housing Trust Fund Corporation","","","","","06/27/2043","08/27/2043","12/27/2043","EXPIRES",""
"Albright","90046","112","112","Claire Beatty","","","Option 1","","12/31/2044","Assisted Housing Services Corporation","","","","","","10/01/2043","01/01/2044","OCAF",""
"Bloomingdale Apartments","75932","111","111","Matt Kim","","","Option 1","","12/31/2043","National Housing Compliance","","","","","07/01/2043","09/01/2043","01/01/2044","EXPIRES",""
"Crevenna Oaks Apartments","667","50","50","Claire Beatty","","","Option 1","","01/01/2044","Navigate Affordable Housing Partners","","","","","07/01/2043","10/01/2043","01/01/2044","EXPIRES",""
"Hoffman Homes","90073","81","81","Mike McKee","","","Option 1","","01/01/2046","North Carolina Housing Finance Agency","","","","","","09/01/2043","01/01/2044","OCAF",""
"Mad River Manor","90082","74","74","Claire Beatty","","","Option 1","","12/31/2044","Assisted Housing Services Corporation","","","","","","10/01/2044","01/01/2044","OCAF",""
"Pinewood Gardens","90092","80","80","Claire Beatty","","","Option 2","","12/31/2044","Assisted Housing Services Corporation","","","","","","10/01/2043","01/01/2044","OCAF",""
"Riverview Bend","90096","94","94","Claire Beatty","","","Option 1","","12/31/2044","Missouri Housing Development Commission","","","","","","09/01/2043","01/01/2044","OCAF",""
"Summit Oaks Apartments","670","50","50","Claire Beatty","","","Option 1","","01/01/2044","Navigate Affordable Housing Partners","","","","","07/01/2043","10/01/2043","01/01/2044","EXPIRES",""
"Tamarack","90100","100","100","Mike McKee","","","Option 1","","12/31/2046","MSHDA","","","","","","08/01/2043","01/01/2044","OCAF",""
"Westminster Village","75483","432","400","Matt Kim","","","Option 5","","12/31/2043","Massachusetts Housing Finance Agency","","","","","","09/01/2043","01/01/2044","EXPIRES",""
"Van Buren Park Apartments","75931","300","299","Matt Kim","","","Option 1","","01/31/2044","National Housing Compliance","","","","","07/17/2043","09/17/2043","01/17/2044","EXPIRES",""
"Clifford House","75577","101","100","Mike McKee","","","Option 1","","08/31/2042","Navigate Affordable Housing Partners","","","","","","11/01/2043","02/01/2044","OCAF",""
"Alpha Towers","90114","165","165","Claire Beatty","","","Option 1","","02/28/2044","Assisted Housing Services Corporation","","","","","09/01/2043","12/01/2043","03/01/2044","EXPIRES",""
"Armory Plaza","75582","52","52","Claire Beatty","","","Option 1","","03/20/2044","New York State Housing Trust Fund Corporation","","","","","09/22/2043","11/22/2043","03/22/2044","EXPIRES",""
"Chelsea Square Apartments","82113","","","","","","","","","","","","","","","02/01/2044","04/01/2044","OCAF",""
"Montgomery Gateway","90024","190","189","Elliot Kohanbash","","","Option 1","","03/31/2045","NJHMFA","","","","","","12/01/2043","04/01/2044","OCAF",""
"Riverwoods Apartments","79621","125","125","Claire Beatty","","","Option 2","","12/31/2043","CGI","","","","","","12/01/2043","04/01/2044","EXPIRES",""
"St. James Residences","9200045","148","148","Elliot Kohanbash","","","Option 1","","04/01/2045","North Tampa Housing Development Corporation","","","","","","12/01/2043","04/01/2044","OCAF",""
"Darby Townhouses","90056","172","168","Claire Beatty","","","Option 2","","12/31/2032","Pennsylvania Housing Finance Agency","","","","","","02/01/2044","05/01/2044","OCAF",""
"Hacienda Del Rio","90120","146","146","Tolga Ayberk","","","Option 1","","05/01/2044","Arizona Department of Housing","","","","","11/01/2043","01/01/2044","05/01/2044","EXPIRES",""
"Poplar Grove","90117","130","128","Mike McKee","","","Option 1","","04/30/2044","North Carolina Housing Finance Agency","","","","","11/01/2043","01/01/2044","05/01/2044","EXPIRES",""
"Woodman West","90112","197","196","Elliot Kohanbash","","","Option 1","","03/31/2044","Navigate Affordable Housing Partners","","","","","","02/01/2044","05/01/2044","EXPIRES",""
"Hopkins Village","79623","165","164","Matt Kim","","","Option 1","","06/01/2045","MDHCD","","","","","","02/01/2044","06/01/2044","OCAF",""
"Greenport","75468","366","364","Elliot Kohanbash","","","Option 1","","01/31/2029","CGI","","","","","","03/01/2044","07/01/2044","OCAF",""
"Nottingham Towers","90113","165","156","Mike McKee","","","Option 1","","05/31/2044","Navigate Affordable Housing Partners","","","","","","03/01/2044","07/01/2044","OCAF",""
"Shoreview Apartments","79627","156","156","Tolga Ayberk","","","Option 1","","07/01/2044","CAHI","","","","","01/01/2044","03/01/2044","07/01/2044","EXPIRES",""
"Terrific Tenements","75475","88","88","Elliot Kohanbash","","","Option 1","","07/01/2045","CGI","","","","","","03/01/2044","07/01/2044","OCAF",""
"Terry Manor Apartments","79628","170","170","Tolga Ayberk","","","Option 1","","07/01/2044","LA LOMOD","","","","","01/01/2044","03/01/2044","07/01/2044","EXPIRES",""
"All Hallows","79624","157","150","Tolga Ayberk","","","Option 1","","01/31/2026","CAHI","","","","","02/01/2044","04/01/2044","08/01/2044","EXPIRES",""
"Federation Plaza","90062","124","123","Elliot Kohanbash","","","Option 1","","07/31/2045","CGI","","","","","","04/01/2044","08/01/2044","OCAF",""
"Gates Mills Villa","90064","191","175","Claire Beatty","","","Option 1","","08/01/2044","Assisted Housing Services Corporation","","","","","02/01/2044","05/01/2044","08/01/2044","EXPIRES",""
"La Salle","79626","145","142","Tolga Ayberk","","","Option 1","","01/31/2026","CAHI","","","","","02/01/2044","04/01/2044","08/01/2044","EXPIRES",""
"Augustana Homes","75499","186","180","Mike McKee","","","Option 1","","06/17/2033","Navigate Affordable Housing Partners","","","","","","06/01/2044","09/01/2044","OCAF",""
"Avon Towers","90049","125","125","Mike McKee","","","Option 1","","08/31/2044","MSHDA","","","","","03/01/2044","05/01/2044","09/01/2044","EXPIRES",""
"Bayview","79625","146","113","Tolga Ayberk","","","Option 1","","01/31/2026","CAHI","","","","","03/01/2044","05/01/2044","09/01/2044","EXPIRES",""
"Plaza Apartments","90128","191","190","Claire Beatty","","","Option 1","","01/31/2037","Missouri Housing Development Commission","","","","","03/01/2044","06/01/2044","09/01/2044","EXPIRES",""
"River Run","75486","141","140","Mike McKee","","","Option 4","","04/01/2032","Navigate Affordable Housing Partners","","","","","","06/01/2044","09/01/2044","OCAF",""
"Somers Point Apartments","75578","225","224","Elliot Kohanbash","","","Option 1","","08/31/2045","NJHMFA","","","","","","05/01/2044","09/01/2044","OCAF",""
"South Shore Apartments","7962079615","446","446","Mike McKee","","","Option 1","","06/30/2043","National Housing Compliance","","","","","","04/01/2044","09/01/2044","OCAF",""
"Horizon Square","90074","92","92","Claire Beatty","","","Option 1","","09/30/2037","THDA","","","","","","07/01/2044","10/01/2044","EXPIRES",""
"New Baltimore Place","79616","101","100","Mike McKee","","","Option 1","","05/31/2043","MSHDA","","","","","","06/01/2044","10/01/2044","OCAF",""
"Walker Mews","75290","167","166","Matt Kim","","","Option 1","","09/30/2044","Maryland Department of Housing and Community Development","","","","","04/01/2044","06/01/2044","10/01/2044","EXPIRES",""
"Woodlake Apartments","75584","148","147","Elliot Kohanbash","","","Option 1","","10/31/2044","NJHMFA","","","","","","","10/31/2044","EXPIRES",""
"Fairview Housing","90060","124","124","Claire Beatty","","","Option 1","","12/01/2044","Assisted Housing Services Corporation","","","","","06/01/2044","08/01/2044","12/01/2044","EXPIRES",""
"Norwalk North","90086","72","72","Claire Beatty","","","Option 1","","12/01/2044","Assisted Housing Services Corporation","","","","","06/01/2044","09/01/2044","12/01/2044","EXPIRES",""
"Wyandot Square","90108","62","62","Claire Beatty","","","Option 1","","03/31/2029","Assisted Housing Services Corporation","","","","","06/01/2044","09/01/2044","12/01/2044","EXPIRES",""
"Albright","90046","112","112","Claire Beatty","","","Option 1","","12/31/2044","Assisted Housing Services Corporation","","","","","","10/01/2044","01/01/2045","EXPIRES",""
"Hoffman Homes","90073","81","81","Mike McKee","","","Option 1","","01/01/2046","North Carolina Housing Finance Agency","","","","","","09/01/2044","01/01/2045","OCAF",""
"Riverview Bend","90096","94","94","Claire Beatty","","","Option 1","","12/31/2044","Missouri Housing Development Commission","","","","","","09/01/2044","01/01/2045","EXPIRES",""
"Tamarack","90100","100","100","Mike McKee","","","Option 1","","12/31/2046","MSHDA","","","","","","08/01/2044","01/01/2045","OCAF",""
"Clifford House","75577","101","100","Mike McKee","","","Option 1","","08/31/2042","Navigate Affordable Housing Partners","","","","","","11/01/2044","02/01/2045","OCAF",""
"Chelsea Square Apartments","82113","","","","","","","","","","","","","","11/01/2044","02/01/2045","04/01/2045","EXPIRES",""
"Montgomery Gateway","90024","190","189","Elliot Kohanbash","","","Option 1","","03/31/2045","NJHMFA","","","","","10/01/2044","12/01/2044","04/01/2045","EXPIRES",""
"St. James Residences","9200045","148","148","Elliot Kohanbash","","","Option 1","","04/01/2045","North Tampa Housing Development Corporation","","","","","10/01/2044","12/01/2044","04/01/2045","EXPIRES",""
"Darby Townhouses","90056","172","168","Claire Beatty","","","Option 2","","12/31/2032","Pennsylvania Housing Finance Agency","","","","","","12/01/2044","05/01/2045","EXPIRES",""
"Hopkins Village","79623","165","164","Matt Kim","","","Option 1","","06/01/2045","MDHCD","","","","","12/01/2044","02/01/2045","06/01/2045","EXPIRES",""
"Greenport","75468","366","364","Elliot Kohanbash","","","Option 1","","01/31/2029","CGI","","","","","","03/01/2045","07/01/2045","OCAF",""
"Nottingham Towers","90113","165","156","Mike McKee","","","Option 1","","05/31/2044","Navigate Affordable Housing Partners","","","","","01/01/2045","03/01/2045","07/01/2045","EXPIRES",""
"Terrific Tenements","75475","88","88","Elliot Kohanbash","","","Option 1","","07/01/2045","CGI","","","","","01/01/2045","03/01/2045","07/01/2045","EXPIRES",""
"Federation Plaza","90062","124","123","Elliot Kohanbash","","","Option 1","","07/31/2045","CGI","","","","","01/31/2045","04/01/2045","07/31/2045","EXPIRES",""
"Augustana Homes","75499","186","180","Mike McKee","","","Option 1","","06/17/2033","Navigate Affordable Housing Partners","","","","","03/01/2045","06/01/2045","09/01/2045","RCS",""
"River Run","75486","141","140","Mike McKee","","","Option 4","","04/01/2032","Navigate Affordable Housing Partners","","","","","03/01/2045","06/01/2045","09/01/2045","EXPIRES",""
"Somers Point Apartments","75578","225","224","Elliot Kohanbash","","","Option 1","","08/31/2045","NJHMFA","","","","","09/01/2042","05/01/2045","09/01/2045","EXPIRES",""
"South Shore Apartments","7962079615","446","446","Mike McKee","","","Option 1","","06/30/2043","National Housing Compliance","","","","","03/01/2045","04/01/2045","09/01/2045","EXPIRES",""
"New Baltimore Place","79616","101","100","Mike McKee","","","Option 1","","05/31/2043","MSHDA","","","","","","06/01/2045","10/01/2045","OCAF",""
"Hoffman Homes","90073","81","81","Mike McKee","","","Option 1","","01/01/2046","North Carolina Housing Finance Agency","","","","","07/01/2045","09/01/2045","01/01/2046","EXPIRES",""
"Tamarack","90100","100","100","Mike McKee","","","Option 1","","12/31/2046","MSHDA","","","","","","08/01/2045","01/01/2046","EXPIRES",""
"Clifford House","75577","101","100","Mike McKee","","","Option 1","","08/31/2042","Navigate Affordable Housing Partners","","","","","08/01/2045","11/01/2045","02/01/2046","EXPIRES",""
"Greenport","75468","366","364","Elliot Kohanbash","","","Option 1","","01/31/2029","CGI","","","","","","03/01/2046","07/01/2046","EXPIRES",""
"New Baltimore Place","79616","101","100","Mike McKee","","","Option 1","","05/31/2043","MSHDA","","","","","","06/01/2046","10/01/2046","EXPIRES",""